:START_ID,:END_ID,:TYPE,ltype:INT64,time:INT64,payload:STRING
0,300,LINK,1,43347167,h1cnyjqfv3y73fwjz7510vetdnneao86hxi8ehtvvmx2ai5ybjanlhvvd8yb6efa
0,495,LINK,4,896208894,24gmga5avtnqv0grgv2sbg3h27ywwbl0zons6w4vcmasr9a4zecx3czerd5rzj4e
0,659,LINK,5,299777007,42j7ogof4zz0yfp9y45uvuiojy4wjgmzv58ve9fw63vq8v1cwyrqlbbyut7kth10
0,919,LINK,1,986239989,rzduhilqckjaxvwjany2nnjnjgipdh3r8oey1pcoq8kdcqv78pdn1gnqfzx4kpxu
1,16,LINK,6,519555795,yqae8ltc0891z33hcls3lbhs8mze3gjr5byeldvoao2li9pmy76i4rdj2l584fd1
1,403,LINK,2,508153383,39skksbioghqn7tn3t0uf5iu065hrmr38ibgafduqou4e6fk6dfltodxkzzecveu
1,822,LINK,2,127543926,rj545t9qzs91c61dx7der7r8sunzkk6oqsq4iuvco31ndqkrv5gcae3nzcmk5k7x
1,987,LINK,10,355139665,pjp37btlje9ng4z30hz2ok5z9039awcbqdbq4zqkrcl94xms4krbm2c825xquf7e
2,647,LINK,6,453180229,3xrl0iv17nzk99fmhymdywbokkv8upji5a2t7htqou5t3vrcz3lh16aibfdj7irp
3,133,LINK,7,371962594,l24duxabjmbqqcrc2iolipfblov5r3tcxnc6xi5v4s5qlsem6l0gh5ow69ixra4r
4,359,LINK,9,261464578,bpql4b0wghr3uq0lievdhtuwnzegcrp0ndi3xi7nih2cjhnj9nstth3ghgfs2tq2
5,228,LINK,2,841138945,kcfp9dpv8itlpgsznxgaj98ycfrknmkklmclquoq8kz55833ojrz1ec7l9nxi42g
6,50,LINK,5,831701157,7nrytfa2i16r28h3357cy9a5ishffy5dwxv9pylco8hozdixjh1quebwcrw1834k
6,268,LINK,7,491680464,s5sss8wye67lg88lg5rz17j90ve6uk93rkyzg5jigp20a8i5do3t8llq7j0gsmds
6,856,LINK,7,217741717,tq7jy0yc3eu4g44pwwstxbtk3n8ehlm2z7bywqgngmsgbswzjma7ckni8qw2126a
7,205,LINK,4,893611183,jp05xnwst8cs9pmdi7r668cegzz0qfjldcf12m81oi70fi730h38e451262u27uk
7,232,LINK,6,600163180,9b1ao1uf4phpznhl1wt5pelztl6zblimm1bf5hqeg3oe9li5ltdybbaurttu92a1
7,264,LINK,2,559676524,8904cdozdp13zbx77l32l4ttfu8smk088pg461fee0ishs9u4tnx2ssv6hfdm05v
7,410,LINK,6,243550641,rhbpqouqrdu4wldirh5jh2av4siqbd14ndwh3fln0v7p85rp4uzqazltpbj02xeo
7,470,LINK,5,887439697,sko0h00vlqfsnywi3gewht3z4ayg0zli1l66nytw4jm0ci88ry32es8ejicqldh2
7,690,LINK,10,791926955,tuekd3xnchi2mss4hdzh4ca6ektsu4a284gtck9b8gogogwx1dc13r9brzdyzp9i
7,985,LINK,10,560800509,smkh85df0dqcpg34y89rutneh36jjgw1due2zmsievmbjlx5i5crogzxyedunz1c
8,158,LINK,5,599444645,acg4ukk7hxl9plrh23mx6uzt10uhuj29daounxr6xvxk8cgqqtelop9nuww4i46e
9,345,LINK,1,635820125,m3mz8yjl87lgo2uw8pyrgcjmf3o38rqqymwsrf438m6zj0c5sr4hq4ss747qg1vf
9,708,LINK,9,420682947,dg7llbe8uaasim9zygvmmf5mdthiqrulwm5rjcp0z4xw5txsfl9imi22wxj56xy3
10,578,LINK,10,254900564,i94viijy1fj13nxk8xvgn10rlc8pc1iqhwu5ten2k521a5kfpn8keswhsa4ht5iy
11,711,LINK,9,65580687,q8bak1q0l184fqk42y2bkbspvjvvzw4wp52qhifs4oo5jb3pkv7bjnjdnmy7yrev
12,8,LINK,8,352013619,nczsfuhfwt0amrlrjpu4byjo4ehghy3hakzgm69poln3uwstarqxcu3z1r9473n7
12,24,LINK,8,923348655,y55cj4qbkkzj81ouxd4jritqjcoor1y62ah3xak9xvkb341tpbn3ovim7vihig35
12,53,LINK,1,843293155,eplr5ovsfi617xto6l3sms1r0nk105zjj5uasxosp799pdcc7hhvlegp4p8rjz1o
12,98,LINK,8,421837413,qsk5ge6by235qbiyzk6gtnc64ukt0ze4a4eqihaqtas48bnk65mn8xcpwp1j636i
12,109,LINK,7,747924050,6jd9k5x9zmyr06lp8zp3zz9j21qb440koscp795wueskw8re6nko41pe2n9ulqmn
12,115,LINK,8,764719106,3a30q232uwlo31bsk0fuyxcir7lf1a4agf1qtc12fbqe7wg3svss5p3oybuzeoq7
12,168,LINK,9,708770660,j8rr71rb54vd5lhsd90t0e5dedyjfujtemhm35zcp6ewdqybyw5878wlfyv1we5u
12,215,LINK,4,114967148,gavbf1ryceo47s0kw0k6a8gp3nw76xl5stxdumod0v0ckv77jpg8f3229ygif15q
12,242,LINK,4,992038838,8md951lq94ocpnhj3umrqokkurjytzh8nqh0lbvi3tad79ck4gv0pvxqd0v9xx0n
12,272,LINK,4,221450845,g737309c2f9t9xaunon5donuixs4i25k4lqp359zmyvdwe9tp00ow5qiadl9363a
12,294,LINK,1,485648160,k101qhej9iihbpes7d4jvbiv9n8x242hl63dwoqigsg0y5ont89esl9i0gslyit5
12,356,LINK,4,884373831,77qrh9v7209o43i6awmjm4n4fzuf82ekiqlvuwmoph2ixpdvpay66oglm14shqd5
12,371,LINK,3,890173439,dm3qbg9t1zvyopo5ky9bwisbrlul6sma10uqbue96fgv49l3baor6edpwofpkkwz
12,429,LINK,3,672188287,cehfgn9iisa9ioc35wsmgalychxeyhe44tgzusncs9l6j1q9hne4dxx6077is9os
12,459,LINK,1,689014665,ot4tbhitsqlojyg9ftfkwpv8yrknuaecpfrsruonz1r74zejyja6rcy4tnf7t6km
12,463,LINK,1,252423262,2cua79jjqtpwmycy38jyz2vnuwausqvxldftyxoboo19ich9tpa012gg6boq7dgi
12,489,LINK,5,976369,ntd7stbem4v74ou8anef6ihwxoa7cqmsj9kyho4t1exvm4g57uaxb0z9j35d7oob
12,543,LINK,1,326572441,lidznbdv2ergvf51e1xbxwor85qmxt1vdhxe61nnxml5pu3yjy078jdh64wo8tzn
12,575,LINK,6,861569806,zva4pcfdlkmj8rpt3yi5e0hlj7mb3wg29rsrrjsi7jko0a90lds8tgdimvv8qem6
12,619,LINK,1,290128903,f51wxs3sl26p7aba6gubcr1j5nogc52w1tey9rthto5qaqsoqi6a4sjujm0853kb
12,624,LINK,2,567276770,oxny4wrytehrq68hvdy1y4cykynybhkwnh5xw1os5v9p104l2aahffgy2w4nwhzg
12,625,LINK,8,363851385,1iu1yi3ulubtpd4v5oehr2vunxswziku0l1bf2ly98r78038bl2up0pifnlydyeq
12,672,LINK,7,12324638,ycc2r5ovmunso9ycgfi1koorr6b4e8383za0dumnpzkayhztrf5ig55reddzrjov
12,675,LINK,3,670010898,ooess03el3y33y5gwsjvql8vx6fsj5qsrdfvinfpu1z2m32f2qmkuh3vu559xs8f
12,694,LINK,4,367238640,32d50d3ch4kmfmakr6vrp61w9uqb1ne46n6m1gxoon6rwef4t8l4d71v0041s4g3
12,696,LINK,8,337146944,sx9ksa98b9vk9og3cnbx3fhqueokrbyw7dol10ufmpxrihzqu7dwstnyne4ysgjb
12,710,LINK,10,964703831,osn262d5fb6gej4lo5ubcybj5hd7jbb73fvfr4riihjtcsgrfthd6ret42bmyk86
12,870,LINK,9,657265535,m7g0jmdo7uqhdt0cv4j8mzbujrxkyoqkzk0c8cwem65qps0tze8mlhlyq73nxsgf
12,903,LINK,4,263716729,7wvm8ngd0jp6es32n4a9wmrcxdhn0btz4vgp2mtop6yn6b47ujagtl9vck0m5fm9
12,905,LINK,8,45531299,71wt7ji526fft3lf5mcr8qnpa5wh5sx2eilfxy88woqmtq572nj5rdvjch2o7uxn
12,925,LINK,3,15297460,uqinr0mtvqxf2ow8yylxgvefr5rqdaosc7yc8itirx7gl6p359127jwiwezwbw7y
12,991,LINK,9,257729387,42wmtbk2680tipph2mqztdmkkjq2lya1hhx4hy9g7vyjee6c7mtcn0b4v76msqtu
12,997,LINK,3,577815991,ofrhku2l6i1tnp8ex4fm2k54p1wlgjcg3jpyz92bswx2copweb0w5xho43n9o64k
13,118,LINK,10,518463910,k7v746tyo398wc71r8z8z3370vrzpcb8oynhpf8av6d8wwpl73tmkjxpfok39vu1
13,154,LINK,6,905160469,wn7ih23917o8nt4ujnz5ath31wr0bbjabbmo268h6gg63833p5uj0jmi9odlk2nk
13,345,LINK,8,728805164,yg8l0ujb8y5zq139h5opia9ra8hjx7sbd3nqpftkmz8gdef8w3fz74m7qn2vwv0u
14,579,LINK,1,370994706,25gbpo6oq99z2hsmmzumrmril26rmgtphvftm8o80h5mo9n1j5wpub927x24gcfb
15,924,LINK,1,159503942,a5dawub3nlucigfl4df6gcjqqrj71o39l4zlh179nx1tulg7y96ho1xlks6j35w0
16,3,LINK,8,219382084,a9y2pxycc5ebov05wmgux9bqbtrdpryn37vkoow877znag7vdvtbt4pqfz2e8roh
16,37,LINK,5,874020032,pzvaxf0zo4r3dvngqmw9yer6trkdx5v6yvqmtbhru5cwq5yiu0fflt1ujxx9ii33
16,294,LINK,9,253215293,nqv6ekmd3mvcrvlmzmeeq9xee6yjipj6e9clz6bpje66zhitzjnibw7h4vjv3gjv
16,561,LINK,5,632667107,0osivryothk54h1srza3py4olqxr23bm40yp11unbvajpuuj0z08hmnbbxz1capv
17,397,LINK,6,592217061,mjeu39ixab45xchhbfuefz0uu8y891sj5zipckuvg84m56diams0l0a6y76xvjjh
18,485,LINK,4,993066752,w7msx89axi6a2cvy178krl6t1u7r9ftjjmfrhvfnue7m0dpzvw2ru6zqcdkcbqmi
19,374,LINK,6,557596730,ls5kew2dgwt082b76htmpk13npwt3zmk6rf3nq1yz024vp5lnxg9mtmpfmrzvapv
19,781,LINK,10,464614230,52t5y6d7ujfgdbj1y6jm1d86cba8zs6kozneulaadmmahmsyo6g0ig4in0aekcwk
19,801,LINK,4,672492456,l62s4lyzjjjxqby6vg0wxxzevt77bl8y5awuxlda7cgl5p6318xomeyx1s877hx8
19,831,LINK,8,744981740,zjxgr78qcw32lvcafu6mdk6xdwckg1gya19ugz83rlm9b8d00f8mv7h8wkkymmbj
20,607,LINK,8,711406584,9s34osuyodxpwvpz8cds5goglgzzjao22lujphe1xttxy2evrp24vps5vrmiqbci
21,56,LINK,4,864775289,i857rltm3c1wikg99w09i5e7z1j2tm3dp1gd7b1kxobwfe69l8yfwlhg2ae32bq3
21,210,LINK,5,881931493,cj0r1g1z2mz0tj4o2tsmeyb85ubohzbxk9ihskx5zk4d7x89bs6c0b8fxwyajkta
21,211,LINK,9,847636846,7j8lrn69vb1ja9gl8o7yi30rtx6u5uie3t99z7spux9uu1xlvw842idl9lgv0w02
21,324,LINK,6,170246190,b5ti73malkg4zg5y4qoi1p2i6s3coiypoygybkxk9xsnkib0b1yc9gcg1w8j15dt
21,479,LINK,10,347552067,7pthpygx0g6amttmkslh2ahbzm0b6u6qz86a0ad1q49secuduwylxfocsmabawch
21,779,LINK,7,29555788,i1ghr2n6fvnzu6aifv2zhyx0tlno9kbjj3b3wp7ak8gsd5w2gbaghexlam2nf7n6
21,795,LINK,3,443319697,jod3ums0hxhsh71zr99d8hhxnuuu03hc0dubsbia0c2wt6uxk1y52b76gcbrfoxe
21,860,LINK,5,652045960,l793y8bq6ikrjr039xjkk5nlo7clpr56ktc7mu9d1pe4xu47jjk01v9295rf9ich
22,300,LINK,10,456676589,56h24zk997v7gdfqiqxs6j00wce4gj1wrdqbzny6c8293idtm22yb75gdhhf3d0k
23,296,LINK,10,138030480,zm2da1ma2mzjl4gkpvybvr58z1z6swsr6fxwfeovsc2ldqg5xcnt5ov3ioggcpgp
23,554,LINK,8,635763791,kl2bzkuwq3we3tn2n37f19sbvfomqff8qvbl4o93u53q6ts0iafbkphu81vfpkpk
23,915,LINK,4,826197918,ngfrikhgat7c45yyd8bxm8kqkjd48k7jasntkms48yy1teiq60qw0tsb3cvi765f
24,645,LINK,7,982566834,5yavrslcbz143ysoh81abpx5lorf7kacihn70ely9rm5xyrajzwopdmenoafwwj9
25,299,LINK,8,459047985,sxze1d2ugc33tbbmx786l5fo43ucnfhy2s0tk47y3evoyz3sag7h0ux5gdzjwu6p
26,67,LINK,2,699311302,ke4jgltqt2r4royh67ku7alu6v49omk7c2i4qho11874qvzghpkkocpify1x29v1
27,846,LINK,9,119177759,hqdmjrcbsg9z1phy3t9s1mlswbi7r82bnatd9t8e95gh4fifb5rje64zw100lyp8
28,328,LINK,2,659589674,xoqct5sdqo3za1ixfe956rm40jxghymnatxnt9ylulf07ef5pav4kys2p2rlmtkp
29,612,LINK,3,488886935,xfvpaxbrk1gkw6660u76bmwgpow18vn6ft5ygv7na32lk09zbjjubfo7np9yj8tn
30,183,LINK,2,496631033,2uj3j17sw6tsq6bs6nu02m8cfcmam50mtq47ads5656somy095m7wpzxwbv2lx9r
31,123,LINK,2,258307726,r0b3933cms2gb48b2pn8aa19x9m3pk0bl24v6mow4h3cthdfkjrs2ok04hjbp68d
31,528,LINK,7,282073089,ce557ndwhu5n5dwar9e35ba4mq0qryx9cahzu2p94934rujhmx8157ezk72f5gsg
31,655,LINK,9,897159929,vxg1u1wn69eq5g2nj29v3mlwd9r04ldtqy0k5exsp1kpx6g3f2x185qo9m6wstsn
32,143,LINK,8,958279214,bf8q4nscltjsqgadpiov99nnyd62ezcgy2aj3bc1xzi1iu2aopxh0wegsdmheszi
32,482,LINK,7,697455941,wv87hgp5u1bzzwtrn09pfh8g9y5jwathahdkykehh7m4orjactmkwtqy73x8v2r2
32,484,LINK,8,924786168,iievxxnrlujbi13zu1crzp3c3ahi3ykmtlqvwlqvtbp7rkfjlq52grbzbl4h7vot
32,488,LINK,2,747175189,7bksxezo6cuhz9sqv6ftahdmci3ioz0p5ypcofbk0mppb5p54brbi5jfjs8wncl3
32,679,LINK,1,874475686,dzr9gmj6j92w3q62eybihzqffneb7npd0vhl795yq91orexq8dnjj8562zg20o7v
32,781,LINK,1,29216353,w1bazxnp54o93nf9p9kgfk993ocbhz0nr9gtgor72xiig7j8v6wyp9ezp4p53tft
32,834,LINK,10,277483060,d039o1ao94f2ucsl7fvnjhxbpili80oojzjiar2j59o27la97dvcpdeuewv4lhsp
32,918,LINK,8,555676100,21o31l7jj7se9hn7iz8irkhnhjs5lnsk0uvryvlyhsikgawwjjkdlgcn82hww6ly
33,912,LINK,1,528530942,2zfg5f2cqmgnjkpt5qx25j8i09sr9qh1o57ur13a8auq6e82yfjx7a4rld41nl0a
34,269,LINK,1,144637039,58xsf774kzapbqa6wh04p5imt0ntica29o0qsaezo5j0lgehcpbe0n6le5u7yzsk
35,919,LINK,4,807551178,l6exytjo4ijp1vfs0vzkxj53a46nj4xq3p8rh56hklmocv0d5zrukp2k6cjbsiu3
35,930,LINK,4,993145229,iy8h58dkj1rxnd36nknh5i8jk2nddtdu7usdokmmy1zajgy04pw150xnyhhfig18
36,193,LINK,2,534095210,5rnkaavbnvrshbuge3qpr9jr3jw4nsozp2xpa06iuys0l5363f8j31hl125zqw2v
36,765,LINK,2,100487456,nfjd32ysu3zam7epw4cp7k4jx0fqt9epizefi092pb4jz1yxzddaw7u0bc0v8ivk
36,949,LINK,4,253557849,gztf82d7jjv75823nh635laugmepnna0cawczfcm9qqtg0cu214mbw8agio6y99w
37,461,LINK,3,196480649,ig1jdx4ukkt5739m6po0vpfqo6wimo03fyaqhtslqa8q1y929jyr0ousf4jxcyjw
38,66,LINK,1,596059614,nf0x2brjw3bfw7qzaodgd1emyi1xcgoxu9plberk3svancyyrj1xmft1pwm342fy
38,339,LINK,10,294325320,e92s2nv3t6lqdzg64g4qqfluoi4ivspy4dfbqe5ar1eqacrki0p3uog52b9lnki8
38,373,LINK,7,873203009,97pp32ohe3y0hktd37myq1kzwah147n6fa4mswpnoue47r9enwxchni4njs5rqvt
38,783,LINK,6,503697452,zgfzurm4pzp8f0h1i63vxsuxk8544epd57rqfayh0k3j5ja0jt1kpx8o6fhd55fo
38,894,LINK,3,695426141,q4dfzg2ph8xx8s3x3u3isv3sb22lfw9eabcep7otjushw6pgy2x7k12yzct2y4f1
39,253,LINK,8,44462110,92qwnu9i9y4ua47ctz8fzcbsdgvlsyiezt0tiwflosbap7fg8kh82yooee5qunp9
39,315,LINK,2,183594066,yyuah4j6ifgxm1ntojqocay1b6t6t2yl6n8630gxc8909mgvozgtm7kgkvycsjhe
39,319,LINK,8,487487288,5s0y4x6abpifik8td3bwcbmjidxfkql19efvjnnvgnmevw7d9hkpyg2gbg07soru
40,253,LINK,5,142917823,ye0zx1ctfacn715vazlodtg7hmqeg5e5jk4vt0cggj4t8jl0v6avewacb50vpdtk
41,962,LINK,5,882463375,bf2jky1yaj2itapbpszrgkuhc7nvx1e5tjeu2xfxjh2o23pqn6w1f9i3v0xyo42r
42,296,LINK,7,490448594,rhlsadddajcyx0rz40bslv82tm1qt16jr6n7ih6pk2pj9bo118vuvkuu3nrlbjzp
43,126,LINK,5,35313560,dl3dtuhqm8g2uf94zllsvvosml1cq72d7q1qd4k513529yubu6vulw3i6z7bll6e
44,752,LINK,5,55463444,1uo4qw99xlb59bahxq5kb1ofiblnz6xakef2fuoi4ea47z30jb0xkzlbk4dxvnx7
45,892,LINK,3,176978584,f2xui3axjv21anprk0k2qn1c3kt9zu2eu2m93fl1k1bout1252k8fx1fve8m180n
46,670,LINK,4,812506937,8fz8mou6edqbdgh3eb01npmm8xe7m84gmfljeygoa6sxzc4hleik75uk8kuyzpwx
47,715,LINK,1,631700912,t649yyk453c3luwbkbo4g50ww1nh2yzu7yt5q7r4z900ph0imq6ripnwyoyvmzkg
48,119,LINK,7,280751567,kf4ri97yj59mrbndigyvz3yclbe0dp3dztcteczihg1q38kjvm1tygji5jdf332p
48,169,LINK,8,657203295,jhsa4jeksk9e56k0rl4sjx4jcrvsh1e61w84l0io01ego8zmdlkemu7c0gsw2jk9
48,251,LINK,5,879524215,uyxqwcd32pgjfmeujr4z31qevny9nguawqmsj1f7zmlx1j9xkf8szsrtlaexzf7i
48,972,LINK,3,273154254,cro90kyva27z3pm1cb6aeoe1e9gtzrkw4u0w4e3o6iqr7ej2hy6pq1uv7zcowm63
49,232,LINK,2,52588905,p8xugt19t5dfvmiq524fz6rxk6jpw8r87ri1na7e2m4xwigteh3f1yljwd0oz8hy
49,471,LINK,5,438930301,ygkpr4vfs7pe0m1nbbd3mp17ai25my161z1u45ly5xl7714m1rd41y521zt291pq
49,565,LINK,5,957262981,w5v7zy6u0a4fccfo5s204upzydftflenvlppjhnisnfap4coxbxyisj3ti2caw61
49,651,LINK,1,655831102,xn4xc21bcvzzrg6yo342mpc1nmzczqtrs9rk0vp8zufxrc5diorghbxrzvyut7u4
49,672,LINK,3,8363504,155o9tcebr9iib50z6f4qnkdulqtpnf9tybev3ndupgsdmw7y3prnvb31xrxxlnu
49,912,LINK,3,296791577,lrpk0dyeork7yrh3oeugxb6c7q21o2sqtx8lluq1godkjcof8sey8mo702t8hhrm
50,144,LINK,5,517450493,oeoudwxm34crl4u6wm25oa3jzwutm1up6s0i36tmplwjcqwdss2829o27f0nsvtt
51,749,LINK,1,755332225,k82d298yyklrvavzmqopdz3wezfo1emrf1mte24v2mditjr3v1nykyecvqej3glu
51,783,LINK,6,252688597,3qgssh9fmjtu5c9xbrf72k30bbiq6s0rjtzjbdoz2y01sbbgquxz6b41rbx5525u
52,571,LINK,2,927691745,elwkbmqqdjxx338vjyksfyetrjzi4cmw19w7gnc44ljejnjga4045a58j8de3jzc
52,982,LINK,2,365820085,vxv8cnqhx19dwfk153imzon64nk87x7wnjf67xxerrhczb93pvnju1koi2knzwof
53,262,LINK,2,23983141,33etvlrdmhqzj2y1fpul1fvgs5zh2lvniztq8s51ylexhmhvqya8gf5utxqm4bv4
54,239,LINK,6,246106662,qky71qmf6s11rh035ycgiyf5kcle59nwhg3s1qhg1n4f8lryua1odv8u40rqwasz
55,886,LINK,10,577789263,fwrep21z2ojbi6860852no4zppdgy59c5beweok8kzs8fr8p4p1hv1jnib0eshti
56,534,LINK,4,861396161,fyz8w44zur9cuuzbw6g96xewcpmrg9mry22ijysjknzw7tp3kpf4u1k8a38pi3vh
57,799,LINK,5,267071656,r3ujto10rk8kro729c0a4bagyhfdo1e3b0b3987b1mdk3wwjr8aj1ssm8l3oatat
58,1,LINK,7,842713488,wuv4qjm8lxv6h5sttlwllesjrdtoci75xzw7snkwgd3o541wdry8wr4do4w9al2d
58,3,LINK,2,374694943,ubrio79on7gbffrf6eicr6mux9qnsqyp2247r62jzzgsg9rn7yla07f2j8lnxtxk
58,9,LINK,4,262922949,tahm5mmeighep87a38nxlvhhwecegdv8wuyewepi5qctw2avbu0qj6buiv80qwov
58,16,LINK,8,314974156,kw37kdc7nhkwhkwd6fmuisctmonbu9vw3e3kio46c5o5zqjqkv3lk7qycj1cju9x
58,21,LINK,2,456569874,tbk08n0a87961c5m79256npx7urnisigcyezj9rsgl0iv8x00nldvymuvcy4thg1
58,32,LINK,5,481531136,c02oa3mtj1i51wfk0twg8id1jgmaxyreuwzs59ziqj1gxdu8ixvlpo9zipvo2c8b
58,36,LINK,8,415096791,zevaq6ohgjqc6ulsucgvdbvc882sobauhycjyrouwudg71c5bys2hy2lj74qlzcw
58,39,LINK,9,520450499,fh49qvzjh55nsamx2gmpsr5vkzsp33jfxw727sizzvlep0i0dl6fstueyj464aq2
58,46,LINK,6,958538906,fy2ayw69u8r3jow4omprpggqfbiozylnryz75ibq6mpm7hp1f5gm80oyf7kxun33
58,53,LINK,2,906200521,rntlkc6koxxbkt213qlwsbef6niby67ggarwkyxlr7vwblia9b49qf9ctvsh958f
58,60,LINK,3,74083837,jbfqpj2380v16ig9gymwi66bk0ahu9c1zxgyjphr6kbcfe7ywf2t83d79ojsp403
58,75,LINK,7,211530524,1nusurf12tv1wo1rj8s6zlcoa0dtogrsq8uwnore0jrqviterbv11xwygz9n2qtb
58,87,LINK,8,475107709,ah3espfu2dxtw38rgcen0g5ma6538832q9qtnlzhk1mceql415ch8dja5q6h0z4k
58,96,LINK,8,763452536,08xn86cdb90yflukechwx0qgzt6y8j3xvfebhzhmctk4osmakiaehchtvx5nuxms
58,109,LINK,1,648923069,66qiduip5lazznu9njc0q95gc6o1oehzx4z703dli3j7o5na06qprwap4n8zora6
58,113,LINK,3,74181251,c0m4onoe6s3uxhv6ktlk36jkxc6xjreh5jb1tmdy2fn18xf8zeyvjsd8qz8oh17y
58,118,LINK,8,469136350,vfj2qpt7kq3uhw4w32e54yfvgw4bhjg6twaulrw2skfvmcub7o21itbiq5535z72
58,148,LINK,4,147050589,44ygopbxj91pv24av52tu08p2q6cvx46btp30jw9ydigqbxgheqihbcsrks6taus
58,151,LINK,1,308258741,4d3xikw3id05274tn4847qkl0aigz6lqwq8v92ugbcxngu2tpim40ub1jm91dr52
58,167,LINK,6,12924842,sstz3752cwul7hjmvizozn4yozsm4m4ubbrri6530qoc2fu67prvxqzg6x6xygci
58,168,LINK,3,916886214,geyjizbp4x4fonyaxehe2cca7vzpcn6jmt0tm24iu5yfidyvdwp8mhu026xxh0wk
58,172,LINK,5,772563349,9iiwupjs7rwn2edu3b8oobk52ay61n565yz6opdd2t623uqw12b033zeo01dso7i
58,175,LINK,1,62360147,432ji76txvc0yhxp0hgn7hz6cinqjzps36zdxg0yiony3k7l4eue3kylfalieb5a
58,187,LINK,4,480784371,3ckwclnli8ihbphh69npjixuijxce6r8sa4j5qk410na9gk7fl8zvpbpbjeeh1ov
58,193,LINK,2,233506560,ohbunufzkrqngq9oicgpwwv3ymsbzd5fwft0ad6m3twx8t1g2wornfrfdtjwd8et
58,204,LINK,3,792833433,fc3dxqtcq1giqh5nkk9n8fv5jpc6637q9kz8wyy45pltmpcm1puk1jb0ddfp4nm2
58,223,LINK,8,435632610,vxn3py0biigy6e3g0ml23qe99q5e32jt57c1qsau8gvv4lq2m0ta0v3v55tbg8x1
58,247,LINK,10,311861109,t6cqll7caxolc4k68nxa0f10r2f9k1grz8s6tu5q4g39um6ik0g1ni949n4xi6c8
58,249,LINK,9,646313347,as2uu3wow69d98kjayu02nasgw4qw4pboo8y4zs41keexyqfbg3jtbyatkx6kjwb
58,264,LINK,5,319694070,pwngd04qwbpbm05hu1vayxe80vvdvtopqibkjbjc7njw8rux9uw52k2lmzq5olq9
58,265,LINK,6,583553163,s8sorw6iyi84h12f3tj587k10v2xzaxzbou7l67wa4uszqzoa85821zjb9089flq
58,270,LINK,2,339997708,xnzjdhrieeftyobd3dcgenu76y94u2lyi857n5vlppj4jrfnk9zdw25aqkhj44cz
58,275,LINK,7,828438413,3ga19taf5grqb19ysainhdfc5umfbes5vj7z0wpwzqhaoxtmgweseysfeinoy870
58,280,LINK,2,990342330,4yt11bx5b9mtvv0ae71zwqrjj277m0yn8lfyzupvb21xzodeacc9ivbf17ikii41
58,287,LINK,1,863738829,9nn8seoayp6s0g3up95udvkuf8zav30tt65bhp035zlbeyjzqji9n2ghf78yqw13
58,289,LINK,10,284048675,7wp8sag6fxj3a1g7t6sqtp0rkbyw1arkuefadxkbhitq1q4dqzz8z9knogt0svac
58,304,LINK,1,598548471,utzrjk9ww3htlcgmp533iip1gpitrjqczm963xa6v6qampthm10o7pfhgucstzhs
58,312,LINK,6,586761282,urjn2lfe7ku9wybj6bgwdtq5p9cacxiena7s4j1996fiacfq4fglulvzkkjwgpyx
58,315,LINK,4,8104405,fq2u4pm2qqhzcv38djn6fblg2wwl98z8qqrpkzeoi10hvgj45njhmh44gmi38426
58,326,LINK,7,20361543,mvhzn3s5c45w884c4wrnertxi3syqvnt5rg6ec4nwpmjtgufg7aw2q4o78ax3nxf
58,352,LINK,4,393864979,zkai8mk7mko1xeg37nh6hnsvjz3y77en07idi6dl6602sed3qr8vihpcjye0qsbz
58,355,LINK,7,144309034,54x4vq9p78g1kyujmkwc0qpxc051b37tvayo31dspvsaabhxd77kr9teamv3kft8
58,362,LINK,10,408813066,7p1pbwagodv5e5yj8nemuygl7oowp13zdcla7wh1st47f2bic8z1fmr9g45x1qo1
58,365,LINK,7,969642427,d8xx8c79le00c7avybwr1pmykmete8qwlmrrnf5hqc1tzsy26ysy0z6ssll5kjwv
58,384,LINK,5,858374831,2429fsro7sc9kzxaf3wsw6wu91j788tkaayiu6myfscdfs1mw4arflp801qk0nbu
58,386,LINK,10,346554719,k6w1jl1qx1gly17gjhm28zhb5797ddeo6p9duxt7kvhpzwaq4bk5r71a0hdywqfg
58,392,LINK,8,765277557,91q5vdqpi36c8tch2lglwqbhhghr8w8iof3ff5bin4sc6w8kp0yqgu3yldd0rasv
58,396,LINK,7,364437786,jbngc4l6cegt28susk6hhet3rhu2k54nfj382mo1ea9fh9q1ku6iyctdahzazx0w
58,409,LINK,10,125602561,u0vypqox12ekdhwqi3il9isepfulf5v4urz9tltrjsffirqn7nraoz30c5kpvnd8
58,410,LINK,3,273368335,0i3ovgq44jdsrn1fshib2cdko6jgj88g98bdmf42sz87pldduo2nkrqfcsx8ab5t
58,415,LINK,7,631005925,s5cb73q3ve8c49z5s1flc3gurzsldwe0jg7mbal1ishcf4l2hxnlypt0w017nylb
58,436,LINK,2,828269499,4r2w6bhgnhhfreihiexdxxvp5hc3258bbiv1rzbup67cawa4e3vcajcdbi2d4npj
58,438,LINK,2,115497831,t7xr6yapqve65ot6ok12fkc677s4n2fy7bkcp82b48nlhoczmnuqdcnxy5x4uqrv
58,440,LINK,2,636300123,8v0l8hw2rijnlg0k9ei7l0933jbf1iqhpli4a8ixkwokr80rn73dzf90rpvvg79z
58,457,LINK,2,698260376,rw7mmtq3z4so3k0su9kublwqxplyp709169k76p2vfpnzynersy248z1szz6bt3i
58,462,LINK,5,258403137,lj1pcjadc3a17iknav3l587kxiync2fg4zqjgzkl0ozof8qlz0txkgqv0e4v9h6l
58,463,LINK,5,741777130,z06dnafdu5uwzvri6p0dx9d0bwrdgr3f5yd4e4e43be3hbk3yeli4e07rw7fms1h
58,466,LINK,7,7705486,86rxhau0j3dvgqw23s9p75ahq19dszvouwr10bnuvv15qesxdbhz6gsda4w20e8m
58,471,LINK,1,32409795,5tvp0z81m8x45bdhpz4nfq96e3hwiocdm9bi4relxrzpwfix713qh8bn0a2zczr0
58,473,LINK,8,38950320,fhwguutys6kn7vrt2cnwvz3r65lfjsu8nj8ezbeja341h8i61h13he8144a8z0ne
58,475,LINK,1,470073267,f1a0kk5w3apwilqjsfrdi7hnnickrh0d7imyzpx5qn4b3mixuobp7iziigiizb61
58,494,LINK,5,182160459,ltajx19gh2meiba0fdumbfxgyy42pvwtnscgtgfdzcwxvsx1pwf5xhyty4j7ywc5
58,497,LINK,5,259223553,zfkd9vvebsjtxexrnfsg5uj2b3fyyebxd4wph6aoge4cc3ch6od7gkl9ibi83kzv
58,510,LINK,8,932322395,reepo5ggzr6esk64r61ktl3nbhh0m779mmwj6ckwz3n5627i8vtqh1975u824utz
58,513,LINK,8,416479363,bqvv56diss8v6f5026rz2aqvhxg2ayn5a31ymcit1jbo91b40fh4d13kzrz9yb7h
58,514,LINK,6,939933481,5fpxe5c7bpxpz0ohzmz9awjuwo6xynoci0n4liqhkd808jwkjwfd7sutqn3w90cu
58,515,LINK,4,838618921,cu6fw6vnb16kbauqsvjr1idazuxtorr3uqm3s083kca8xchoix8g0rnfj7uhatzi
58,528,LINK,10,837830214,nywky2zyqczie128kerlvhxzyq3plyjv7s5aqq37q790ytc0q34cf464fodnj2su
58,532,LINK,6,590901399,v63qnjfsuxojfzo0rdww1b0y56l1idjgt4r6w41ewc0aztqvmczudoe5st260hsr
58,553,LINK,8,806104902,wyr9b1xoopxse0prflroufkllfh2ux45vtzsccv48bkne3ss5wvmcvph3mam4x4w
58,560,LINK,4,102853052,o9j59l6p0tdu19qnwsohm6ganrvdscsmnqxfzxlm09t401okaogvbo7sl369b4h7
58,566,LINK,3,938566328,youfwpo0lpa42eds0nh3f5jdu83ua6nr6ygspw5drcl97czmjf2dz21ys4xhuv64
58,576,LINK,5,482498615,cuqut8gbjqvj75gmiz06zveof70hurswr02nvurd9ifstajthqm3hzsfazquswyn
58,582,LINK,5,270956317,rbtcnfl8ta39m5pffo3l0t3zrn29gww9s4ul8sbtan1ce8wgg66m39exlqj9718o
58,597,LINK,2,971989743,cgaq0fda9bnfagnzd91verezo0y6oue7qbdqomz5pl3e5l6ojar7fqzgsdpqwpoq
58,642,LINK,10,109314199,bg8sulv2xx1q6lr4cta83cbdofgr80t95kosx8jbacg9zb3xcugsl6w81cnj6utv
58,663,LINK,3,891864660,br0dtkg167z50hph5v6xrdorh0n8bub5me64tr288e7m5v5fgxt2dqni0psl4lnk
58,664,LINK,4,878688913,5i1xtuitxvlumuayntv0kbjmqoo5yz7ic7vffp0vd29l69d1vanu3ybyswbm23m4
58,668,LINK,3,332960975,0h1bb23thjwlczciszxert3pmi9iwma6aipl81bgox28i78vb251zdep1w7srok5
58,676,LINK,4,448869518,gwk3fz6b3yrr6z4ybexcrikt356gdfqxnqw3ynk6wamqaag9wx6t65vkzrmieo0w
58,705,LINK,6,897534103,hi9r5ppiwykduywmpjl9nfez58aoe2mkedjt2lw7w6mgs7k90rl5womysvfd3l4p
58,710,LINK,9,76569466,7k3ww5w02pf8q7kgp5xjc862y3w86pg8vyxdqxrom8xpx5pupi81m2fcitgjq5rm
58,729,LINK,5,206434401,azvpdgaaya2z8ch1j62nmv528u1vzawl9jtet36jnnufiqrg87vsgb75sr5rcdt6
58,730,LINK,6,105415014,tnods0ykgffm6miu0jtzzrw7q9nex4asu3w1rj393nwz1lbtbllpy4790svp7q9p
58,734,LINK,8,200495486,egu1rfhpgdv00tzrov8x5d8jgnsxl1wjws1ylq62tiwpbil6vg034tme18ljypfm
58,758,LINK,10,338524212,2bvscl33oa8brzcy8033uid7sjb4h9yugi0064s77kjcsspw6dh0vdwjp21m9gqu
58,763,LINK,9,138205067,1lv457y2kfukqc5uo6d2yp3scm42lbb5kt1syh5qmm6u6cr5dkibsp7kebpz0nic
58,764,LINK,7,601467196,4al03ap4gs0faakljctbxcx34jmsm8hrb5q6wx36qhzpigirm4rezb2qx16jikln
58,770,LINK,9,38234027,wmpp9xenxddojbd3j0g2jkgd1ewbr95vxncm1jykh5n24h0oqg1w13de54cd6kbh
58,776,LINK,5,119880069,4p0y41n1uwqxjkgzeyofd2k16cgod0obi4oysyzvljmmgqcjhrcc65ucusb25u2n
58,793,LINK,6,158020735,1lgkdk07qa89zhx5t14fgxadklmfi9a9lxfvepd1w7z3zhgijb4uggntrs3zn2tn
58,795,LINK,9,859665306,y7veeesa6kfyx022o5e35mq9pjxf90d1ud1zze2a8n93px1odeebr8vu8i39lfu1
58,798,LINK,6,166531885,6n1ivwkq0eqis3oxlmwhcszajldazlfn6ghp5camci7n0w9vl6qksk5wbfvrxspi
58,807,LINK,6,75597997,7l5ebm9vw0zcqmdc4m0mmx6472dc1rcbj50h0obvku5if81ry1v11xfvfm5rzmau
58,813,LINK,1,635262105,jw53ta15i9yn32vy6oym52czbbud2aank74sh2m2ly9h85xmlo7uuist9nig33zk
58,824,LINK,8,955424566,puojlas4wwyg8iz5n4kwzz354n39fg9z109o7sjaqvm4qihxhdtzd05asb3pjf95
58,853,LINK,7,151945154,nvljy3zr9i44dirltzyg3lx09a0ug78pvyi8hpcfwwmxbf0yhvizdhw0tbp6nfbm
58,858,LINK,1,245682176,tj011zfs1vz7zktektls3me5ap2jcruixj4cvz3sa1oe4cgfnrqn4h16obgkzcnq
58,861,LINK,8,849692225,0qul9b74fhjhz1b8u72rse9x0l09ryrffi4ii2i54ypuok82e8m2ykxgv7j55h6f
58,869,LINK,6,881236686,vwt82i7ynyetc7hckg2ijp9c0mpbgawu2zhuf1skpt55gne2bge1ipv2xuw97r5o
58,891,LINK,5,487353342,3qlu9v2hlu0fbcl6mgs5mfjai4q61izjlc27q2s8an1mooosu540lygal49tjr9v
58,894,LINK,4,665726762,q1okg89059jzl6p3oxb4h7fqfdfosspdm6zt6k6pxiyc3mov62tnri0r30mt2k0z
58,909,LINK,4,671735649,9om78fi5gcc5wvevh34kxxhjsw5t6j43k7t27dgu642qpq8epkxel7skaxu8dk5j
58,916,LINK,6,271321314,q5eqpokdtou73s1003qfc4yxk1ekpqep89v2r07ns6k2kxv0vuz57rk20e26e2xp
58,923,LINK,6,651583233,d4ebu5vrbkmlyn6gopzvfifpq2t8adguzr5ezp540qwg45i1c23gsh8se6yr9gx1
58,924,LINK,2,932796774,yoq4i0mbloqhd4zor52oksw8g1io7ra6d5jhme3fn2gmx7vtmr2mlfstliupiatk
58,932,LINK,1,323237617,05acm94538izd0892r5i3w0ezsldtvxd2phq3ut143uo777rc8qmr2kdy9p9ymdh
58,946,LINK,3,885884851,8jj75w6ph8h990ysj7b1bqpo405ktdftkwh88yyc30q6wlofacko5si53q0g11pq
58,947,LINK,8,203514071,fbqrn9eoyl4lgzb5lftk5ymbyl1fnz548w4lh30qi02l2wapw4zzsen56gjtje1i
58,982,LINK,7,51799707,ifq33ubvv42o80n26xderrx0ffoj69864junbqmjn1wyvvt1lpj742j3wxmc3nv6
58,987,LINK,2,345099606,4dqagggf518f9ek2hciger4l6t97ze4melbjnaown2t4xu2fatt2i50q5072a6qd
58,996,LINK,8,927965473,ykvhjdxztztryofsg3f32oinf1ogrxholdyj5dfyszl0eng81xs153kcsivfdxzs
59,110,LINK,8,56072725,vdbctgd6ig4lss1b0z5qk4l0kuo0eqx51kbqe18cmkkecrsyjj84m80w1i1z0f9u
59,408,LINK,1,943175354,p2puno92jg3a6g86b80texf1srdpexzehdb2q0n72b7ogwptxa5g557vm3g21209
59,568,LINK,7,576759043,5yy0ocfrgg0dgq6oizkkewcwoz9nf3d47rkwxwbh48sezo1dvrc7pa359sr2fi43
59,935,LINK,6,397251582,6lrgpfm2fd3nj7iud2yeevi53ywjkho2s8c8cm7fpz23jhl8dopvnlygi6tfppg3
60,491,LINK,10,435516901,ogv81etms8qfagzolzmza238pbky96ux0sn7x19a4sn0tsx5mjpms1zvf4vavo3f
61,473,LINK,8,681234819,k7j898ifo9pfgi8l8oicnooci7n3uxkgzlzql2spxvi66gybfe9sgi1ogj0xia50
62,570,LINK,10,332797546,xe4t1vvv2jrxzqm7uswhvhqbcmce1bl3w17o8wx0oirh6kdr7x658ol598zlubbh
63,58,LINK,7,334430821,cdkywjdyd26tf311twg09w13iqufa0rlyzjw6502u2jx4j1g09zansvxmya0s526
63,337,LINK,3,263247472,6at5q4n5j9n3vxamyqouafamwsckj0lc88ss0uhfb99c5yyyldqrsk17qjsoxtrx
63,552,LINK,3,677429927,d01dcao7f8o76tmvdputs7pgom0fh6hamugk1hjxgzso13bje2h5d01xsfv7fvfs
63,716,LINK,1,287358178,digl9wut7cjyidm6wdemn72y57p4u9tielwyzbhowrfivsmf87p9s62vex0e4rm9
64,871,LINK,10,664996918,ujizstesfgr734cix1bomqjio38qtzhak0qqt5mgwf97rnfs0k4l3po9t7ebjwnx
65,242,LINK,7,225041018,ybv73kzpq5qpbso6x6gdncvl4oqhqlom3kp6hdqatzfl92dhnn737l0tltdjzd2y
66,399,LINK,9,638300084,vnfnqvcoy5qh37ks5ddam9qyijta4bn5jcxnymjatk8597gsx8k7aug1755vj9e3
66,549,LINK,4,814962482,nnunmavltqj2m598jkakab0d6bqcre6izddls5990m504xbicy2o20doqccvhgbr
66,561,LINK,7,663989549,23h1hb6h3s2tefy5a4vowx8a57rtdh4i3f6yqtw84e0lp93rgwjbftb83szmlog6
66,728,LINK,2,8056224,hbkzjsa38lto53g71gy43jfudm9omg4b8ykcqjsr7tt4msy4qlh3bt0lmxlmbnco
67,54,LINK,7,614968293,bxmo1mt1a7evqpb3tgm7uq0fho832kjjk4qeuju4478g46n93qwqq7lk9sltzofx
68,205,LINK,7,462868196,o4opkat87s1z7gz26o7tm2wi3t9p3c5wz2ng3373aljn4q2cur2fvkmcxsx4dmtx
68,657,LINK,1,522259515,wdmittcsdg4otuk3u6tez3hc313uevkohjm058acqzdqg0bkm84l9q4snc7gtzv4
68,849,LINK,6,207316108,q6q0k8ikh6n913lcr94p1cqp690rz5ctmaq0ip4qj2fioy2r884qek5dvlhx45fd
69,662,LINK,6,669874579,x1wnf5tgyn2fpvt1nhe16u8dmkc74904g6kji433eyb11e8zil7d6ums21exdup1
70,862,LINK,2,416516532,8mpyrgxb5ia899usyfug7wj5vqcd74kyki0i3oiustgijw8zrlma5zjuvl5jh6mc
71,200,LINK,10,561414784,zv834bkmyuccchzcjqk949j0vsrrf9wrovrpeay1dta7zbtmgexh56i788jfqphd
71,356,LINK,10,993728268,qf0k32zm2az8ucoapmevq3rijuthjzeaw0j91pbrvvqwe2fht00y10ut5avafv2e
71,697,LINK,4,53135164,pviclsqtyljm65eyzere306bcq9f1nqrvfh75yo3nfpnxtkpernrrz84vdu6n5uz
72,317,LINK,10,958103865,sxapd1vi8rhgevsvdbjlhjiu90skz0ga7evbvfblnjgg83q2woa6a2s8u24fxn4d
72,397,LINK,1,556951778,uj833fuze97juibe81syg9lbc3nix4ko6cf0rb8cdybnvp1w5flblg9syqalunhi
72,564,LINK,4,879250021,93c261qo4p9qjp7hkdqzsw5wof8c9exfzqate1ofp1qtf2z8tmxirdv532et4blt
72,731,LINK,7,393476862,ue40qsv8somcyexo52rmzfkg7h9bu79tju6instf9an63lkfnb04yn1l2r8rfud5
72,815,LINK,3,390312858,2t3wluf72y1pyvyphp7sphls5wvv8do9h5eu1yzw8f4drfekz080p78sp74blm4z
73,707,LINK,1,208438348,f82awd7nk0e93jir1jgpwh1kt0ekupviy1nqctl1v8h23slhfh3fep9ibtucm7r1
74,990,LINK,8,707008785,n52it4lbbe7sn3ydityh1zv8d5pnbj9ozm1la70z1m55fwgv4l78gvhfas9qxp7j
75,376,LINK,1,116060119,vbt3fbkk6zutr0syvg7fbd9jdp474pbf7o4m59p9at3jz2slvmh60myzwkup1pjc
76,333,LINK,1,140335105,glc4bei6pnzvju59alhhu92yhj58btzprcumvlhdbxwcvdaoiv6kp6uhp9kphu4z
77,484,LINK,1,161268340,u536nz2hyluism22dm3bjzd9z019fciurpsxyumeftpmy3k98azrbwtpno7ibu5k
78,389,LINK,3,40374512,g4h2ueybfiegja6lmq8mguis9ouni8zyjytqpwwg4xf526vo11z64picogpdzkm8
79,367,LINK,9,9719129,yacpiicd420pwizk50s2v4yx2ag5t66z8avkmqwmgcm66l4ixyh7slycxx3v2lqb
79,471,LINK,3,151603532,t4zlxb6sljwvtaevti7r5b2u0jl5kvbg3j6cyhv5bhn3gjfkogwn70ahgfi214us
79,863,LINK,2,671920004,fw3o51f6lhsd33gfe1jrk7cd7zmx2j9stih79scobvsl1j8rkix8d6iumuju30uw
79,871,LINK,7,820492247,3vrkebn66audko585vpui1ppib6f4b9vvgtl4ltkmpjug3wz00qqte4b3ypbk8sr
80,334,LINK,2,438691680,5xlyz0oqvmkonla07f1r7zj907ymlr577diumwh9xbw8wwaa4usbc8wy209ddgbt
81,30,LINK,8,347921232,sv3u7f4veu5mnu3x7uh8x6wigfrvghzo6vncyf0kouiy45ubid19qxp65d4coz6i
81,127,LINK,3,719496236,3w0kwkn5pw292ccf7h4vqbfs3gzptkymdqrwk3ryce7ifbc3v0w8uxehfm6u2b4e
81,307,LINK,10,573009614,t0m98o3406agsozyzg7tpsn1nwdmiwuutqju2mudci52k3v00l0wnfx7kys28vb9
81,414,LINK,5,644543504,2xvz928pj7kk3co42yksa1pll9xpyphhfv0yef4mkk7d7o55z65sfrhptnmcl3q7
81,518,LINK,8,268660372,aqzz116f10vl4ljbleogaffstzkiakjjc9762gifwfrryfa05avryvj9rvghzagb
81,548,LINK,4,574278051,0170n650j5wqcoppmrx2gd273kmalix2c6c6ix2tfems7dbjz74315arneupvj48
81,904,LINK,1,299301660,h0yezwkjbg8jrgmy206kletcpmpdf98f9i4xhy1hh0e464a99ktmtx1uhdxqfs75
82,577,LINK,7,648729488,pi86o088s4vvdzjhr965x8q7rs5jp710q0nzw0284td6vqh7r5lh6y8cxn24t34f
83,151,LINK,10,416456503,hzoctwwfyim611mmrrjktxndi7lx97teti5pn7v4scwutgk67sqxjwjgm6f6o2ef
83,470,LINK,1,941020313,o6a1sxd97ct4uji9d7rb6eb0wlzeemxiepdpsvmtcbli9vr04fxyuy1etptn6k0y
83,552,LINK,1,183889243,4o7i0zhu7fakillut1si14z7q9x0fayar3c9d6ijmhc7gm5wnrc534v3t7hhhh0u
83,660,LINK,5,216483780,dsa82q3ngczj7c3lrunudyrnk5eygigoh2nbdn5bsbmnv5cinnnkcrhwe9pzx12h
84,434,LINK,4,423145388,ikg5b0rb3gvzbngvycrrwjykkvqv0pzpn08dq7z6ljbgih913tuvo2kqzr2yliit
85,304,LINK,5,94422243,lk1660bih3f9h2pv1yf6pjquq1yu9kgmnh6thnwmuk517uo37ui59a4giwzahgxh
85,362,LINK,4,250861838,casmht4x1qezhj46z22ueo9zp8d6291v0dyqcd6e45a2tvyw3cpw98zh9jpk5gz5
85,424,LINK,10,524150490,x6c0u84jd1qwhf8x7r1ic6jdb4it6jtvfemnjfhx5u2vbj2kpn6sae3m2lwkhu4m
85,518,LINK,8,937050302,c59xmqds5sw47j483bymgxqlinwe1tcboqh2cmh778aewt9btfsnxxjfj77862sz
85,744,LINK,5,76162919,tlzffnp3zcb0m6heawafsmrker2uwsbsmz5j6oqo1hxm9s3jxofwz49n4uggla78
85,781,LINK,1,129014533,l7gx2542uki49dnb9mvsnyecmxhxvacuyftzgjpybtths8ohfc0xcazrultwypdz
85,857,LINK,1,101692466,w9umexulc89rf7krpzth6cd67c53v0uu06f248zso4h39cn9bvxpyqtwytzaxe7g
85,993,LINK,3,911946782,zcpod5qeu086s18y2j1s0xxczptf7m918npuvh1ewogjkmnol184mro8avjnk79x
86,550,LINK,2,14675504,va6jw2jl7yxzn77zfzt9rhd92bm03zi5yqftmksdcn8l3r6t93tkbt9t5cj24042
87,955,LINK,2,81817877,051gpu4md3bfjtu6jidz1b11nlgxlxunnvn27d5532yiwkfv5j7pr1nhxgv7mlbs
88,913,LINK,9,277689791,skqll269t25mcf9ovffgtgckka0pe3c8smbuvrhksq0w1m5ld0d5r4jjf2y02wwd
89,35,LINK,3,45188049,2f9cu7958abo6zo0odp61nq6hfa6w3ki0d1siy8xsgmd9s9iqfftq9n7jg77zxr6
89,57,LINK,1,33360585,hsy39ngvj67ufquqx5arb04e1otyqxokkbyh46jq2qlfn3ozzirnezxq6li5z2zx
89,94,LINK,8,217524639,rqxetif1ayofouizqve4b1ay4yx9zfp96c2bnrkadncffuifr8fgt27ps6yeodrn
89,146,LINK,3,275569385,qs9t1s9rqig86tmljzu9e5xtguci2zdml8yx6qe2bqhr3hccapnw7d7r4lag1exj
89,163,LINK,3,430491456,ht2bzhvjun7xngykg7dtunyy194l4ppokvei11189ss5lhr2gcwmr0puov8cxwj9
89,269,LINK,4,371272335,zbf5st4we67lmvm0uuuk9ep9psemk0sifqd50oo8xs2ydruv8r9qsnrpxaohv0si
89,327,LINK,8,103969794,fgwe2tvt8yluyua5qrelg0yjxqzx9hu5fjfeg5aum4wb2m5urepbl69itw0rr1be
89,360,LINK,7,301723404,h1oc999unez0du5893m77peu276oh0vc3oiwwvhigv2rgr9pls5wj4czd4qlq14t
89,394,LINK,5,194964490,dzet3rpxwvsdxpwg9ppu8brn6piq2jc3tbaoj5gzn91ezue2dvjeixi5cuzj7pn0
89,418,LINK,3,641374723,oiht3ekrhx2glva27t63kyq5qsqzsv7yjm1i0usylzwc5kwmeaybo0xhysn19478
89,430,LINK,7,259464347,9tuxibl2zhrbtqclq1vaqxmmyexoys35zwl2jq8r6yecdvfwf9z27we4ohvl5hux
89,465,LINK,6,878429686,p0d9a7vvr3438aufhted41ykxzzacn3uffdo05e0fdpnbrfpr1odpvp4o45q85xv
89,488,LINK,5,755037933,7f2fqugpf8bgaj6590t80s3cwyrvaco4js1olpd8txur71a2z942mzb1lzztm313
89,677,LINK,2,862469888,z96vsz3lfg6fer2yagx6s9hzbdk06jhe50nn25b92k23mgci32niekevy82829q1
89,750,LINK,8,285773013,kuzmleie5yiofylln044l6ni6lbmffzb6lm69ctjkkm43sj6ltipez1pxukhin0o
89,763,LINK,8,774437299,p3z5l23or11zr2qcssotvglugddxc521wbq9qsyp2f0k8sn83pasdce5p6cr230b
89,801,LINK,8,665491979,xx7blv0kx0e060ihw6yym841ev4xbp4bdvp5lbi4jcccj3wfkgfhsugqmomo2yqb
89,876,LINK,6,218107723,b1tvvn8rwv5knass3sidlggt6lma8u1ugxqqr2plvgcukpxkd7od5rtm9o8kjiac
89,954,LINK,3,410356867,dd29eosa9e3vc3z8cwqkvouw3qztwoo8kmgq2qudcpoiw9tje2z2yg27m48po6f1
90,805,LINK,2,968922434,zq7el6teyn25g4r58d72po0cgoerrizcidbepfcslpruawff6a9pbv2j546n9f5d
91,5,LINK,6,693676808,zjc29e37frct020jvfmzvoa14b21b87htugly9nd7ejr2ijbq9ytkth7sxj1nfps
91,22,LINK,9,313450655,p21sc2epp6v7txqnbrgt5ce1gsjnh6nek17rdyynl5b8ytw9kquy7y14hftvg26t
91,41,LINK,1,179889342,w2v355ny666f4jcf5p4b8yo8lqodojopgop4od24vnng88jvi65nd3lhuocwc50y
91,62,LINK,2,572756769,shxpzr4x2cjjpv0gnqg16wolvq9rt1hedav12ggr3upokvzyoptzf6k2wq0y1lyy
91,71,LINK,8,262341075,8fe3m8xyzxlygy6dpogfor144vsp22q26a8tohdcm02nyta44vj5wgwej1dd1r6q
91,86,LINK,3,860335867,5hdq36w2sy11w0uihbhpmaq7hg42pndgj4klh008p0g7wvc3hy6mwmhnfjqlth7d
91,90,LINK,10,835723472,jfs34a1ttw1v7pr7zn3ovl0wnk55108pvhemxbdvdfrst8mp6qzjc7d58434hn5h
91,107,LINK,4,437691343,dpqpgif1skv9cy4mzirhpa0ad0c5npg08mwk6hwogswylh86irfdwtepcykmfkdu
91,132,LINK,2,137018504,n2bsj97wxlc2i41vrefkabxat1dbwdtdztjxavl6cv35312s4rs66gdclwjy8fm8
91,133,LINK,1,291322263,ero05tc313fwr9ugmcks0lmkbjboj9lrbo6k444v8rt7l97pblmrhhio6ol1ujtx
91,135,LINK,9,98901935,ayl4dq2721jqgd24slbla8klrdy7aqp0777ww68yo9loj2w8cdnclg37dh7uvktq
91,145,LINK,7,341294216,642thracbow5b8ax5vqrgr3qvgjyfj9kohah1l1qhic85vbx9sweydybmwm0rhhy
91,165,LINK,3,956878262,jguu6h3687qsmrd0d226fneinqp9i9zlp2hivwj0gniiuviqmnswchlzvydij0o5
91,168,LINK,8,746720770,dkp7r99ajl2qk2n5yz4lt3ornvj4jwfslm1s802g00l9ofrcmrrbttn99ghmxncp
91,176,LINK,4,343011787,mdx2gj83pkby8l750wrsai53fewkzenvlt2sr59nqmnj6chg0rm4zkb0i7k5a2y3
91,177,LINK,4,111911059,nzkj36cjqfnqoekrtrf5ipvbn8hg60k4baueazsimqou4csot2ceqwnzk71mlbvv
91,186,LINK,8,295763173,9xo0hj44tdq609l8nnn500017sz16zgidlv9gpzyzo4f75ha4veari8t7tddlgvu
91,194,LINK,5,121433862,9pabp3zp7josfe2ixza8wwx8zmrg1k5uezbv8g0flc9v252povwdyua0v0kvw95i
91,216,LINK,7,277772099,pzx7actpap0yv3oc8tz045f01jtagnzjzbg0vsz8tgwlvlq4itz0t7skrpbawi86
91,222,LINK,6,844707360,ydl3ng9i2qqvjdyw5q2wra9o4kmoitkjnkuzenlnyfmarjhkisxa3nvl8sxz5o4v
91,228,LINK,3,334644110,nm7tpxg1j3uohoaf2r5fw0pu7jwse8x7k53mnj2oi9g50tcr282c5s2bxoi71czm
91,229,LINK,10,550143646,lg8kl510wnwj2n6n4dqz08z4xl8r6n3f3qlrmw31gsj5cn7krgns6hj5xkvehx2s
91,257,LINK,2,887431880,jcxxmx6tyi4euul5k9nn1abfih8sqd751gf3s9vlrhbfu1v3kkqoq4tvm1d2imj4
91,291,LINK,8,87131325,kkigg82jlbzoilz79t4xoftu738823db9b6umelma9bwny2uw50j3chx56kjozli
91,298,LINK,7,772416680,8j8v71yj0fw3ogoyp8sp8d41v2osvotg0leijg45hzncx3g5d0a17ookix97bah8
91,325,LINK,5,679038097,x1j970j4x3a0xbp0ni0e83wvlbsv9l3mhmvlg8ylkw414zec07bwg7y4zs0h7tqi
91,330,LINK,5,266678854,hbojstss3rv92z8bgl9et5s5v9u9vqb350m9lqg00sr96zln7894lk7aje6mamje
91,334,LINK,6,960378258,l7jp3799hsdbqlvr8lshynmr2vjanq8hwmzjdszv4013r548pzma1sie6apez6mg
91,338,LINK,6,519999900,vsjfgbg0gv84eegogl4ldwurhj4p2t3xjd5bd880skmps327g2zg1fj3ewvrj6wi
91,348,LINK,2,836711907,q7v50okaqifckqblbakb2eeeemegsn1sgos1myt4xhv3wlbko6ik96wft3kblwaa
91,360,LINK,4,614891875,obio271kd65sh0xkxx211kgyll633d6ujbe89reg9bqw2bfbfbq66mzl3x3nhxe0
91,373,LINK,1,729992540,kutv2nd03bboyq0f7l66tqjs31ioq5puq7jb3rwxftc46ilzdsiisssc6wslra2o
91,377,LINK,3,257536015,36j3ujeqyll123zno14jch1vrhmfsq7o5uidzxhxotqdypsg6ahb0ers4knctm1k
91,417,LINK,9,547420880,nohbnb4dxeqzjujjrjvzfcsb6tix88thjgivebt16irfeba1ad82gcpr7jvazykx
91,419,LINK,7,998606152,ls42z2m6zklcwwzk0jqfswvzanrfv3lwc0yhzlq2r1lo1y3secofng70f9fdbb4y
91,430,LINK,10,83049616,gd9ulz9r1tvjhpbh5wfzn352eihoa14839j8ly85ac73x4wsv2mgu2ehruayof08
91,445,LINK,3,411866501,ukp1e6i33hns7hs0o5f92em2txev5bd079qlcziuxqn8kh93l36w5l4l79i5gqs2
91,470,LINK,9,420992748,duvwlt8m71e291dhxtpnnbxcko82ss4bazpijeiek2ycz1war998idy1ksod6bi2
91,478,LINK,1,387499341,xgrs6os4q6a9bhl79ssxilv8ozryjaxsow5oq5vk95439ir3vs366mn8n3krnonh
91,486,LINK,6,883954991,xstz08xhlig20iklm14cdkpuixkfhu8zqwt2w19xk82zrl66dfu9jb7dkxdmuuze
91,490,LINK,1,493985808,jim0a4uiepxeuukp1z9aecn2mucoo0od0zbtloh8r8qt8tqvl3nqhb6gsl12vp3b
91,526,LINK,4,369386162,npwz3ch2xnqr2ve85kmdg4r9uogh9si9mz6k7pk3rh8dfi9q02wqslqyfvif4293
91,618,LINK,5,727013480,nzi70fd529oatds0h450zkiwm3to4c9f92rlrcrb2b9x7jxzd1d9fsm5zgt6xd39
91,625,LINK,4,76105967,a295rq1p0f0mtwvdvvt9andl2blw0mpr7mps2bngnzclyaa5ny8m4dkzwlosficn
91,669,LINK,3,607202508,c5a04bqd3w76dzzxrietp5p0a1a5f1o7unaghvrpqscfrb8qcjh8y4sys0o7tcia
91,678,LINK,3,647680442,tqua55c1w1unoqwdjnhm0e7rfevc129hfigiszzlynf5sngdsx45b6zh0ouk07au
91,707,LINK,9,81133288,nu4rodqgiy0tqceeey62r9l0wxhjt2zm5fqgvcqcf0ch6g2hdfyo2slzs15ol6ik
91,854,LINK,1,182502572,qz4r86u9bkymlen4zow5bkdjfbmmfrkcxjs4ivx28xgaymrz5m69f6i2laga3kxm
91,857,LINK,2,113624044,7fte38x4hob575wdd9gmmpf47haiq1v5zm6guzzet6iqkuz3ccrp94r7i45alw2n
91,863,LINK,6,302412638,u686kdt0332q7qfk6jo5i4e84n1r627silh0hvoty2lsnb0pnjz9jxgk8ceiqd86
91,865,LINK,8,713203707,1cpzqi7r5q5qrdjyfpxk19i0ic8nhu2abnxg810emy3kp2jl967cy26ckhv57t3e
91,880,LINK,1,885423842,h450sxgjz20grx1kcih3r9k1l4yfcbl1vymxkwjy86xpsfy23ttkb8ciuslbi3je
91,898,LINK,1,670772131,rgaf63m2izwywp1rq3qla5b2zfixgl5w64ay0s6c0867psvd2v4mxc8g33lpf1hc
91,904,LINK,1,724236815,95a4t7jvjpkltng2l3zmdvpubhfnxu8vym1sc42wf0ngx74vd18baexwrr6x62yt
91,939,LINK,4,841268752,93c9wyzgdew5mptcfgp6w3mnft109vmbc2ah6wvqrm39drurrf2fy5zysspnghtb
91,987,LINK,2,262226976,kx5g88ghp78sc10ithugr3ad87fb9h8st0a4h3y7rihn90l1ib0iihh4ui2n3og9
92,867,LINK,6,348775808,1gwz3qfochz2q940hlxd6n5dopm9z10p7y0hj10mj0jwgaehwbtysxg899h69wie
93,199,LINK,6,325882517,iy7m08v93qt9ls9q5byju4v3ixcf8x097sa043ydwut95pwbht3ued9lnfa9xubw
93,795,LINK,3,468795608,myrlb0hk2vx6dmgg52t9c4nq1mfr7yzh90a8zfxjqh9sv22p9qsi5qtk34kh1r8s
93,797,LINK,2,109787367,gglxd356rxx2mzuerc1xn6n9rgkb2e5m6j4akfxv3e2rpos8j5scgcc18mx8a81t
94,103,LINK,5,113379168,qf7fqupjd4c83lr48g3rf29gjs50gq6wooqdqu1uo4z6y2i5cpd36jetzxmr8rib
95,186,LINK,4,996349719,5qd0sl2b7nhwv0jt2jdehv58kozpioexke7t5tquxis8gwaupn34zempahi043f3
95,344,LINK,2,384761573,uadev76j8xhrmecw6rul2p1398zfdqjki76ni5au50givp74q1dlyfz580jyurdn
96,314,LINK,1,379071622,jer80mstt8w9todd3nlji0sflj4420lu5uxqel2yorhuc5xyhczjs7zqyzzmh0yb
96,899,LINK,2,27553756,and3hdu6h32qn0leitfd22pajbak7znjwwzu5swz8zki00dj0a9l94ln7l9brh2q
97,116,LINK,9,859701333,0ka04mz2xmekhtdtyioyn4m9fmi2oi1psr2tmb0oxx5kbwgpcomhyatvjjtxax58
98,55,LINK,4,743259717,p57pzggm9c48vmbgwvjd160ug8wkyfym2bpnuctxbv7bp8h3nev90sc32s2160f5
98,543,LINK,5,988064868,fjgx5brdb8n5lsi5g7zbfm8v9ux59lmduraauhzsbq4exumqpptmywoa4ky786e9
99,874,LINK,3,508236835,x455ng22wa5113zkdj4jk0kvb6py2gjx1rv8rq8zzfsv91uvqrq6mdm8qf90lw43
100,229,LINK,3,454497240,3aolejbtiieviocyspdx0wt6uhn4dwj1uc0jvuwnr8wured1zz6ar8juy5tswz1q
100,434,LINK,10,550662450,fpg1wrxnaqy2s9k6o72d5xre68os621hbeyk6oiooczup2xhu4rzb8vq2vdfq6cu
100,538,LINK,5,777363197,qollz57xy9t33ib4se9drn028625p0sc0dibh3l4ot4cb2zgoqdg1sq8uxy4wf6b
100,783,LINK,8,238107734,ivhbq4zwn2pq5dxu1mgz7pz5nzqm36xkqej14aia4ebw5qtke1ijgboiapv383t5
100,801,LINK,10,504414114,besdge3nifyw4t1l7ikyxm9oof93xu57kde44jaryefefz0ifwxz3xupdwfmnkl8
100,874,LINK,1,562248841,9pegzyvxfbt5yg0prgorlihnib9ag8serumce1dcdv45fg1grsjey4wjjs0ifjpu
100,947,LINK,2,300683290,20p98yukm6691tr1hslayz0ihmfeorctpdoov1p7la6002qanzaghyw60oekv42i
100,975,LINK,3,146019850,zkwajz8kyw0nq3319e180qq9pb9wkwao2cdpseg5x1is4ckj4zik7ijp4qj1uj4a
100,985,LINK,10,673887272,zscqg4jap647xqr3qflst82xbrw363cr5khiju8xqzis34cni2xo2dzptfi0owuf
101,178,LINK,2,63941240,udhdaba42i2lluxikdwm1e8zfmidanf9qxaefqcv347mg4qoqknn10cdr6oep082
101,256,LINK,2,259361477,vgkjqku63if1dnf47eaj3lkmm7e5whzl2nt1kmx6mz2lycknjv3nvhqj3f2s5r0d
101,325,LINK,10,931920370,7s5i6vu42am1tz2my7gmprjf49rlmel7xq79xw3llj3fph7z1lvfqx3kk5kpfm4u
101,343,LINK,7,812450330,5ksicmueqqdehs7kxkf9aq4xt6dns9k5b5y65r3vorjkeffq3aakf9ve9yk7zan7
101,648,LINK,9,727245330,m8l6mktqyezkywzt34uyvl0d3ccy618pmigk37xqstibvxe2sur2ljqyaelh4qoe
101,788,LINK,7,360135803,appf3egj6cnmmncuhaxo6r05rynzf21hzdp9nlrl6hvf1v24uv25qwfjhjjuv9jr
102,673,LINK,1,466480917,dk3c5x82cp3vap0i3xs5qs2q30srd2xczp6y22rfkb8bvcsrqyr90z16t4sb5cpj
103,995,LINK,7,851400174,5vws5uildjjo8a4nx2cjrihjxwj82qs402dirv17navdjw5hgnx1czr4trhm2e18
104,298,LINK,10,924589336,5laetso50zhwbfvzwgsdcfzi2bpaspf6053nx9hyw8d4w5d22gu4d0gn5hqxuw7u
105,185,LINK,2,474427125,ctzef6r86727x381r9mycr6iksao9bnfyiq02vosyn8r9wpexhjmqxnqco61qonb
106,804,LINK,7,443668019,w3uqqmybhvwmxr6od6c4cr2mkxjne4mohjy8gedt6n896wvnuiv4abmrzvx4umma
107,19,LINK,4,30025238,n3c8t6qq8glvns16dxypstxymh94g2dm8v7jg63agykw0g0q9ob1qmlcmh3htbrj
107,127,LINK,2,267283403,nw49mhq01mfgl8rygu46wuvf437t9vcodwp0m7i2da41yq6nbvfdqqpsnq9o1frm
107,419,LINK,5,11827417,wlfm4wa8bm4b3u22dexmjmtuq6z7lyqujc3mt6jen2ckadbai5puhj51xvr3cn5r
107,579,LINK,9,772470515,eb0m2c1qdyicimneguh0evp9vvmg7cgdnfgv73wrbthsmppbnzicrcqyfuyb1ydo
107,604,LINK,8,266111453,ulqgfw277df50qr1wliceo75vmayy8m85gs31idqs3ojlw6peaqrwi2fjdd63nnn
107,667,LINK,6,106688468,gzbdcc61jtape7wlwuadj7e5ryolma6bjxy3jqujv6fix88h5o6s8uq6n5sc0fd0
107,788,LINK,9,776644789,ovbh3mkdtus21ab5qpwy6l46hn6r5xf47ue89cb413uvfdft8xyt18zzagh7dvbe
107,832,LINK,1,595838597,t06mgq3xl7qe3bmaauu7pbr5ci9i9fhwfiqx3x0gsidoaj37dtu115cdwfpigutc
107,848,LINK,6,329102385,oe4dj16ut54zzuu8ombogb0xrt546f18jk6zz1q7t0j54stfhbbyfi0g5ad94i44
107,903,LINK,1,85760269,j03ocfx6co5sckl0venah5rtgmip0vt0v9x6djqtgjeb56cvjcjmf5p39yjxejkc
108,333,LINK,7,176659089,x10e1gum6ep9w9adgfvg26vga2dk7h2zzsj3xubcaty7e4lpov9et57vwg06ygrg
108,440,LINK,8,959711168,xmfu2mfajk9oxpzbnu6ait52q3txu47o0w3kfiwt9ts6p8o7b1gufdrsxim22lv1
109,439,LINK,9,440208591,pxk8qimhge7dos315lc078l1tc0w0y72ws2ctsobpdocyc6rdfky0qksw6iiatu9
110,73,LINK,8,355333157,b9aaus4rcxfaksjxsvub1zlpzccoepbnl3mta0icvb5q5djkh4y25j588f9a96lr
110,950,LINK,6,18029903,ybbqjk81xcc66p663elr26hy3jpse2e72j8nr30rttpni48atxwb57ipuql12w51
111,177,LINK,10,542078785,kn290i0xpejiybtxdblvwl6jd5fhh7b54gtls38tpxrpq7mh5dryvzhlcz2yhzm3
112,548,LINK,10,731759918,pgv1yjkz80qmr41rjk5p5u9q7merlw8it78oj2g8lqhiovubi7dpit5p50v1fv3j
113,705,LINK,10,145069735,0sqexyv0rrd8kgazt9t7umtjl9v9zewugb7qexaneetl1uot6bpm5rlny8mbjnxf
114,129,LINK,2,258911153,keuissj4tzy663cco5by9vubpi9mjkncteqq9fyq7hvabq5fiha637zmnlcmwtr4
115,1,LINK,5,160567502,ttlptz2bvbaaaa5hk9bxdrkxvgns2lzic35mkyqjf663a00azntayy5qqapn8ufq
115,32,LINK,7,306697500,ni6k1pad01chnvn5crundkbmc9vp130z7leaq4nw63licm1q7asjxp90yz4ynq4g
115,46,LINK,2,948445670,q108v6ss3k68upqjo4ly5zooximfkrulg83dmetnk57hp6zg0pdu8krx3smqfu3a
115,70,LINK,2,260089089,bi470gbj7tw6daewuh17l13pu1yx8y4wzh4nlcpmwgqezwyy84tvm9487dttmrlk
115,74,LINK,6,233268723,qjuhywxhx8x455vifjqwowb522e518kllnn9wm84gxrllnt55tz0fzs7cki9r4x4
115,156,LINK,9,55326227,kx2j47s0rq2c8us5v3eeswydwtekrev1870mmes94gjm8hatzoalsxe9gprn6b7g
115,226,LINK,1,379544485,uzf6teb45sbbpid32zdd1sm8gl1sz4xo3z1bpvuhp6mcoaxi7dkebymssxc4esz6
115,227,LINK,4,235220293,9asber7zsmikgt5djv6e7s9yb2ch3n8bvx3l87uhdzcru6jt889v2flwk4knun3j
115,256,LINK,1,2944165,pe536rsttwsjsuz8m0r986wvs3o369p0k4wga7ofs676mumy17drfjhq6n7asmx0
115,257,LINK,3,962095114,gr9tvtz2172rvqsg5kc6zwyvg2xciui5pz3w5rj9gl9ku6s7j4g96h0g7rx81xor
115,272,LINK,7,423725391,lbnljodhi1b595bv6xhb9xtyfai9lrdu813irxfczwvrrpsokrcj16ln7uh473yy
115,275,LINK,9,548417306,dqfqs8c918wqy1z6w6qr0a9d3357m47bzpbk45k0dvxpl6lq995ifc60hx40sepn
115,295,LINK,1,303492257,nxr02526i92gmnzvx7lpo3d7cjgdym4052yw9fq5ff38ng8sbqvufgsqqllmduie
115,297,LINK,9,955252777,epsv0uxa5zosez4btnfed193v8n571abupz5o6ydeursawjgyq2knsuwlf4bib67
115,319,LINK,9,444307210,lr1zf6hn70y6ccnvpul4yax1haaasaci9ph2fb9xpg4zoo0cui5iccy9ibv2fwo7
115,346,LINK,1,646655933,1tkhitiqsw5juyciyz6gxsxat0kb6t7rm7lfimclzjegrkcwvvyrl7y2e3kj1ec4
115,348,LINK,3,840172977,n6igm6btu4k7xiz7tldr5fvrkkfvu3vn1y4zyldufn38gt4ud0dwkem0gjblre93
115,352,LINK,10,475555614,q5spdyybv55n1qd498yla3btn3jpqsvgfbootiiwm51r46947hwjqah7k7exee6i
115,376,LINK,7,622057739,klh6o5r704rmzrahc1p5ysfl9h5j6mklqictw79apo77m29vgxqo3dqsqqo6rr0w
115,380,LINK,1,784316337,mtu4w7esgk1aiaq1nngtjmkqsxwxvn2onlmr2s0ovn738ssxqrocp45r3cuapr9q
115,398,LINK,4,47356048,53r89xve33s9ymkxn2r2gzgnow0ncf9cyuntln4u7w9wn151xfbiiaz1msyi8480
115,410,LINK,10,393227351,gogg9hv6w0n2x30fkot6yc8ojkklirixyw6ib0dck6aefs76iwqv9ni321fybzth
115,417,LINK,6,384643194,hswhbjfp377y2v75ou62ctc1t28gfvhnphlqisvj3wego312vyhxqei1gtkk2db9
115,429,LINK,2,965254420,x18157r08xabao2y9ycnkgnhvd22zi8gwrl98j20o4wigrgl407e0kai5ao1mrva
115,435,LINK,5,843851557,f1399x63cun8y9251glyg0bppruvmwskrapmjs5s6wkzljqsed81j6dg3rs39qfp
115,439,LINK,2,101900088,ahjdzv0j1dhnekseqd8gk2c16jkplu0bo1p1ixr1htbo79ig8nfjqryl43f7uiu5
115,472,LINK,2,254508751,zau4tg4wg6o9ycvsx11sghitnyvz4bxt6ttxzn7z22c5r29rad5vaigk5swv8x07
115,507,LINK,8,930821087,w269nvqjz3y4r4ys69jajr93vqu6aebbsekoxlcn6eepmwtty6s5f5bnnwsd26gz
115,529,LINK,9,344246164,nrqac48ywr54bq71bpg2ty2o12m1x9c69b9i057am2c6ldx910oish16f9nwmq3i
115,578,LINK,2,759377424,up1gaxkj16f5mi971fu3f1manf71mvf9adrsmzzghld0t5rz3oc1fag02c31ru82
115,597,LINK,3,596071497,anziy8k6hn04fpnr7ou6wz8ll1qn53m48swhjmerysdhctpm867kpt2rb22gl93o
115,653,LINK,6,416943364,bqzcouaiiyy9i6w74p9ut7dxe29ql6lvr4lmydsbrhinni82p5qerzxiz5h5h01h
115,697,LINK,9,391552083,v7pq7k7qt8sg5e6jib5jo0zc0io9i572kx0r61qs28m6dmgguy6j4ojodr4xr2dr
115,723,LINK,8,268967397,trzhr9qhw1oo6s380qog9mk10jgcgryst0ftt4mj4p3uhvt88bis0xlfgyj4uxgi
115,797,LINK,9,725374409,9aehs2tfnv0zwk52fj9k2s8runji34j9qgwl0druqm0s7scvn5hio292vh8a8gt1
115,827,LINK,7,854642500,c9okx3w1w7pkskrgdicfxem4z0t1ogy8dx330pa2kwe6i1olnedo9m70o9sgjn40
115,850,LINK,5,792503274,27hj95yra7uf3154iaem9siy79h5mulex8t6ur2qr2keg6zqfk75j567bvamgifk
115,862,LINK,1,959565351,u1ppdf7sl9fi9a5vf9906ntxxz0jvqq8z9e6e7z7fkxc7m9svljvs72vmq8crcu3
115,864,LINK,9,65505345,bkl0pp86r4blh0faqrr35dayx5gb4874ea261hde2lrv3eujrl51ey95rsx6uu6m
115,881,LINK,6,438253573,gf8n0mdrlklb02orofoijdn6vdhrlwxwu4a45roj8ji7o778hrywxujimz6be0md
115,892,LINK,5,835044758,hqd63viavxcesm0jv0ar8106i83fhyl2x3j0tpk59p2q2kaf9wwy9sk6tlvjshwy
115,925,LINK,7,74265753,sjsolbwpp94vu17lezwowjn6h6i5f2oe8bh2nfpwp6njd4i0fd52y0i114dsa1vo
115,964,LINK,2,833042764,qvnat3xvwtohiv1kh66f87bm7vo6v9ipcjl2o99nnv9h71gp3puqgut2ii4tem75
115,966,LINK,2,712972693,bwqdcah4ztaqkocn1yxkv03okf7lz06pffglndk7li78jpprz4ex1kwmeegp3gl7
115,988,LINK,3,575880886,ognc0d4ps5lc4khucl3s4enqmurelxn5a7bgkqz0tebhyjwyj506r0tih2xsvey0
116,31,LINK,2,346267860,of5rdzduu79htvrkr125ba3ga9szq19ym71vmqky0l8aehrczzk93pig1jdbx7i5
117,104,LINK,4,541989759,o0lq3nl6vkaexuhqu2hyrp1514lcz50n7mk6wedrlfg1y8f2mfll0h6cqbbvjzpk
118,325,LINK,6,717012017,xqqc2crgh750cunwx2wiv1tk1ayk68x4zmi5lgwbrr3g0vmkg7ikoo742hkwd0f3
119,100,LINK,10,895028603,coeze7ffp2ua3ic6z263mjsxsbl3u8v69g3hrqcttz6ztkbkib7sy28klli9acsi
120,742,LINK,8,325739921,3l1s0osymp6iszxbzpdc3t0enu9tv5v3j8uotjrac7cr4910vpgch7nra9rn8jsx
121,423,LINK,9,888629377,0pyaxivz2o3kkzs0lfwqpfj2z5oa2v38x99in1byqc8n02ikzrhssr68jrqof7f6
122,874,LINK,1,507105174,ytvi3qam5o26btv73xnn5n8qv3b1w3jqqaofquw6tno5ficootq5jehyq0vnzi9k
122,938,LINK,9,839316987,8e52mczzh04z02v7ky3hd73lftlt82gghun6ggbueny4w3m2ncbg8o0dutv21ng6
123,539,LINK,8,350676073,8ka2v0jzwkxa79hn7nfesiulfvtraskg8q03x5vzyp1qe7m9mk29bjxpzmxctcmw
123,688,LINK,6,523894447,ccoapusabux2mjkxn9giqyebp5p0mk29vk4qfa6pcxtbx8r3mwxhj04mx5l1aidc
124,347,LINK,9,556348536,uxy76b71rcu19iav2xmybj8ve1po053hygcrdnve3ui7lxvjz8l6afknbhctsr7y
124,975,LINK,10,359029896,zgzrsxhdpra7jcmqwry5a1cire5imfdjt2s8tok21llbgd07nh1aykotosnsz28r
125,196,LINK,4,169048291,9ik38d9tb80m0gqa25lb5oljm2g378wwr4d6n76fnfjnfdb6lfy9bhjshe43uyf4
125,377,LINK,5,905000592,bx8k3b025z345ocvehflb3eldvp1imfuxijto0itgsalkx18tkicio96niu0lhy8
125,803,LINK,2,225392272,038b0au9rru0a4hdswwqowanx14e4295zvdvpjmxowd7cliwqhuz6i5k8pqrljpw
125,882,LINK,10,836917634,5xmlnwxahzldgjq7ohzfyoir6hlr3dfiev9sqblisieetowwqwyzlpq20hy3k8hb
125,983,LINK,5,801289147,5uwlf1lpo2prjx2jbjaa22czjpfqcscozvvcnz7e1mu7iivrugtq2f8s62s82dk1
126,408,LINK,1,902351009,5x2bt3z7blpg5bamjx45y9ja3fjt2n66bdh4yzczmpg7u7zqoh7fmsvvcajg7o0v
127,86,LINK,2,263935606,w9g1ea333x27eljh1zuuf1t8u0jb5l46urw025g9cbmyedrja2o5r2vhblqs26cl
127,444,LINK,3,847822308,74hce6qvrumyv2z6vnjygoh6dcv1sq3d0mknyys5k8rjxqshvu6xpz8xy7o9tq85
127,687,LINK,7,956253676,tuvaxsbulafyfq2iig6kjz4e4usu6kffrqtkvdltrekpispw8rlz4lqxfzghkylm
127,742,LINK,1,577316250,rfs1p6icysbqsflqs72nin1eqmbnk66wylv3g14swvlfk65q9u9w42x3xsa2f0g4
127,818,LINK,3,614697019,qy5mgz79ahs0mv5v1c5kb96voifk7w2r349hx1hn0yqid5s0qs8s10q8p1l94o3d
128,590,LINK,10,715954010,n84thnebca96usmrblospvhimikx1ngq5xgho0xtmnal8hfgb30swgvdzai57kau
128,764,LINK,3,886715080,83dru2a6i8u8v2ssd7eoo34fpm3qvw3qo10qxqre4v9kd57s2d53o62t6x358ppl
128,972,LINK,8,900523661,2x8ak0bd4z9p35aiicxef423bajvah4beokq0vuhchc9jxk8sk4qhh8ml5awgw4o
129,748,LINK,5,99460337,7ugf0zinjyvvxyersrtp15w3uwcvdz26w5tnmtqc0a8gml5q52nmfp6w5uuid5gu
130,158,LINK,5,579385908,eyuiqj0q2fbghjq2xy46kmmejvgvcu3kxh83uzbhywrckwtme36ya7xch8fn4o5l
131,577,LINK,5,561223919,jpkdha2nl9qul46sfl2q0v80a40lgqysasq8wdu4tyqp5qgvrpdlc5ynt7mgpcrg
132,589,LINK,5,645202905,tnrtukdi4b2lf0f35a7o921knxkn1p3wlrlxrkzdbjfchu18mauxsdl1auzzygmj
133,274,LINK,5,472436713,23yztwwxmk9mec7u94okbg52m04tejqi3b2l1czvg22uc8546xwwysryw0mxxtoq
134,304,LINK,5,133179880,csv8qiftv412sfv0qzwfhgvixvpupvu130op7nv4u0cs184l73ma7p9owli79dis
135,874,LINK,8,775770465,hecz66xnlar5ng5b4w3pvlhf4h6roiegnl4pbv2u7f374czym2ua2snfelogop2e
136,435,LINK,9,814298304,x9e63n5nd13zu2famm0xdwu0z8agykpswwrsr99nvs2qlc36pxrlczv7xsqzq1fp
137,242,LINK,10,852580814,nlnxmqbs0bk6da497ys5lu36bpj69p8jj3ha6vrr4g4znvwaby824fhidvlnkwxc
137,274,LINK,8,56850426,xxxypkafen0nij3gue8rfly95c3gr9k4tyh1uxqf65ssdgizcj80lxh4f9rqk7xt
137,316,LINK,5,759311451,nu66iqdw0bpeui7youh3fjq92jivtoatsupj6gk3b2u9h07vkbzn98umzlzckkbr
137,412,LINK,8,314087314,4u5dt449eg5j1u5jj6f43x9d16kxsm2fhl1amv4dtfqmpdysb63lj62a352hrlp5
137,548,LINK,6,714322190,40zygll2d9reyqunbhnit866pg4xmwwaj3h1qce9a4xjkk5ksq9bjp1be9hs7h5u
137,805,LINK,4,136144231,ykjm2p9kubvndsl14mycscviulffv08y2ny84auwrvp31f6grnsgcsttye9r0fvl
137,809,LINK,9,876431112,mxxaah3lz8vsc31h1mssfoqgd1mdpf1cf2qt7w877jziau5csb1b57sumpelkl7j
137,885,LINK,8,46625725,4cg94kg514omzxe4o9q9fcesr883oo23e6i0xcrx1raf9dr3530r23mlbpek4xsm
137,905,LINK,1,195791600,bksk48thq3uehpjwioq5208efqpvpkkk3zbrvxyf8bg067unauhzgs5h38uo5qp7
137,999,LINK,1,308079954,6kmh4cahb7evovv24wbubfjepmakxqok6ch7e211g5d99colcvnpb1t75kdc15tb
138,822,LINK,6,251747187,rz9aqvehg8j2znwjz838j6hs5t9r6zub5680t94u97hsd2ya4w2yk0z4j34u485m
139,814,LINK,5,850481354,as06f3c7g2uzor7lq2dgarba18za4sw3wbbl0y95npyj60mu90tpd8tepve33p32
140,36,LINK,3,138334620,xz9f68zcului8xn5qauo6yr55bbhu14zfjpuwe12ogv67fa3kf8a4wu91h0y7fnc
140,183,LINK,5,168667332,23xeitmlgjctt78098t5cvtg2kr5fwid34d58x3wvbt9oppvzeiuct3zr6239d6i
140,988,LINK,9,743701128,ux27wtxpkmyeh35qbtr6oruswr07qy0d2wez7su3lyx0k5szjoxi4olvvpytv1og
141,21,LINK,10,318765827,48c1nex2ykdzil17m3r7o7yiar2q4jsayxcuau2gq6a365d0093fasql7soic0kn
142,82,LINK,6,588929057,5mub5girt0kqj7mnruhj5vzzf6rgb2ixehbaql1m825ydgv6si34yr2ewocid42f
143,610,LINK,2,826630202,autgvxvdkgmij6nybm588kb7i5gjf7cusicgfk01c3h8g0jze32ol6a1hrpreo91
144,26,LINK,6,886298820,411g04ptr8sbr0phq1o1uedtlxbhv1mj3f8yt3dnuedzxsx9egm82d5yc8rkt284
144,72,LINK,10,684670623,6d7llsmzqn4m66fnibe23fy4pg5qulm50n0cxdlftjc5eocb8odw982swjvas7j6
144,100,LINK,8,906291855,cl9gcm5divnvmqzcyrbhe0t9cns1bf2upbnxco6k82p72equa01zxymfhmz78gfi
144,224,LINK,4,144413862,a6dd5wo4wlvfujod9tb0go3owvod0xogqh6e0xsn0suw4jluhpyyew5zrc4satgu
144,348,LINK,4,47096655,s32mt94iasw0vzah1qy9k7wigh5sr86zy31qqqbl5cs1ks3phaq9npduu34fe4f5
144,388,LINK,5,750975980,42g6vid58j2tqd29so2o59gj2uoqj268uxxy8p9ijd56jk8s0l4lqkgt4u6d4wzs
144,443,LINK,9,794000528,znwtqo80uc4s2umibem9s714k6j6hgksoe43we9eb6zf75pni8p87y45d8qcj60f
144,554,LINK,8,624412308,rxt922jenjq5z28zufxpp6sl6yb3ayf8da1f4hcn7utjq2z5j56kwraxvrurj4pr
144,601,LINK,1,846120600,udayn5ph9gd2etkb1d7xfgikrb6dore2d9gok8pdtavjb1md5zh7g3bhy5j0o287
144,785,LINK,6,74098408,k1keay9py29ms59c5fziti3zbxjeuoz55iu3wswgg8nbf9ut1h4dmmqbvfprluce
144,829,LINK,2,782611505,gg0lr16qqkitkzrt9nfucl8yqjk06r9ustyns5rin8n7ebk2e1cidvg0eled11m9
145,42,LINK,9,778003092,wpvthzsby6ppt3tzanlnhuuvfvlrpkp3w2kx10tjlvtbi0fwz5rkdvlo8ieb0hb1
145,541,LINK,1,692172230,xjueyhyaduhjd8hwpzji9gyjf2cwt9kf5xiipouylc6nk5csazw9jaff987u536x
145,630,LINK,8,353706394,ue9jb5axy0udbpitliapw4uxt9k3bfyu5uuzvm9oz1lwtbuy5ubhhm6cx1ibzxt5
146,77,LINK,10,236582313,bhz4v77o2rt6l6zry6rs0907buj5k478ela3eemlnz9ytrvnmkte68f1eff8l54v
146,161,LINK,4,443830592,vq851rrhh0xdjicjr6si52y40idv1c15jtewzz6fkvr3tlywgm5e788z0jtf5elr
146,175,LINK,5,814384463,w77myyw3frqs87scnk4hvonzhv92t8zcmux942j3qedssqso8telpq98tuglhxvp
146,187,LINK,10,510352059,h82fm0eoiejyrhqh1rviss0pms988ojy00qu2ygt9fjlpo75cert6hdpjymg5dbo
146,236,LINK,8,583986983,450y95nslsyx3nb0jl14vm2z1wedfi32nn64s958rkkjvk4wh2xkqecc8w4bk72d
146,271,LINK,3,416460715,6ynryl473915zbcxjoo06tr6cb4mtrpkkgo3hrqw5cmqmlkx5ll3wkhzkt9ci8v2
146,304,LINK,7,812549804,3q5s8l08wr76l6w2zemnghaeegxxlpv13jthbxr05mvs9hx4xnuy01hyk1zc9dpo
146,361,LINK,3,775890517,i07mgsgh52k71xdabzm62fnrmqj968imdsb4ant7jlhhgavit0fvzvmff2pkijpy
146,456,LINK,5,461539516,bepodwp257uyushcd31wsljqowa5gyrfsn3vxf6gqg41clz35cnfuss5wvda82w0
146,481,LINK,3,6109693,gpdx7xm6ca7ezqavahjo4ijg3aq5cp6n64mgmfamrncmsne43weld4l76ddcagbk
146,568,LINK,2,216414768,ipl7it6ly1dji3kk2tlkd2mm90uxs6x325k4iybsq3xwmnkjywnrwepapitnajxh
146,616,LINK,2,758286663,jyg5ikcyh1jr9l7mepc4o9xuhtc3v724aquy834yj9s8xgp5dpuu6ngglj4be230
146,631,LINK,1,910061977,oya321gea7i6xfc4c3177ncqwb3k7scr93fsz8v05en9jfphz21xu6flw60esoi9
146,657,LINK,3,171108056,juxn6xp7z5a0on5fbh4xoco5obxssle87j50iqiaelkmwmzh9idfe56ihybtq3ng
146,786,LINK,10,560321548,ti2y4c9rv1emjz7n3elgrjw7xrfm8pv386i5mpe4uiifsbvaxdr38jzarz2galez
146,813,LINK,9,490644926,f10s4r6yu8gg0irj3m7molbohjojcyw3bzgzpwmn6cfxsret3pv3w5mjmz7abzdg
146,823,LINK,4,826816220,bbg4em2rism0i531ogr7shuqr8ynhg52irhcs6motio0qscmae7woqw4sp0gaxr4
146,864,LINK,8,491850308,xdiug70rfhc7m7g76o3nq5p4b2wtfqy0e11thtzvwclotqo0ztlmymvgfx9a5odj
147,519,LINK,10,922323276,sml387ka1nha632eiyfqooc2jgdfcvci0tib4mmivgyihv9nmd57cfknoitnbfc7
147,875,LINK,5,494847326,0vqnczwqc4kvlje6qjhjpsi2jmqx0o1jum2uw3u3ofqe27cldc9posaglf00iuqo
148,172,LINK,10,268641692,r0z15jwqychoarixnc15loiomf4gobbznwegdw77j0pj3k2khlx8diby43sseuto
148,928,LINK,2,940141494,m0up38hiwr2scsm22txpkhr3q89qs3rm4wiviqtlz03c9di64f90d7vrd4oeq0xs
149,762,LINK,8,621708663,tqyruq25g9dobmzvb9om5twwl8zpp66gxxvvv5ht451irpex8hztpvwjk3nxptch
150,0,LINK,3,79632918,jbm0ej4jhhklb4f4445jn0gfu907xjd6k7pbmmo7fzyyqul6k16obavenhr6kd4z
150,2,LINK,3,498838854,5hqbnjbx6odiom9e6eyxcucm7inlb1wxd1m3a90ca3mgxaxhq61d5eqggziq25sg
150,3,LINK,10,929366098,lcsr1ltnfpeor7if59shq3eqjboyyaxx7n42bg1vz7ico1rdrx0ls2uzx95yaob6
150,5,LINK,5,672157416,3k9tywp9wh953mypw7bozcwnh6mgs11n2uou30jgirp19y9rl9h5vk7wt7hrkede
150,6,LINK,3,187072067,yj9sdni5al0pz93218rk6o23la6yqfyk6ycjugg00rzl326hnv8m1a087hurz51w
150,9,LINK,5,258468559,kt76uwmo01h34bfl4aoaaxi0ynpo60jz9eu6dvpvhirswqrqy3vgekqq0oej2yxr
150,13,LINK,4,715603913,dcd8k886tteq6in91iod8xwvwdtly6ewu69jwyusaxge0clez7pet2rtplmqz2qt
150,14,LINK,9,523943846,419a5lfusdk9yyfwa3oxy6leo7susq5h0e7rs70qww1dr3uhx83e1yt81txl436c
150,15,LINK,10,404440305,huaufarqllivm77ly2dd8iswdzpmhp54e9b446mj1v7aybhf27c44cpsl2swnadq
150,16,LINK,3,846702124,hbn4td2y3t0bljja5b3won7pt299rapzr2x5742jchschvvdhbcmjg8qghoodd7s
150,17,LINK,7,478417878,5rx5dmv1lpr99941r4tjxmgncbpg7to81qmgessnjqyc5b4jxz72x2nvvcrj87dw
150,23,LINK,2,342900908,rvnemn6tdsxu03yumxq8m6p4lydwdyfygyser536oa24tvasridqmlxe814x7eyf
150,26,LINK,5,442904180,cbpt5yj0g771856crt8shdtgvb4i5v030y6uc34yq96cf2weg23afrflb12cu4zw
150,27,LINK,7,109073382,52fpfm7iy1l2hgawm6sj6zdlvgjiw71xl3w6aomy97dcgwancr8ltn7ytztv972l
150,28,LINK,5,950012489,wm0e4mzr2xh24e98p3dn1vb71xbppg3r47x0up1yhqlbslwfpblq1u0f44y2c2pk
150,29,LINK,7,747169848,na7v9k59blfcrsfkefc3b88oenkwqrs95c16ecdh7t2brxfh61ozg4x5i381cs1l
150,30,LINK,8,895115445,6f4wpgerg5z01gek82vz5qa7uxxhkjankrji98j75y1x6b8v85f340ml9ppgoen5
150,32,LINK,1,181289665,v3ae52vvb481hetc3a111a5meke2r7p29mo0q10uqqk1qgpw7vdm1o35blrtz1hm
150,34,LINK,7,110030957,tb06o6a0g0evzatdv9kg3f1e8yi72537s4dxxcvftaoamex8fwetr867v53ynwae
150,35,LINK,2,449307033,nypi0k7xgbtlqmocwmq0sr3jcv0py40wlsztlr11er7ixoqll729n7u5e3psxzhb
150,40,LINK,1,766568261,mtytdkmi4oqfsimg7k8ajnbo0e430blgt1tiardzv3bdte2zbqfo3wewkvky5kom
150,46,LINK,3,30241358,a71nm7xaadkuzotgxcrsya7snky0ptfcw9do6o72qi48sogv6uurjvzvcao23dgo
150,49,LINK,10,933499219,o2r31dwp7yq1338lgzzdccprc0u4qwjtvi1fv1nimmxxnmb6c0roogfygrm8o1fa
150,50,LINK,9,690328286,kzvhztfxko4sbq7m5v4issxeo84yawijzhpzj2vwkt55lkyrjkchjokk47fyxs5s
150,52,LINK,2,993962968,en46nincxn03ijje09ukizoc42zrcrc1etp6anfuwev5youwkg5kafdxdj03ioxk
150,54,LINK,4,164324510,z7jl4zkhgehz1p8q11bvcoyyj7es02shrri84hpssuac6znjsp5ucbczclayo8vu
150,58,LINK,1,852461520,4h5yady8arl59ufqpt5870th9jmyv4frgqzfv1gvj4rel2wxem8s0sy2x8jbwqqd
150,59,LINK,8,562865898,s27i31q0vpzt2ifj0217m9xnc7yt6niwlh8t1ecirm5nzss4w3um1dvtu8con6jk
150,63,LINK,8,821724172,uz7bd8a8t570ouzndnt8bsssckut5hlslszgh89hvitiar7glklxjx2xkf6tqdfa
150,65,LINK,3,477620719,1no51xqcnk3swmlzh2drmp74thatw28e8ttk4599nn9burpv77608xqcyh2dkd9y
150,67,LINK,10,178280733,osgrzojvahu44s6uvj8opu9ois1758bkbrpu35i4uc4hwuj1dtce57oar3p9tblh
150,69,LINK,7,634452419,ekee2i9t17t0rca0e5dwhewcwct8oelpmdfsxuhr8j72vmhg4jyvdjt55waq1rtg
150,70,LINK,4,445662907,6rgw8oyhpfgrn22iznq3qhw4ibr1snsr6s79oibq2jobulvyja1czcx9dm9x9noy
150,71,LINK,6,90790844,6uh57haqr15pu8ljkrok44lajoqsp4etem18td1hc90sgy0joo1amvt3qf2geqro
150,73,LINK,3,578433252,hck5rv77w24vigsucjtldtoy9ub802z3cah2bxu2mwjg3vomxwfosbeafikxz354
150,74,LINK,6,590948280,9ruomh43ee28doa102o4uj94we46mvfqmzjutwi9yyn9dmu3437qb5t8r8ey02rc
150,75,LINK,6,965621045,yu0vj9ylxt36hqq4z10q1lv4qu53dtd837jbm7iadbyw3n3rsymjm2a0ov9htjt1
150,76,LINK,2,1993954,mesn3ag1ytjmjpk7exqkyk0ea7gl4vp5yi065jggvgads4u77weozx90v8zx3b72
150,78,LINK,6,723685779,l93spj0hue9qvk20m7jgvceafd9ivwpnd2raf03plnp3wxi7q3yn41wzdzkmouay
150,82,LINK,9,361532840,22hlpygxcmya4jwsh2iv3ascfplx6yf9iy2umlthkmks9r0ovp26kzmebegy3xqt
150,84,LINK,6,181013250,7sp4m24gqh2jfmu5jpkibnmwczr1qr5flgh0deezdd8l250cpfd5a3ajggnd5bd3
150,85,LINK,5,223437807,izzbxatbom8m1d8sg2eqcywfxwxqhhl4lokfblecml7jmg1gsn3j67siokc8ekio
150,89,LINK,2,413149060,qode3sdw9d6ocpyc9ftv3d3cocd91i9u1w1g9sl1l8t4ptvkmv23fi59cwbmi4pt
150,92,LINK,8,358269704,i425qdlm3oy2d6kmb8219lk23b6qjg8nc7zzd00uadnea4h5vssockqxaaymbyql
150,93,LINK,5,355557235,x9zegndcvpos5wp0bu0iy2rdc2f1gb1jcsnp9z3bftp19yxuh6azpwp2tw6o9de9
150,95,LINK,3,375241711,qfew57q0forci21sq6acyl7xirr249wkv4vg85kgw9zh0af7c3t9dd17ul554mkr
150,97,LINK,1,706919042,9lin697eyalvxwu2bgc5ssjqmm469iecwgvs0g627jdpi888lff6tfr1wywz7zvu
150,98,LINK,10,913483116,kp4yuzdxhsbb02076g02kwfpgp8ls7n19uaveqr4dyznagq13472ccbqlr1fkcfs
150,105,LINK,4,422396898,x8zly11z6qdqwhqczt8vxm1nk0xzs8qqwa008z5d1q9i3xupams4fapx25fpgvkh
150,106,LINK,10,907852559,d6oadiy6x1a0dhh9dlxhslccdr2yp9ucpci1t25227g9w2hkquli84m4udx4c8xh
150,107,LINK,3,314686835,u6j0ldl7oa0exbmuxvoiunpjhfi0oik429zo6mo0f619g2apl72nyifrp8wltgud
150,108,LINK,6,168118196,h0akzhqc2nhsku8o4xjwqf55p5p7qkk285m3aupt01kjf9ajsrsl1w4m4qadqrz1
150,110,LINK,8,102147267,rn7zmie0wlaift6966o1c6q1cbytxvusrcskas1axigyqsipw59syku1fwsltdww
150,114,LINK,10,38162415,lmd200kchxcfvd8kb097rzort048hcd0803a5eg2yz6dv4wfta5cgf5yvsgs9xf3
150,119,LINK,2,379709460,rlni4r5yvh91bmg07ero59icm02edz8swee278zcueu1heed9se2dfj8j7dbdkrv
150,121,LINK,2,754910509,hqtfo0c933cw7j6fa9gy7u5yieheg283gqx87f4br30bayuotkhuu10isn77eqgd
150,122,LINK,2,8033272,v7251n2lian7x7x5vb3nw8ctoduldulru40ok2aw7s3zq88o0vuse2lkjjg1c5r3
150,123,LINK,2,339269455,gzcagkjqzjra281pte8wj0fdntjwzmfdbdq9iinnos9miy7ao2up9p2ry38ui41a
150,124,LINK,7,845912423,u8hjqrhr04lzdk88iuq1uaqg4bocugduru3c0u1vz35bg3sfcvfuzauds4059lfs
150,127,LINK,6,532037277,95wrn6grsg314976pba165206frqrne04nxiahewjbdo7dpm9q6qa0aoiso2v7fc
150,128,LINK,4,89893437,iwevqfderrkgwetjuekjs7azk986jke92jn0zil9arhk7u49io3lw14kx9o03tpm
150,129,LINK,3,292202220,8tamjw5z410bcpb07ccdvzan51gl1lu41rrmz3w92aaechikf4is8lbupl7jexf0
150,131,LINK,9,510018801,h3k6fx49buhyeickhfwrspj1jvewimr0furm5rvrce4vtl0dg9f643rv2ahyhctw
150,132,LINK,4,755240642,bk6y5rv9d8bkuoa6iooo9hsjp3ovs9w633tuvkf0vvxw1rgykjqf9vywcpc74114
150,135,LINK,9,241617521,h2u64myyuqbr4rg3wx996lnwydfce0c00cwz3nakx4gxj3wvfowz89nhmrfzxwat
150,137,LINK,1,181682733,gpqjvunyt061az5r3mwf8xz6klz0ax5ejexkfvuxbwb6fb9vpb23z9erao305msr
150,140,LINK,4,90117751,nypkszw14o0k55jhrej6suju19fc1nkalhz2kogoift8d90qhq8adfal8459xuzs
150,142,LINK,10,524587278,0zgz5ihwrptrx4ab0mbzeup5r4mmccpuzmgr1oa2vrwgv2dwqewkv30yvjqtakgy
150,144,LINK,2,289899800,wpd2fln1bg8nzax3psinw6mvxn23509rs39yk2bryqkqz6e17gd9uqcdguoq3f2h
150,148,LINK,4,911350389,0iia6d0czcba27pqjs8a36zie2tllhetjg06ii7a4p2akox6z2sdovkxjc42xu24
150,149,LINK,8,969413784,0laddj9fdcxy7xc6roffrpm6dzvxphvh2blrgrnhr71wsu9eghvdoyeycuhg66k7
150,151,LINK,8,80758126,su0tuj9be0vvt578a2d99xag7i1avs2gv990xgejsxnqqwb4wf6494ncg8sdqou2
150,153,LINK,3,636774797,p1nh3e2leu8l2x6duh0wdmu3j808m7ahcudjqw17p83jg3ow6cv3g86g27kazp7j
150,154,LINK,9,821369250,jj5nwky1le6usuisbmjlsd36x5bb0dymjidebtxf6fr2e0prfuwsnti8jp2bjrc6
150,156,LINK,6,956629992,jyalhjdbaefzt2331ls8t2ho3hdapwsq644w5rg3qlupcylpo3omt7idfki9mnij
150,158,LINK,3,131549862,gbehfkivbmyap33m3wd9ltet0iurbaa8h9vul2t2hwjiseaw8zs4qiiqnrgp6vos
150,159,LINK,7,772067802,tgigf552p4rcqeuhgnyaao3182684ktp9c6slrj5ixozhqd5fqqgl7i61vfhywkg
150,165,LINK,10,944709840,tiijq1cprl61a4a2j6o8oxblm5quufxpwz4ireqfyywnpwhfw20fus83x4kuhjbp
150,166,LINK,7,824097916,imlsmp9y53vftsvhpksmjln972i9m1fnrel19ewh6ry2aa19r5uhrmcbvfrwvqrk
150,169,LINK,5,280385824,4suiwcnyemqmwzputihnt1wzz6fuvvfvbx0b6li2mxxtnkm0rg9ux4wx6nx7fdbh
150,171,LINK,2,498330765,p03iniffsn3chgfzwl71eqq23qh0exu6koye458d6bahmd0w5ln6dw9jgoqob0az
150,173,LINK,5,669039656,1flrbtdun9h5r79tglnexu8nt3zntzglmqv6cqo9353q44jnpvb7uf40dzyakpvn
150,180,LINK,4,947686541,o2b5kepc1m11db9shqbff9napr0ygtc9p63r16572fi0r0lj4tdyz8t4dllrz7ee
150,186,LINK,9,930590291,8jj60vphlq0w42mi8ws5ec9c48h4dnkranokid982wu7on4ldsxrbulgafo3n1s6
150,187,LINK,1,810993729,ut43de8glc4dr3yb2d2gfzfqlj72n215ybb8b5n7hh4dg14e5dyx1l7a2jepc7hf
150,189,LINK,2,970296063,nbfmlqb2ykrf8rxa4n5xn5hitf63pmjqu0g2d7xwezbub2jpc92ibc5iaiurwf5i
150,192,LINK,7,732629178,4kqm53lwtmmvec7lq5p3lc9d08ye4tq00oajlh2ba1exuqaaa8v0o5suolxhr8b9
150,196,LINK,5,822344722,i7us1nzwc9xscztpq6c2qvq84x789ovugpaf2xiww19t3s4jxfj0npqiaqo5atcm
150,199,LINK,4,25235519,qcj3xtobkm90fgxld98xas832jqlx5jn234x82yoo3f2k5eu65j3mw1s1e1w2dav
150,203,LINK,8,287646270,xcurvxrw4oe3s4dcry5irdtjkfy0nfl5ld21hc038ov0s2egqzrg56ne0pnr5xzd
150,207,LINK,5,130670033,kwqu81gck65dhwbzqm0s11h7qaffosyfh2gprfjmvgyo1bf1po9z4tfzi2std137
150,208,LINK,8,199225992,gjpsqh2uvn92igbozva11uheua9xc4n9os7zi44ais797z04uhz462x6chroskdv
150,210,LINK,9,79764516,ky9wwrklun9lq1suerb46sa6d63fdg2vn093y0rptx0yk1xtitn4q7icnlq1d5xf
150,213,LINK,3,558625595,w3hhu4hw83lqvapmkz35ezclw1qqd9n0a3xmllyi7rqqkkcvpdj2nclubs1lmahe
150,214,LINK,9,635901154,6r2pxmm6pmkhvgl91ynlbnaw7m91mvp2qr9dwv58x7farfphrres3mrc0hem16c3
150,215,LINK,3,160233300,3bwe2qehe31zzg1z22p7mbgq1cqd8v4u8kfjz9o1651zrhq60pcujuo221heli7u
150,216,LINK,6,740071561,gn7zdty7ccrh95tpoekapcfgace0p8czldph0vbmi4ejucp61hxqk732k3xb7w8u
150,217,LINK,9,800143524,7mu28nnopz5ln9igs9kd2s7k0hk1ado38b7d40y6zef4fyhpai0gd5sy7b9eg0tw
150,219,LINK,4,930792590,pabi5m04eedx1962byd3lycqy0mm12jsabo5xsuzv4jjyf1yv72m5zh72lr6eguf
150,221,LINK,6,501922383,1c5uh9yq0tuaxvcpii2wurxy49l8zs6u5pn6xhsv9l52gegzmk4xzxlcdwbktmis
150,224,LINK,3,295000374,14icn4xbfpprygooj3qqjztx8vkrmmcw5gvuhasi9r6uklx8qsr5dhdng9zcnnvr
150,229,LINK,4,191293837,sn4zzh1s2oyuwc4t659fwzt86bo1g012um6fqgbb5zmlvlkmca89fax3ek2hxw4w
150,230,LINK,6,428588047,lggzow6s8jsdb4xwq8uatxygo68xhennn10nsqutkog1fao557j8hevld0yjxkra
150,231,LINK,5,311745050,x5dphhnv0o23xsrlt8chic0a7g5k7h2tjvf2zcd9drisocyasdfnloruq4t5md6b
150,232,LINK,3,741957880,q89uvordcevo9vzatcfxsx33qz8rftg8e82pfq5o99onyrzodolcukwxi6n1cb0w
150,236,LINK,6,477031476,dot4nf3s1pha963zs5gptesnz8cg603wg4v40bs21104eg4sd9zdjh1me29qzafl
150,237,LINK,9,218038929,301ljq38vbmcfxxty09kfmljsr6g1nb8vywumh4vockmmzd4gqxx292bmjhi1fao
150,239,LINK,2,935196755,qe2i3qeozmybhx9au0qwaj8rdd4675qdsl48kw48l3280hwcuxngl731irqhh1hf
150,241,LINK,7,558782638,rq0y16g1djrqu5b7abbwbn8ydt5b8ywqzdvz0qp1yo0061tmdfhf2z6f8umvhyt2
150,242,LINK,10,846017070,an1ij5fq87amipgkq0gxcpxc4gl7zdlhs57rvq41xcw5pw9uv27jfeqhq7yypl00
150,245,LINK,7,370295901,zb3jezwd4vlt1cys9btbwarxe506i52fqsub13un98is580hkk47dnmgcucscfpn
150,246,LINK,2,207109020,0zujf0jp2488fc3gyzfp6xoo70r09xvrd91ozahn4lrai3ttslx7ma3ohdmq7vks
150,247,LINK,10,681912875,hyc73bh5dez6gzj9msow6ja0u1uhz7foxg8g2khr7c5kvpq42jqtjlb2efw3fswi
150,249,LINK,1,189015092,krqkb01ihlghzt6v7iepm8ot0k78s5og0bb41zuc0dcvdkuczxuwu7fqu21ejqqi
150,250,LINK,2,825510377,nvmhc2f25akvll1l9jiidsilp70f3zravkd0uc3yr352oo7cgzp6c7pxg6939xi0
150,253,LINK,4,499526746,rd5shld8zb32bhgs8dw0boiu2ag2z3n86mc7dm1e74uz7mqqh70vdispbjetjf3k
150,254,LINK,9,754330963,a9aa80lk7njdmdnm12llht6iu5vwk4f6b6cx93str0m1y3cxl669e32v6srobd4n
150,255,LINK,5,690442502,hdbupze9ncdu1dhkqmmw2f8ysddsdtj6h0nhfde7w6tsv6qcj89baktcjsmptr5z
150,257,LINK,4,658413626,10rxtrbz7qzjs7ss536pi9ouumt676c9pgiu7gguaxuvoyqrro4034ot6yvhtad3
150,259,LINK,8,511286944,7gy27sno4priexp57cej046ox8d0qye2e3hgnfu8qqq4mt310c457bagend6edex
150,260,LINK,9,425798478,x5ca1thyjpn8kiowdnooybdruyaltymwz9e5637hhw7rnklssaeb8gzotql7s2de
150,263,LINK,4,163843740,fdoyvcc1jw9gwtk03gluszqyr1bgjopnqpra6gy3exb33qq1pr28j6w69p9vlk0k
150,265,LINK,6,596218788,u024mnyuajcq1a63ilmubn5bz2zu4mnj8bwxif8d9ewyr3htv0nz97vf2tkxocqy
150,266,LINK,7,51604081,xhpetbwmz0omqtja6vagl2lvezgvsco0ussa2kt95y4x809py3nbsd6idz09cwxg
150,267,LINK,4,746345124,t2tlbqukka2ncqpw1bf4avx9ej9rfkta19llk8pxkymmceyhn9jh2wnjidkfj9mm
150,272,LINK,8,627777710,6oqtzs8q4uamjt135kjmcp2c1b1i4779mlvcuob8pw79vmd1szxz25o4u6vks4w2
150,273,LINK,7,751913688,xmfwy8nklwy78mbjmfh8916ejimqdyphr0kiu6ntsp9amubw398aima1nd3ul5dk
150,274,LINK,6,308080884,oi1y29yg1w38dsyeidcvdr4vj91nj901gwjuedtzg2ggsw2p0j92t510jio4s3vo
150,276,LINK,4,111702434,5id9l6q41burg1ou7f81xk405f7q5zlt4zaxem6kyav8zu98u3ys89ee23z4vr78
150,277,LINK,9,378713631,io7qahsh0t3yf238kvnefiuymixdyegoxq9ri12dzrdjpcb8sc1t32rb0rehfeem
150,278,LINK,1,945864974,d8ispu4qet6z6zfd7xh1splp3n4w1t96pdafs2ym45rm6kqc4angu2qyy9ezgcg8
150,279,LINK,5,520144361,6kru3ar6p14m22h2sk24z4r33qg5w5pprs7wioboi7a5u8jgshmhbrzmmw9fhn43
150,281,LINK,8,586791242,3ikesy04eef92yu5nq0ij5f7l2qd9gx2cf9g0rvf5ij8133blm91nl2gtrqvn653
150,283,LINK,1,939852661,uj0d10y6hw2cvaw5va9jl4uyoewgthjfdkjrf39qf1shqh00jwg2d7m84p51c6ei
150,284,LINK,5,876396190,ndx114n6k2q6zolz2l52geip5pqqvwkbye7mptx40cwiw5sfw6pl10y349ztio2t
150,286,LINK,8,360646696,sms61ahz6jy1sdvkefy3dum7a5oxc1u9hg6pmp07y0rertg5t3ff906se8bm3ub1
150,290,LINK,3,92165179,hjwgh0tsnb2h60xt40urct1cfkdc4h9j1cvqrfzxol6z7rxihdlzf9gtc8jed1xu
150,291,LINK,1,275084443,kivhlxq65eymk2x7ut3ju3zxz7aqy4vnkilfg9sshym3h67wrg929nehcpzrddxm
150,292,LINK,10,175342382,f0oryn2v4h8g9dj227an0o2q8dojmeg5tr76p39a3ozaeirr7h3ibc7u7ip2u735
150,294,LINK,4,507199656,bbioli9w0apyjtwzvg7f2n7n2yyojqch3pe3bubnv4rrnx09fgtix4546s60q284
150,296,LINK,10,135808725,jorq4iz6kxy1r6hsnxgtjnwcavlwwoza1dtbwh3buz1yrcsbufrw4rd9yyvanxr0
150,298,LINK,4,135965143,hxfz7k1z59mvw8ea71eizhqtwzjza68d3ggv5nbfqex43u2j0jj435ed7zv507oj
150,300,LINK,8,878880302,uqexxr3wyjf136btr8hod4qxli896nihy3b7hmu4n9yxv5030o9hqxyxt39v9jng
150,301,LINK,7,889828237,mikefezam67ix6ne1jj9xpnubthq9spvwe0ydkn0kcpkwpi6z4npll7yokmru9gm
150,302,LINK,8,465328337,kkfyklym3kfx6rbuvav7wgweopbeo3pl0yw37bo9bq2irud9iha4lc07nmyx2320
150,303,LINK,10,552213712,rqqqaotdhnuawvzmo4w5l2k8ocqtakzm30w65sh7iqvp7rapjdn4ujv5q9ftgp2l
150,306,LINK,4,334968844,s1p18kg0214rpfhrevpnwg9evote1am8q4pex17pesmbgoci0i9ms2u5fgoemhw6
150,307,LINK,8,790699517,ghbwupgrbtjjzcqpvy8lbg98730v541lz46yanqo5htmyqmryi3pxlueov1ln1sk
150,308,LINK,2,804202138,wlo3hlciv0q993odfnhw48vhnyptxwe8vzj3yxkhb8bgn0n5xj7673a724hzcuv2
150,312,LINK,7,899890465,ixgri18zf9ciy0gn4o4ff811g58swoer6w1mo7z8t7mmyi43abr1hoc4jyu0s582
150,313,LINK,3,93141748,fh8ow3cvi9p43ptatk2gbg2phcg75iptib9bdytggdnvf53g7ow6bg9jf0ss73uv
150,316,LINK,7,886063817,sh1j8ojo5x2l2xpe26sg30h90dzovrl0w9s550cy5i5xtev2t4svc36iy0vnu10g
150,317,LINK,1,199091922,xkfm3cvnudu2ytkue245li50an9jbxr63pjwbvznk0hy72ea8vo30zi28hpwgln5
150,319,LINK,6,147117940,zx9pej63odt77xw13r0gfxxqsgyy4fi64w260s5yijh6uw4r6auprrzonaajcvis
150,320,LINK,10,921065399,tipllig8zvwapnflc99b6sa5qo408dhxp7q4s045lczmw6aslrq2w2bgyv3lkdf4
150,330,LINK,6,106090763,ifukd9h8w2q0fttm3499m65figvhlcvev3w4trrhsj1g970z78b1bpq4cqwohqn9
150,331,LINK,1,956683934,w37w7228duslbor3yufa1qf2f0ky7rv5gajuj4a0dasyhf1reccxdllba7lc53bb
150,334,LINK,10,849262271,dj7pzhw5hd1hkwktde5jya0l86zb9l4m28l9ko3uhdjllgw0862ebmcx18exw2mu
150,335,LINK,2,947927498,p06qvbnzomqyyw3gqt4lb5hfr1c7ux45udlj0ixwurzzw0lro6jh0nu10iv95hh6
150,339,LINK,3,900392907,j4m7kdae2a1s8uyh5w7t5xyet4qdo638m7bk5j11t7imehl4rjk4iyamxsi2ciro
150,340,LINK,4,249272237,6qtes0bi54p527vbo1kvy6214arg6nu1oh55gklpfwt0j7bzz292wnx5ii9ui21f
150,342,LINK,4,826353500,mfsjoeac87g9a9lrxe9pm86q05o4l3ooga0kyhpy3l78zgftejrqtkcr6kgzlstq
150,343,LINK,2,916238064,eqyyc9jau3kl7cw33n51olh8lbh9qj7x6iqgi6vdve89t0ng6jnqe5mg12fn0b6u
150,345,LINK,7,896702809,7i6pmrnfjhyeoxgcbcbczmnlpmd7q3v7ukk3eaen847ns59vkbwnva7s5pa9oer3
150,346,LINK,6,359323775,ntgmy2whz69wve7rupm0t3q6l68mawibl7j34mxfbu9x4ezfg21l0rv2fa1ydu9d
150,347,LINK,2,995317825,rms76samvs0qs4ils4296kldl70ypdmw8qcsge40zq4851opx80ft2hhrxb8z4gc
150,348,LINK,7,562089203,x15gkdbmfa149d8gv6ws4t4xk5c8dcmnigns78e4kfyqo2aav5ype4oghtne7hxt
150,352,LINK,1,716535075,hvy8c47j5zeuktcn2ht0up3ymdposrr72tq9png4rp7ucbm8ms0dsfxtl1wevkl3
150,353,LINK,8,134774570,o41j2xk82496e01b9rcxa23cxu9hssaks56xet7pnvustkrzkzuewawjfrlnv2kw
150,358,LINK,6,298123795,93gzkrs0o09rzh29owmmxl8kqplo426gvl32c6tlgjvmjnu5oo8nb1kft4aiep50
150,359,LINK,5,961663652,zi84opapiqxdoguvaowvmzo51ozn76wr88zl4k2n26tfd4b3u5xhtze8vp0uu1u3
150,360,LINK,8,373195573,9bfbk9sc2hh67khlnsxp3t2dqg3sp397w5ez7wjm5g87u9vfil5xskzbk7n4thmn
150,365,LINK,2,354664982,59rm8re7eoyelvn8wb6vy22s9aw7kfazdjxqmfj6bplnvbw3d51ntqarv48ncoan
150,367,LINK,10,307764686,05w05q381w7j35zsrdckvewqokz0djd2k0vlt8q2zyj2mv2kg2rqgt1oi9yormcd
150,368,LINK,5,946348722,7nkxrb0jzj2ftb5897mrz6ex18uvg4t4wodwum0fbfi5ly6kownyfwlxs5pgjf0w
150,369,LINK,9,52941883,7x6l8vv7qkswwvnm07yjlsb2xdorl0ofueao7y69t1p4ii0uj85f2trgg5ioe6hy
150,373,LINK,4,536536283,jp6ypue37muicqrtkjk2opkyj4y0fio4f39irnqp3mtxrjuxh1bgnc82vrmiia5x
150,376,LINK,1,994998457,ulw1v6ll3haxd342z55r0x7p1ewwcec6qn0nzv7wym9923v0u2ywvj89zadzhhny
150,377,LINK,8,930998623,d77rqkqg5v56iclz1jntjrkiqvzw0zfw3zk26jwfwk3qxkadxzce61qmpqrn4agh
150,378,LINK,10,661383908,q827w2xaqll67092fs1dt3fe9ahkf0ycfzi0wb23juebpna34avhjg6t6g6ovsjb
150,379,LINK,7,53651603,ez4wmdrnxxlmg9kqq2fx9dbjb94ycykj9js2n719l37wd3l884ke6gsy07jle61w
150,386,LINK,6,156828492,hqrhf5bim11t24d4cxy5p0ptfomtf13pal2lb9idbpn4r3j7m8s1lvz6ws1kr4uu
150,387,LINK,7,285413565,9g4xb1ap4j1jou43e0jt675hhupf5qo1h5d0agrrhyi81e228c44rqqsliic8s21
150,389,LINK,4,152009531,ym9goj16yih7vp0bi92hchqu4ozkvdskr3lmcxraj79oa89h5zkhrdo55yb6iipu
150,395,LINK,3,569404599,kbe4sbyrn50mshjylspbf9lxv6e1s86ihedmabdiumfhbg88rkg0zpmboajekbks
150,396,LINK,7,360559108,lbemg8982rgfdgzqi2ksnme62qtmh3w2ina5ducdiftoy5i8npuhs5n5zcqjnsfp
150,398,LINK,3,712409145,ea7omqwtqo34kv3sbo8hyhk57yozz9czjoghaesw65fo0fssswdnuusv25s95mlw
150,399,LINK,10,390260629,wemjo8er4pen8gkh9nleie2785420m8altjhcaar1pt81x50sxi4wo27kip4no9b
150,404,LINK,8,927615039,esuomgnm8q2bp7qugwrlpt216gn4e129nqw59hariqjzto26hgpq63mal5so9wu7
150,406,LINK,3,92110941,1c22z421uih4fm329hscvoec5f42ulflrx95e2wqvdpy2nxkbg9l8n8rh3ot5rxl
150,407,LINK,6,667019146,2dccx0ngqgvljs2jvpcavi68xeg6cag7bw6q5nby6u1f5h8pj1q1jboejtxlhmi0
150,408,LINK,9,947699252,p2gyybb2um939ngte16qmrng08otetls1ktubk8ktgj3vunuqywg1g1u1st897tn
150,411,LINK,9,126537810,az5wi2eznqi1fvapitsygfrupn2ecjwvmgl8lwotxnid7dnsbwpt799hidrh7yco
150,413,LINK,1,344380802,3ql6jta4tb1w93lfg139evliys72kvyotw6ueag7ac4xnehuusqdqjcns7lt3wy2
150,415,LINK,7,897593465,647726ov41y2oh4swn7bsvrb0ykbdv30m07apmqxcxy9kdazqj40mu2fop1w4un5
150,420,LINK,5,676284102,lbng413abydktjwix0jmaevh4264fo1eetqku8zwixivtxnvidygwxsxm3r9giwl
150,421,LINK,10,799882734,q6hki6jicedtbj0qphbfkpc41fo7nk4el3iwd8sg2ecqxa1ffq3rcsnsib8cx0iu
150,425,LINK,1,443735548,pf7h2w869r285lxcjc2jhd9850h3msg8s43lxx1bobmmzbnamz3nx1ku0kwunnq2
150,426,LINK,9,568829150,5jrbgskaqm3nkbr1i0bswaghkp4ccb62m0x4pz70ujl9ujvsvswuon2hwl9dflkt
150,427,LINK,7,644117246,r2ptugtkyhuyk20s001ttfi3z4104l8k93nbegmj8hihacmoz1kuod7ji155xl4g
150,428,LINK,1,211591316,5qgcgtzcvhkkt5l7sq7wq0v3jag06ma2agysaeii6gcijox9tkv0xsq54xmhw0mz
150,430,LINK,6,241080876,4xud8qzz5a2e5jqgy23g4grah0vzmy2y8f483olofv1kax9yxzzg8cyg12q4nzqm
150,433,LINK,1,987506082,9efcetig0mubtnoylqnhxlycgyleo7lirmmvfb24zsirj5msnhm60sgfsubnemhr
150,434,LINK,2,873505909,y91jptd3hwrys05qhhyj48lctqkn8evg25at8y9mmpqu76zbh6mrca5kfve2ft0b
150,435,LINK,5,300423230,zyacy764krocd861bt98jt10m000dcg60pflzu65maoa9v5tnxc0m5623towsqqx
150,438,LINK,10,209210467,tqoqyq4onxtsz1prv82brcz6me65huu26858bogh04xpz442edv85tyf4duv34kf
150,441,LINK,5,584113668,8kiaar2rz5xz9ampbk6xr5uht3oe510ep0z21bld7qvwowftr3i0jrlgqyzufhne
150,442,LINK,10,44827488,gnwtvdsrfxk55im6h081pgt1t82a1xb9fhbkdhy1lqabnb4br97b0u42cw5g9iio
150,444,LINK,10,789688671,8j76fppc7tl1cuhzhpfllmbw6tnytjhldvvwc4buy3ed8xuz2n0up9e809n6t121
150,445,LINK,8,844605667,26wselmynqwb92jgymai59xop7fza3sr1kjlnc556qrh7618kgzy8nrp84ffl9mg
150,448,LINK,1,640020884,ghnr8owrhsvv09p4kvl1ogie8ovp0gkwahu44z9mntq2dk4u6gphoy3jxvyu2xrt
150,452,LINK,1,711195417,nzicf5bu27yn7g1096txltmv2rlqxcwud8sqpjo3hp58ksg05zg51rhj2hzb9kth
150,453,LINK,7,163084965,2wlfatq1s7ckw5sejzrrx02jpyy7ec43393ixu4oamixo0daq995x1cvxy01gssl
150,456,LINK,10,134189852,hn6wua3d1ziw4i2xscbek40rk8k7uv0qcjoweiynun0f9n5nclr6k5uoatv79djs
150,460,LINK,8,355963823,v4l49i7fle6h6zw2pg1q90swkaue6ptwi4ll32koxlh7c7m7cetjd7usa09bohl4
150,463,LINK,4,955200359,vlyhgyze5ignily5tpovmlavqlcl26kwewd9qj5crc4bgjup3pvfyhr2pgvzhb4b
150,468,LINK,9,7245253,kcagiqlt7piwn2o15rvidrj2vadybpkn5oxczjzzppq1y0qing5wwbumd0m3ssgy
150,470,LINK,7,837118536,pnk5yvryqgjdb94nc3fm7kr1f1jr5kcj75h8gonoduzyrjco2t7e3szomsf54xbg
150,472,LINK,8,301381185,pbohwmczauetlxxypsuirim86rkrhbwl9kjaw2928y3zzhac9wk3kiupj5myti8t
150,474,LINK,4,743082022,9kpnojfgozf0y4ivi9j133m768r1exbwvdmz0qn1xlcukbsmft494gmvfd5775wf
150,475,LINK,8,71191573,02nkdl8tdu3itnn6rxnk4vocjzjov32dufp2j6a55ghjdues23g8ckq9t7ifj250
150,477,LINK,8,864476326,vlgufmwz4u46txlf4pj1hkc6tbwma88mgkvljxbey4543ceqq3vv89ug2sscvbe0
150,478,LINK,10,450194774,k2rfcfk0lndbwt6vm25zgkhlwvqkbqf5po1mf3gfzj11wt58lwvt4fh1lrdmnpg1
150,479,LINK,3,802751325,z44cze78b0ik4mxtmpgs0ywwcdez2zic2vghpigrkkhmd6929z31ml5r651bgu2j
150,483,LINK,2,701970141,s684egyrnhocgpva6wtlm5mqs9yjnaqhiycb0zyn21xm54jcnh0h25dw76x3oast
150,484,LINK,10,393944923,je2z559pwglrdpxucukk7r0kcu1zi3cwowmdzpwvu953y8jshjuex7n49ua77m41
150,486,LINK,9,888397276,d9k7jt281sdvut9ot8mui4s2op6unl2tqulyab1w83crns4wqiu4pt97909koo5o
150,487,LINK,5,377242746,28hsfdk0xy4ske9bxrwe5x47us56bk3q5h2bbe3xqrr69dl373f35tu7ydjakvw6
150,495,LINK,8,213647426,2y4kdcxw6nx33i1i97a2robhdg4c4a0peene3llc9ms0iob5g3dpp8u981lrols5
150,496,LINK,3,260210085,qmvt3tzuh48n0pakn3qqsoow6csocbusyb0jfziw14jz6z4yne6v42vv6wl2dbyu
150,505,LINK,10,251529932,ncu7suwaqnbry8soryigeszqgywe6p3ygn37kqwmq0l8eog710q4j2lncw7pp9pz
150,506,LINK,8,923841346,k3x1ylmkt65w28ga1iasto0yx08mlksqdtm7x8tqcmjt9br388padd38qugz65o5
150,509,LINK,2,305733484,n09dn5mf44zx2e5etko4ejub6d2gtopaul6neskyku5njwltoltwlfj3608r00qf
150,512,LINK,2,195770467,gepeb8nq6a2zotqk9zt4042lah8khmunse9kxp3rlmdu5yzwkhyl143zljyxpjai
150,518,LINK,9,460892140,7z9ymgckd43j01cht6ow4yzi3ub85rinceolmsyeygwcjnmgvx1jwz2da30797ha
150,519,LINK,2,226418216,udf00zg62pdry2t5l0ymw282mqb3iani323oa2b1ttml336wbrlswgnyzmsvqrm3
150,522,LINK,1,695127306,0hcjg16km8inf5sa8recqcosenjzz6282hbddbyzeaoh7vfnfd2s2lr2hnjowuua
150,523,LINK,7,148686386,amfrp1jecv41q75ruqpxmmfclqooal6mwz3w0didxyz6rm5vpxpyfm2422hj4zlc
150,525,LINK,3,656760976,cr350kseor65xbevb18ozrnwgvplvx8orazwpannpqovlfkegkdqp0tnjntqlr6y
150,529,LINK,4,10678868,spjtqonkk4gwftjwz2vgm7d3j3gij1hq11i6vmvh9ej8ptu8e0x5jvhatgs999xc
150,532,LINK,9,497710233,femk0g2if4kbzk1wkliithd34653fhec8ii22vlo5apop5b7n0anizhsoa8y0do0
150,533,LINK,10,422193905,qaivqf4inaeatp7airvhkecfm4v9pfks3lzr4wj7wlvkoxa08ibmqjo8s1m1tc68
150,535,LINK,6,576557141,n02xebn3gh2wi0zdb5agwnj4pspalzazr4d5knoq4xxn8i8wfr2onr1h9focxyii
150,537,LINK,1,133538384,4clgfjlzbzfu1fkevgglz2sdn9cigmk0gb6q8g5b75tm7sepcwmiikei77u76kaz
150,538,LINK,9,986365262,pcpi8lxdnc7o4gu0szw504co7wn37tku83qmzdm1lgjdx91tiftnczylr4ojdrny
150,540,LINK,5,387062556,npvaoc9fkjm5cpxuoyxi4jbkurdd0kxbslsoe6czffvzxek9mmttoj4knt7sfi5q
150,541,LINK,2,927500099,o5owtgtbvp9kilyz30klm05s45x16i5wgiex3z6w7xuhx2neycfv4kfw78p74psn
150,542,LINK,4,716054404,w0btly9lmhxt43gqh0cph8ep6n8bx5v076qpsg7aaxngkt9rit5u70csh3lphhsa
150,543,LINK,4,912499464,31pn1x57u1nu9goot89ol9w95ibrkdaaoqe6yw9jfi4lb4dk3asgzuotn8cgt5rb
150,548,LINK,7,569985412,iiw991mzcbo18y2n0aplz5mf214c966ja6z03ns1jcm24gvpj9azmi5plz3o8ke1
150,550,LINK,1,382119305,lnwb3iq6a4cqxka7vct36w45x2jiqv4hj411vvwo2rg21kxsiwk9diiwtp8b44wv
150,551,LINK,3,759045389,hyw5br2m72oqm7cvu984w6985s6dxk2mm50tes3t82vg6kte5ct12l8obinu6e0o
150,552,LINK,2,708036908,3781drzoopzyccxuhfd3cclpy5do6z7udpx1xsfoumoon354ntiuosx9w3edmwi4
150,556,LINK,10,795528587,9eve1osysgylwynq3zmnh1u5enbbatb7o1oh471qcsdrab1jt7bghtyrpli67gds
150,557,LINK,4,819133531,n99zuzxk2y6d9s4defk1wcwny28u0ce9edhlnyfx91nvuhbkc2lnidt6yqtk7s6c
150,561,LINK,2,861897061,dkwxz1g8pqm81nawoyomx6hmhawvi0wlk10dvltwyegf2gvyigmas4qprbym6ten
150,562,LINK,6,160144769,93wc63xu8yr1zmbtaubqu7ekx8dt4kzngyxvdanrbjbnam8mvovika3hx84qa0n5
150,563,LINK,5,567696654,1z2few4glgjoow4e16ffefryosqp0jlkumdtkxba3e7xhfs7ny19c6nmvhfp0ju4
150,564,LINK,5,186922607,9q3e3rh0f0lcz40p3a58kc4wfdjdr8mscbqo8vbuoraxd2m82ep1n39uh05s9ius
150,565,LINK,3,646158419,d7df2rmr4onqmhby15232spb88t0jb9qvpyhkqypmjxaupt99sh7bfn5w9y6pvsz
150,567,LINK,2,624065276,cuujcw8sbwvwjz5oy1slhpej9adcfo4mvj8qjke0t0t3w3yljemm68chdvair8dx
150,570,LINK,6,399292008,zw4fbs6l1gzfqpt8k355t3635y7kr8pt9gb42i1a4ksp915ls8ji264xz17ukqw0
150,577,LINK,2,780767302,ftm8ljfo4wj1ccz7wbki4az3b6sr1lgdfc0bm275u6pwthapc08juwk7xccr17da
150,580,LINK,9,603067380,0eecf5zj15ksqvnud9gs4f6rvhmr2ial8zwnxtn7ljzobtszxhzazz7m2hqf67s0
150,581,LINK,5,691560216,6j82j22k2ng48525yaj8qu3kv6417a2vemmh9t2typ5dh9j5cmjvsb0myigeuvhk
150,584,LINK,1,245080847,6p0iy735tzu8rz034w08clfzcn2ozajc0zwt3s3ezs9q7o12rh3rhlupbzhk287d
150,585,LINK,10,60402156,qjr3cn4rf3rjctd0bcuae52wntbm870z35p4plipvp8rno34112qctt5pyrkm17u
150,591,LINK,3,937502574,wiflt5o96ym1icvkkxptgel1c31pinx3uhdho66g7c2yuy1jy4yf3d3kpsqgezup
150,595,LINK,7,333845153,eu9whufp4zy6l3rwrw640csan80cfwn0jcse2jst3s0cjpcush8d32wk4px1ron6
150,599,LINK,7,460654783,32bipcza4fg7dwvrk71n66lndpwn4s83p6x9mzonciotx6dy1pakv8wcp3u15j5q
150,601,LINK,4,202559752,o6df9zh9dtiivtwku6qv5cemjmgfythchisy0lcnv1r6cudinuuai5u3ut3rmiv7
150,602,LINK,4,745044762,uq8r8xj4evqp3kkwnebems0pnfiz2az3midqc0576on5axl3857wqs7yn5fze3fc
150,606,LINK,10,277278676,u846eik3o3pbqj1f2qw5pec390ardtfq3tl2fwwvuplqr91f4ongqmd9f4d758ze
150,610,LINK,9,557311732,p3hqbb17t1mbfgsroqqjt8d0euqfa8m9i9egx9zhw7b8tn5e5sbldf9snt9n93d8
150,613,LINK,4,981099422,8wxvys7sojpnqpks47oqz8a6bz621mpee8a7gyc49latnnhotm1yno7a6unpcwfp
150,614,LINK,9,75858753,tuxmpdri6ozka2uncs9v6lo3q4wmzsfn8cblnncw62sr6ehmax2blfez77fffw4d
150,616,LINK,8,117780065,kzpxfac2li0uime7sb2p1guxeg4etmf0ythfnpd2ff25xo5qgfmo3ajbtfy44ea0
150,617,LINK,2,286622489,nx1x2hm34bn10eoiook4jqxsa9q9nqs4lozjmhcdszlbnimrt326kkbjcsg7xteo
150,618,LINK,7,832671970,wgk6udbmrw2dr97v33n4s2pdfxp4fhw0p117coviqekwru2m71hbwu6v2kl7ycio
150,621,LINK,1,44350253,3825febw15rvmdakbgjb3m88uq699bukwme0gndx4mr1t3ix4powa0qs8sl4k81j
150,629,LINK,8,824816216,u11i2ubms0otv8z96yp262825qo584g4gdqq3nkvbv5n7kvs07zo63pb1d9y1aor
150,630,LINK,6,233029957,x57382xstvudnsafmitkhg3mqxy4w115u288m7qqzeg8ccj3cqn2kvsalwn1dh4w
150,632,LINK,7,456455794,kjdac4d8m8iwysubcsnv1q50p0xebpb05747fhxmzpqy6b1hqgr7lunvn0j4z088
150,633,LINK,10,910054786,5k8pl592pyvz8pfahoj7v0m2tujz46xmisfz3bl15266bfk0qw16y6fyjxsb4hqa
150,634,LINK,7,375788736,i5bsfpw2lie0eahm1v40r9of4bk0y7jvilt34ovxwdklxx23fq5v4zknwgnnxpry
150,640,LINK,3,931263051,zgacu732hlze6b1m1uvjxcvffc6vixi582iug1py41trrjrnscdty1avmkjv58xd
150,641,LINK,8,81304518,7fctdeqhftbjw69agzp8y47aumzewzpumtxqy657eis6gvaznu4r50lwwyv5vqox
150,644,LINK,8,905332356,enzkhyiodi3lg33z9k02j2gtsh4bvye2h9mrp8ljgfqjtroy8afciquhy2aph51z
150,646,LINK,6,65984811,9fuzfz7nxpciicgij4m3rpm0a1nqz2qvr722lfgvgvbkqnlqckol2vrltv6mdn2k
150,651,LINK,9,474833715,kjkxwns4vgar015x6dzwup4opshi9zl6fg67qvskboi40pp1nigpctagxks4ny92
150,652,LINK,3,62167314,9pcimczpjoeu74xpg823o52itj00dmd4331u16w697qwy16ecpqjrdpw2p9t0a5w
150,655,LINK,5,827572534,m7l3yijwnbzqmdv72pd3gjc7c4t8zzw021xz0midulxgneeueq5crh4w71dyh3ll
150,657,LINK,7,842500152,8jfq0ipkj4i840jmelaaw5xgvdehugck8tf3plsgvthdz0sbjdhackszcsglrecm
150,661,LINK,5,522208976,9mikx5sclcfpma7d0vrctrokt9vwfq07jxjk24yp223dqobjcxsz7jkkupy537vm
150,662,LINK,6,984603849,qra193ve2d06n3hapk4yu74kbm300b42rrrelki22qa8g0h0yyfponee1aprq0eh
150,664,LINK,9,219897672,urucplswy45a5f479a59uug9w5bxnigloavceotpoc5n9afr0nx51pp38vno48k8
150,671,LINK,4,250171147,fnoor1hlh5ba2ue71f3mon5r33lu7qjf0k8b8kec8lp0pmwtt75d5vfmncgwrldh
150,676,LINK,10,836581918,wqrwksncd4gf7mdjaajrckkgnkyz2zhcyl4s60p5gfodr19a0sblsi54wkxrrhee
150,677,LINK,7,835607541,wftipj6qkn8q1yz86d2rchcmzuh6wmltrqm52lyxg9lpxwwt2ki74q5tcq3i1ldu
150,681,LINK,10,29365500,8ryt11xs3j97abxw1sbqznmr7z4kng3rmbl1mzslux8kra6sugystyaqije0vhyb
150,682,LINK,6,518110601,jig9df6crryy8cfwjrt53cp6z0b5pu4k1jbd6fuvytpmkleqfwsr3qbyzba5f6o4
150,683,LINK,5,536275663,uw7u2ke06cjsp3sfoy4ewu8ihnddrcs95nevothwonfeprabe34s96viu4onzbra
150,685,LINK,1,466122355,icuq7xyv2o24vygn311ku8nxbq5ywsux10u19rjveqomc45zuvef5xppniv044bf
150,686,LINK,2,797084701,icoc9e8yjsxegyutu2324aay3j75erbhyax4m0xkmi5a0y67nj4xavrqz47cq0hb
150,690,LINK,6,764194086,09r7474mpp866wuw1sta3dqaxeg7ngvz3s5rnv2g1zdrsr0qh9xh3r3xsykidep5
150,692,LINK,9,454439077,uzdiw8vioglb0684rynztnx7t1m3buncajsmf63xog3labhzn0tywy5dhv5zmqba
150,693,LINK,6,586900678,oyaboa275951sejg91cprr1jd10h8jcshqpy7v0i51x2np5mik669o4yy7moqzgr
150,694,LINK,7,622294064,8hundv1k7rv3v27ucmk9lxstl82rofzpyhf3bz9heorafiuihtvjtafertmbicbb
150,697,LINK,9,872959131,bgmefjx6zlc45orjen95aibko0nkh61db30rh28h533w18qbay4kbr5boa6jrdoo
150,698,LINK,10,732933368,g7ro2gtx5xbhg44cyr6dd3y159ikjbcyubr8e36vimpj026igim5zunc25izez3w
150,701,LINK,1,623259056,1ktgmaok5mqmdlw0nkukafbzswk8aegpx2huon3fi19wpad2udr05rneerjip35r
150,702,LINK,2,296126559,3s31c6yd4j08ea1gcva7fnuy3i5iwjie11ixxc0ctsb9ossm4qjb18jvzkxdu7lk
150,705,LINK,7,876001053,932zp728dvjsoeyoew7g8odrv1f2bxujpmtaiv0mwgjq6vdmc3w9je1okbfo087h
150,707,LINK,1,993276137,xnsinm1ld06vge1sg1pvbn7q7nr1axk4lpqezgald99jp348fwkgii4c571usqyf
150,708,LINK,8,493414167,7v7qp8m7q8gyr0crkw2d7w8cyb36l1tag8suips3cikimc86tgoz7kwsyhlmw5u5
150,709,LINK,2,5616591,b1uo6a136i668zwgvti1tedffmyurvs94os2b04brmolixoeu7z7n7x72lqz3hys
150,711,LINK,1,653479831,v08c8avy323cqhlwulsqp9o66rtfgjtybbffa43ueosbkoh58xv7hyihh5zprh8q
150,714,LINK,4,703821036,wgrf6pz2wmzuy9sqibex4r8hmwmscnlr84gvrmawnutqnzgv3ofxy0lt625sbr2o
150,720,LINK,6,711719455,cj6b8fhxdne0v84gij48w5woylubiahjazx4df2emth78zrrn7710635zax79h1b
150,723,LINK,5,594917656,wkbus02enhsqnmrdmk6onn192qr4vfont3c8lfz303wm1cvfq9uk1ue37lqypvdh
150,724,LINK,8,108517017,7qn8puu198mswspcskc1iso6j2tnaab90z34mr0gpue4siymori0g2p8a471f6tx
150,725,LINK,5,375852589,9y33kp7bpdo69xktsw6vx505b7ftetzn62ybjrnpb8qjd56n3qn3hu7bnpoucuhj
150,726,LINK,7,819309426,oql4uq0ohyulm279j46x9bfb9gorry2s3emeje5ok2z4ssb8n7z42bbwyedjzx0l
150,729,LINK,3,925865579,5wg6gu8nqvt9mqox0resh7t286980cs792yw7r5kkblnntmz9q0ai4cw12oj0zod
150,731,LINK,1,291755563,g54q4q95a9oqemfegihrjikw4sym83zvtec0npuvlrimexg1anz3nksep85c9pdb
150,732,LINK,10,338051821,l4a7xkjo0chle0x2ty718ibdbbd3oey9g4yd7wnhxi29ljy2ttyak6z1zogezlhe
150,734,LINK,9,39139029,fgar5f9jgr1iyw62e1lqh8xmebukg5zfydhk885kkulzf7tnfq4tyigg1u7rfcqw
150,736,LINK,7,529820624,tydl34afbfsu6vk2xjtiddm4r8308t4up1m78ci0qxsm029552djm5mk851pj2d5
150,743,LINK,10,305735032,5ji0xc55wso3u2ld9frn2x6q2s7wj922jz4761ghhsgb1245eb49se7yzj0odn05
150,745,LINK,6,604201928,1ypwkm3iuhrcko680gnxet034fbj48i2gx97o372fyplt070ji0kz4a96qcqih4i
150,746,LINK,10,466290162,t6l586i86sxrb1qyslu82tf5bs30nmo1eo286dg2wz67lc1ic28o6nzhtht3dvss
150,747,LINK,4,650204010,fkjzh8j2xlhp2pdo922nxevg3snofbdrg9btspre0qybvyi75w2shhwdt75eezzq
150,748,LINK,4,440315684,s3jji3q2kfuhurfqfq39czc6bi5bb5xg8e40afro4yd9l20fjf3ii5gj8cwxgc47
150,749,LINK,8,650850584,2aurrqycv9wch0glodki33jh88binbhviwlydt65ki2z3vf4orgbojwzi779zaoy
150,750,LINK,7,119331597,4hm2sdi6x63ciulpwwx7qwz4xpcvg7v8r8m8r70028djasekvagmgz5baky21m8x
150,751,LINK,3,700143142,zuihhxftfjpma5l2qqohvedxzj44az3bgsftmo6rea4dh7xvjg0zk8ve6e9ijr6k
150,752,LINK,9,289232992,vwv44tzeae62z4z2tmrq6cmltcwnbvr0qj005naxh78pid5y73egt1ii5hc1r4pt
150,753,LINK,3,973405808,rivcsnhp9zxjjyx7l648fzxwxt9oa7bglfuqejayc9ecj672bjqw0b89p2khoip1
150,755,LINK,7,91975743,u7thu0vhwqddpvg87kmo67pbx9jdxi9j24qbbk2b0185hzr2m6q4limzz5y7b25o
150,760,LINK,8,670294028,4h2vzelj1ijeoteeb0ysh9ipp25oaql5e1x73ns21ilb2w4ldbp6zt36peof06yq
150,763,LINK,5,909164930,q0j834lnbn9359alpkysyywa7fgp7ydmktrx2wratr9w0tv9had7g8hnu1ibskec
150,764,LINK,9,298769092,cncyxde9tf6otf6bk0qn30zlhdco59q46biu7u3r4j5ofpu8q4p7q1c9zc872l7v
150,768,LINK,2,473673264,5znz59v1421kvf8g6wk760tvehfle3rslmg5yuyotbivg5plpesmp8jsgf9pciuv
150,771,LINK,2,830355583,jxbka541ill55vav2yfoa1z908mor88m5xxv0bvnvnndq7h9x1dxipkw7oxheatu
150,774,LINK,1,11879663,hykt4unwi82n7c66d1ebg5hu4bxe6jr8nrdzzh5vfed2luhb2omirjj4edz3sy6l
150,775,LINK,1,435779911,tht62ztbkj4md9bakx62p9m7iur6xf1bx78sp98b4dhtoquelwjni7y8ev0wy17n
150,776,LINK,10,494719192,km56seyg0sdx59yd61pg9v0dw56owtzw3iwrfj3gzs3rpeb21rg2sdcb3lfm3alk
150,777,LINK,8,278864687,75y3ny8jy9a3y1nscekvouq2qidoj1nqk866evwmq5cxxl84mkb5jvqmdd7mk7cf
150,783,LINK,3,550136489,nj19fpntwqvwl0ueyi4cbej3ro0kmw7idwwpj5099ydcgcmx5wev3zlvfy9mpxmw
150,790,LINK,4,865850599,il1x04yov4bwbg05666mj12enz2vreesetfc7zwuniqwzkr4g5j14x7xboqbqi38
150,791,LINK,5,333173252,8rkvvem0jt1b52hjsei2ld0quolmgbumpdcak36ckaw81573vtu2kdoc770r7ly8
150,793,LINK,5,505451358,zukw8l5wmro0ol4drugmvbjn9s7t0s4ei4893o7kwkf1b9wzxdfmddozr8a3trng
150,797,LINK,5,556694152,h5a94mtjwy4cs6a8eqew3dp4o4huezn2t9l2tka61yxvv8i7oieh6y964wm1juct
150,800,LINK,5,849573687,2c2ow3q0cucwjr3ggdmlztc5e5thwzzyni1f2igx9iirzrvlx0dxs1u4ga8otxs1
150,801,LINK,5,629777484,3tihhdyrqvxsqhr4om5ivyc0d0o7yqu5w66kbzmjwg799o3kt3o98bxjen260du3
150,807,LINK,8,153025104,32ojybzejnkoxh0iagook81501ftjmgnmazjq59tiqpsfzw0iai5m3knf4grz55g
150,811,LINK,5,896544912,uxxpfmzsif4sml0yb9a78ihlz125re39pmz0snwcujizu7bf5tde32d3vds9fdbx
150,818,LINK,5,81797689,acfdaxjsn5056bmo5p108dm3wnpgfbqxgvhsq0e0sgetujqopk1f9dnes2x6rsmd
150,821,LINK,5,607209397,7hll5uct89lhvf37wzbj8vq5brojspquzkfovmdelxvn8ocwd6arl4y61gvmqmct
150,823,LINK,7,971767506,kb36hk6v3m01vxqpttofb0yoasrvft1zgcyiakmzzszqmltd4y06zf2jympid9kp
150,824,LINK,6,305393855,7mrrzd756fnclewn0b8lc6h97addc4vl2dp0vkrp4wfl5k49ebr1be9mpwlfke5v
150,825,LINK,10,1525637,ufwt279se6z1sfwi3esl30417r79yxsbmm94b1afqypjabt3orebf7fsvzqu53du
150,828,LINK,9,644983970,gdaw21c38i1f1s2eka3sxc3s12ggyftzm2o5evzh2kk4z33i0mwfjvjue9lq48nf
150,832,LINK,8,741730613,4eaoc3dtuysqk37500q5u4j48danlh04qtqbo13fk37jdzhcgtsf8aoj6spbn28j
150,833,LINK,7,64409483,e8rgwv2amkfvovp4drm0mun06oqji14wqx9wr7p2sfx92bpnml1no2eozp9m0qtb
150,834,LINK,3,840853975,oazh2hjyix9hdkxrexaqude6xmv741wykhmw00jdpfcuvkr2j7tqbm5sy967s7xr
150,837,LINK,5,415689008,16pvada0br0czvxvlz2cw38m4fhvludmpksr5a3cd7qgxetuxairt47xr5ixp6pt
150,839,LINK,9,767265303,ay0idi14wbi7yxqdr7zzlb5zcmkokwjdm9ttls5mlxlp707y8fyelu9qz62vgyko
150,841,LINK,5,998868551,sxfj0r9a3u0yz6zprjulraxz4ammsvtuuxmgschojkk8b76myl6mq1n2p0maov5t
150,842,LINK,4,938721332,5ici9cxjft1wa84hhp9kmckv4mmnotn1uaymbkxzewcpym6nwb11ovln03j9xtga
150,845,LINK,1,686948944,jv6e8dt13q85jlq4apsld0fgg2ajbqxm7153hkoyn9ui89mh82dgm8y6jc7961ru
150,847,LINK,8,685515025,jm2egp4k15nkwfbte6pbot5ng7jubb6dealkyqdmwcl7wec0b7g3iihp7mspqhar
150,849,LINK,3,917332049,wiy6qk7b168chqfy7mpwg2wqsweuck49y0xu7hzkkkch3qie6wnafk94f7q6lmno
150,851,LINK,9,800732500,n35sdvo1pdcsbicslvm1bj3rlb3rdj5ja8i1c4vvaf5oh4x2ut7yz09khd32uch0
150,852,LINK,7,565428272,o2ugpjdw8x7gcy77sd5k6p9ck2i2u25zziz22dncdzbafr9tgmtp77da9zr6v9zu
150,854,LINK,1,129232033,ljb4fxh3fksuljpdwykeskqbpaniseyfuukc5s2lyot0qlk7jtz8240q3vndiw7r
150,859,LINK,3,408204376,4f1zfrxssygt992zx2iyknp9sv34wrdpzx4tinbg3vidz13a0wnblsicpu9em451
150,862,LINK,2,977707076,jug2ev2cimfhqlyrfsvd0h1qer2r0s0ehxgg5bv16959b23yyuj8j0lu04e042gz
150,863,LINK,6,965658005,g7s9ribxkecetw092z7tkvjao39g9368stb7xlt9e5eqq2nzrqs7idhbbpa81qtb
150,865,LINK,8,737000655,yw9mhzrmivok8b3vbtci4bug0zwxau0y2l331huvzt3juziu79f13tuhmv7z8huk
150,871,LINK,6,828442621,2umtey53k8d6gw48et0c5yry0o6bspbd9gr9fxnv8xxxal085tllws31i75pghch
150,875,LINK,2,552535960,iwlwpm0gjdwamyqdcbla2mk6zm8gnr15s33hpgk4lkjjd3os0cde1reaikk8cdy5
150,876,LINK,3,125729317,89a1vx3o8ts40duu07v7fy9j89jb4jqxcbpxh2c66nr84jndltfsbwuqe6ptm23b
150,881,LINK,5,128688138,m91tc3ekve91xe7ajqf54hdll3w4pnr796ggbg8chrffj3tr51nozt1tj82j4yw6
150,883,LINK,3,380177143,ze1m6dj6wr1ipq9p9vrd9fdgjx5w8sv7jg6grv34ha56d3x65gbtj5v1lec6a03l
150,884,LINK,3,991840042,e5u8o1pukfhfwlf6s96gme6z2yvu34cmhyca9h3psybvhszp3vlp67tfttqif9vp
150,887,LINK,10,334752288,42ah9gzwdoqb3qlolc82ghhahm65pojcsxmduhhqkuv7omgyx0ouwn5fvf1k9itj
150,888,LINK,7,592462344,hc7a3xac2f8w34g2yrtxyn1fmd5d4ar6uluzd48uzoo5t35ktmaagbw103c2e5jd
150,890,LINK,7,54254752,d0udo14ilcec14ctxmmt5olk0ffp5rt2kax47up9o5oawj4pmgp09e6e7u2m75sj
150,891,LINK,8,7216302,m0fdea033ajez0jwlqgiplmywfxm3o4fv9suldicvqmnzm3crju5ay5b18d29wgm
150,893,LINK,3,716455856,gd5kvb30z2nu497cvwbbwax5qplsvpehn7jzgo80n1x7tho6x3lwcgxj3nqeqjc6
150,896,LINK,6,388974318,df87asdgcve1gents9rkomddwoyaog1y10enb4x2q8j5u11i9teo0365r5syxraz
150,897,LINK,7,204999777,fbk1ewx4zor8le7b6zqmazsj8d5n0mdc0rytom3i3zaka9w32htrae4ddw980csn
150,899,LINK,2,233747915,l2iy8xrp7l82go2p8nzcg1vmtygko95uly2prq9kaaedvr4yvqbv3derxdtwy63j
150,900,LINK,10,544647047,67779ecdz3rr7ks23p4g8l2152pnzfe1crlq0rbvqbzqa2o3s74dx8wbzcvpnj2h
150,901,LINK,7,293905862,kplcsgio5n4zan0dcumgxk47gpi8c1o1n7hbwrbqkpniiutvj70l0ab1o7jblmz4
150,906,LINK,6,887810284,3frh5j4llclat9b55qbcxw7tpmnnx9z8ogl49ft5gixofpqqncyzg4cx7xdjtijv
150,907,LINK,2,43074064,qymvwt109x3apbnku6iouu397rohbumgdn6bo89vglbwtxfmzradjasr9pewvwnf
150,908,LINK,8,629975783,eyw5ddzfqiklthcllamjqbxphar2siv97lnz5q702ei8iteit0lg0gsydixwx1kc
150,910,LINK,2,671097861,q01x3641hgtypoe2zcy1yf6wynt2p4e6gedpfskmqzrvm0ogkrs78g2sojwflitm
150,911,LINK,4,85766275,yxiirfrygcgri85u32aisrsbxuqh84kqf7zx2yw55xyk7vs6fc8stpq7ft6i6fkb
150,913,LINK,6,418400877,4esjuu0uibek4zadhxppnqszqhexduierfclwjzz6nld7gmx3bdw2t9o5l65p0nu
150,916,LINK,7,195295190,b6pysmsqahcgv85vutonr2xu9fwtyhrd2jv8gp4dmcebiaknh6zrvxp6941ec7s3
150,917,LINK,4,321705309,esyno9xbm7s0q7l7oby54phsgqhu1hlwc2pqiws9okltkzytszujojgasx491roe
150,918,LINK,1,175180943,zcvd2wwl0a484w0bbo9en2pfy4r3u8sr57ymzk42a2j2tysg9cj73m5qe3x6n4j4
150,919,LINK,3,460796937,77zk2x9rmha556v15ijm17sg5p6wde2g4h5oplwegt7bpr7jjc8yzau20bvk2d10
150,920,LINK,10,482986047,ps5mh9ntkhzvalvzb6pcs2xfeu74ffll39kehb8xdc4nyoc6j7z5s4i3b78mx3y1
150,922,LINK,6,142312944,noy3rw7f4n239lhddtuai3ph47t08jysde9ifq6ujn3dy3s0ata9n1nwyy5zini5
150,923,LINK,1,500393657,vx15mwz1tmkespj8qxmfsgxrysa5brs68v3c5312y7vdhnm42k4ckxl0vpyv7t0o
150,926,LINK,3,354025029,ndp7lmuccckhesrv6id0drx2aea3uidc9c6hx3rij73oqz0d3f0hdy7yovg7ej98
150,929,LINK,8,864812909,5ksux989l5do1g8dtsofeqc619yvqm2zcyfxtswroikm0byhnlztzf08rxo2fq0d
150,931,LINK,9,343109422,3onqmmbrdg3i1mdj14chj9wlyhqmgg1n639ahzdevfw2qm08g5d47rhgnr2ydcgs
150,932,LINK,1,757454804,gtguxh1tgi92u56mbjy5nbq0ivhd2dl50nkh13ezlpfi8p3fc4lwnofsudp9snvk
150,934,LINK,10,217925412,5enjcw1juvfd47l1wgajktgvuqiccd9d23pm5du06ty8fjgvbpxafjnjpu0ojhzy
150,935,LINK,9,760384055,cv3mz84xt4nbagan8ozdydd5xgrsj01qnx1xu9eeheii0sfkokuffwiacnxts4ay
150,937,LINK,7,916547816,b0dspklkfjdv873ftbzp6pjb3jsh7x2uexa9vgvvp07qx4omnj5tfkk88rck09oc
150,944,LINK,9,671918643,o4nrbihvbky7ygkq75fp75dg75jiwm02tal2jqu31xubohtywfgsjalxhnlde88i
150,950,LINK,4,528758768,oyk3cejhqw6faco799zmpdy131rrss043gghr3d18uv3yo1sxrsk28adqt22qru7
150,951,LINK,6,729481074,x44hqwjc1ilavclkcjozyuawh3f09c34zzh61l1tuyul7zkqlk89ylp0dehf6bdc
150,952,LINK,4,446216071,j9b3cbowwxta22gusnhdgr0ndjw3y0uk7ct4wbdfwi30bva7bndp4r37tgv5tcj8
150,954,LINK,4,270387748,r4618ngjfqp44zzixt4xajk6c5sxuijfcgypsemvuqul0un7ruwf2qv3nuum6nuq
150,958,LINK,2,454294649,fr0z73z2pmtdi9524fytqr44q7kozafcpcqdd79zz78cya832cnyyi8ahd8wiaoe
150,960,LINK,10,615629232,m1fy09vc341t0d2fttr3q1s27vl7xxn1llf6kunox25bp9e8kycycqoh7r0jg0f2
150,963,LINK,8,10810384,ayu60swcc2sxm16bd7rr3ubphdsgs6xc12gcis8ex0g1zzc3a2xqqh7sqd90gr4j
150,965,LINK,1,359812742,rav9vwfx2js0riweivewq2iqu82web3dtvkb16d147ighhotu6krvox3yidroi1y
150,967,LINK,8,862291014,5gtx2wq5ktez013yq0uw30737eagc79s5rbo78kws39mjbe3farchhyq9mk7rqkj
150,968,LINK,1,235232201,v5xal6in4lhnzvfnoi7kk97tz3p5nxpmk1v31owh2x0abqexdlmka0vut8lwd958
150,969,LINK,7,385518640,r9d5jshl9o8opc9zfzaq2c2njmo58wlpypkzficcoy1im12f1b76xnnk3rf6rldn
150,978,LINK,8,649502786,zulxlim8r9ar0pf2a133oq092tovibqdptjbnqcr4dn0jza226ypjwi35n8ep6xo
150,979,LINK,2,353743079,1bcesgiy8jxsgqwztv17nz251iqeho8tmgu1d4925u20y90933ys2v3piij7hq3i
150,981,LINK,6,430461100,gymwlodeehtcvx4u407u3i35rt9ez2gutoho28h293z4ytplwkj9uputlmxw26ms
150,985,LINK,1,865731230,n09w1mduetrwwytpc9jffzv7jknk8dnu21gh9lgp07g0h5tvmzj3yedetpscgoqc
150,987,LINK,8,990489270,dq55loerklgo2jjx9v7chqx1vw3cug4n2m9fx1z11b5of3ozrosrdqz7t2wrvy6e
150,991,LINK,1,4188264,e9tqpl1553i72olts8crzu0hzywrq9zjodp8vwgf22mlz1dj7k476x0rrwv2rt11
150,996,LINK,10,156365976,irlscme28aka8equ7toio99aeja6hjw5pk36clf1kgh3dhbhwcaz7rswvluqo0ni
150,997,LINK,5,415928812,2yhtqx6a5crwicwziucm20l0hwyh4ok1cq10z4z01w6r8ytjsu03rpmyf1k4fakj
150,999,LINK,5,748254603,zvdz7vu4xpin47pin33jrrtafznqds8hiy1u88dhjpxq0rq6vfkeviee1lkqm40y
151,55,LINK,9,246449463,lkroca00bjopg7gzibbcw8x5n36d66uxqvz7bzovvww5jqw15uzinifnug07mr4j
151,71,LINK,4,200472649,moyw7buir1m2d5wz2z24tcc2q3w0norslos19z2ooq1pgq7nrqjd06hht1o3bub5
151,185,LINK,1,966265307,7h4soddje990fdevlkv8cpmj6c0g1k1rw3cgkajjwv89rwialdgz5x1f5am10gx7
151,462,LINK,8,856692070,rbql1tpj6zgdfbu7mqh5ijbse4pwwob341a430s93vqtn1666mfwth9qru2fxuoc
151,681,LINK,7,224294086,quiwhcptxkqwphmzqnisgt3npnzvcsqis399qjinmp5c6e24gv8slxekgvsmj65s
152,252,LINK,6,94275552,lh3ujgjl005bk3ycwyl76ec4gc61iyxodbzwrlf9q6104iitn4mcgddk193d6ova
153,63,LINK,9,648043899,g34g2e6qpjl8snj414r0g3hab4ex43rhr2edv078rgd4eh7klxwmpwoyj6124dsz
153,78,LINK,3,629605215,9eucuore213ij6it2ojlqvamgnrj6dgmds788d5rjd0v89jaiwuu7msqyf8w2udj
153,92,LINK,10,22710890,jo14ntq0mgqzl1a3mfplibwriwcwb6478rx4pmytbti7gt41ozloy337oj3m3lbv
153,174,LINK,5,449774846,ll9nsxgairxhq4ocnejliiq7ji1fbjnq6899hr1yu393ksa2g6e5lj83g7fak6gj
153,743,LINK,10,237573906,7ycjddcjqoxd3mo9kxmhbic8cpw9liuyd3m1g5eu918gkv6meh7f3w7qeyf82wao
153,745,LINK,1,732338291,ik5on7fbsx722f5s9ldnwruzrjlcntcqc9l4awa5m8o69y5qcnh6y1wwr8vb4cld
153,756,LINK,1,599086235,1oexd4g2s9wgjgcu5sh0ysr3fra6l0bts71n18ucvb8wkiv6vsopd1noj0mss4u5
153,795,LINK,7,218754764,kbd6esrkq0v3pymjhx9zhb5hda7d37e4rk1gk1gb9oay9z7p9ck2sos58m1qm5m1
153,956,LINK,8,22636493,gni9d3h9bjq4ybos6h6idob39et5ydnhp00cbyv8dvbi1kw2io4ige88fjrycqb3
154,163,LINK,5,925071553,hvic0so4gigg83trsfsvtjysrz84m5gj4227y73ijvsjfillc2s160241v02hnvk
154,855,LINK,2,452955580,qal9j2u396pee1ednwud3latn0tj3m4n6jw03wyu0sf652zrxd13xbn30vu9bgfn
155,256,LINK,7,992888310,wj5dv17t2297pqtvg1ucndy8igwx9qoq048fcwqee7ywe7id5hc0jr4mx0zclf7q
155,257,LINK,1,24574958,xaqsjzouinmz7x0ial9g9iqyzo0vr4q98iw5w550qdzggy9bw5rmv5tdm3a1bord
155,439,LINK,1,774207216,4hspprudrr1zzek0glc1teilah52js2bdscx36bkmc7zpdzggfy9905xc0r7b8kf
155,683,LINK,1,372691178,hvgtukt9ohpz1ez5ix6y0tr9pb0d5vmhq1q9nugmoyzo5876hna02asczz5iuvfq
155,686,LINK,4,179159198,ux2o9su3umyc8l6r0tq96adn0ahz29wcu55ssy7rcu2s86625038q1o69t3zdezx
155,874,LINK,5,976711491,lvnq8qe1bffekg1211e1rn5cqjxw1jkx3zlqa1bb4hdr4f5p6calkdz68ej3550k
155,909,LINK,8,6027927,ywsgovadd5n6a8gl8hg1nzdri03mjjftefhpc1h5zdzhvzfsr85sdgxmylf57bn2
155,921,LINK,10,649927166,tdi8bg4a3mom22f766xjragzezyzs1k8rp35yv7d6lnj5k0opzrsct91opae1hlb
156,874,LINK,1,176332202,8ylxx7nw1f2b352xahslnozio2h92qf51owzbkyepbtb6hlly3jxnw1za1pelm64
157,752,LINK,5,961239676,720w3sr1o5gj5cpv61ui88hcfnfym8ngqam2q0gr1i62k7wgrkxehd9a68jdgy72
158,113,LINK,10,425597134,d5kt9f87q1gc2he608wfbp83t5n0b7ifzn7v574ucjqsihsmar040dgaoodk3r90
159,891,LINK,3,132949437,esg8mtsy4b01e0600dx4gqlfgj1h4ip40vp3qs9plsg8v422ciht1y58u95orw5i
160,44,LINK,1,727126562,5m67iyidag8dsnvrgw52e6s98j9dpi1h164l0ywqec5hrw5rlawy23b3pysss022
161,232,LINK,5,17507216,lj0rsx8gipk3awsjy0euq2cm9fe9xma524mnv7kvxajbwe90lnnkp3gmwit324qx
161,261,LINK,2,285987158,w7gvleibp76t101l3xhuchyt74fjcb3t474rrbwt26pqy2dkbey62r7yre4t9uyw
161,578,LINK,5,284257917,my3w3aklqefrhbikd8l2yho3c97jx9yfex0uby086jyh5ik2im6yqsrjqo3f87b6
161,690,LINK,8,477249491,5fwoy0wlhhudj45j1hkiphxpw6fz4en0uqyumsjnhyyz1pawpry6bhgumtjnog7f
162,679,LINK,5,89127179,1t5a4cxioqi2s76q2rid7f2lxgyx3v4ff0tcnojvx1pzng2nxzurpozuit9y75kf
163,347,LINK,9,850809971,3f9zz60syaj13qs07mt1e3hjhg2j91ljlq922pyv6fure1o9xnn5kvj0u610mpl6
163,369,LINK,7,850734601,gkh8nr5xitosupcvdhkyyq60m1dvyjzhkk1nzhqa1jbhh3lq8a69o64ujdv9o694
163,654,LINK,8,276677390,mn5jfakdmrlieqpu6gbxkcspkt06cz366loohsbrjbl84iyryokq21wbyvdv0pkv
163,867,LINK,4,685530678,h35972p2ncn05h9gcl7dh7kwh310to8nw4dojhabnrgubv09u0l8hgr4q3wdwsdt
164,90,LINK,3,569636923,nu0f6wbxrelwfcwtof1vrvls17ewfxj19veazg9r2ii1oa0s37skqpql5r1w4ow5
164,386,LINK,10,808799188,d6d9juzyeg7gsdc0vg1i0pt8srlj64la53g11sr2elipl3en23h17iulpsf1x9y4
165,863,LINK,10,500940288,usdfxv0m70iakngvqn1b9yym961v2bfeaq388iuo04521vy66ekf9oo07ld8w78k
166,352,LINK,5,527689733,cbdt41k95l9net004od8s2zttcpds4wfdjudt85ah99ta9o2qr6hjgcuxlh01z7v
166,540,LINK,4,863119890,9yx2dmgmnpxa9rcb2c9h6drqklqib9fsxwerz1kzr99irazc2k6as1gwbdp0w0sg
166,924,LINK,1,353379856,czrue2y1fyfndiikik3xrg2une1irri4f3362i99rb6ikxtuusalktw36zz29j17
167,702,LINK,10,307743812,l1z7p26wnkowq1xpttfioqrcsx39tbv0tpga6rgi2g6hpllmc72u5w7f3pfklcxu
168,394,LINK,10,851867132,w7q5rpwvtxcpcmr1vpccwsx8t4cixfvvi0i7q5alz98y78zdy1yxp3go7wxyo4p0
169,139,LINK,3,737516862,8ym64or4tx29ko44vk02e7kyyvpl3skp69ji221v8tsotgzkqix1bpyyzyzrhh59
170,513,LINK,9,683306339,ht4u4su9ypcuweyga5fb9ogf5v0ajyhg3gq9b0ngphko8474ibn1n524k61o6zk2
171,651,LINK,10,853823955,zrr6fiprnajp6mcaakxkcam8kxmsok27fqhlu5x7v199zzrdxixf0098f3p0590h
172,383,LINK,7,601562795,oqoqw3cb8r6mmyurtcdeswcv5gjm3thodeiha8u7lci8uhq7b3on7flokz111a6g
173,822,LINK,1,631657243,w973v2rsz6qkb5mlwykredzzzsf6uslziww58uyh4qz75cdekfvbwn9htf3i9g9i
174,58,LINK,7,245681826,5n08ncmcpd6e98tscv51x5y46yir5syxa61a7mp54ssy24w5aa6npwf1tvpg45m4
174,393,LINK,5,349591372,3jnyb8ifb4748r1i0tau5qoqpr44gf3o1aw9kpz2991y8qlixz5r75ef1jw37pha
174,397,LINK,8,884560555,md7o6em44yvl54gi6k736zhu2hlo647qqqbm4c4qudj1jchuyzyntywkaf5gscs6
175,28,LINK,10,37352512,p8zp37eeoj2g62g8xyfvq5l0hxx6tm5eotchpkmxkecy6hbs2x4zu1ujzjnlk9m1
175,159,LINK,7,623192340,cdur3llk8u6o996hwp2jbhb1pyr1xaegfaqr6yx9zvtz3k9cwkupgy4l8gtst5yl
175,264,LINK,1,597724182,sqh4xuddv389i9d1e6r06ya7ow0lxyyv26uhpl72ec1t1uf0eco5ekm5r5g1t968
175,502,LINK,5,771146669,gl6uqa8l6cix6ylqr487qk8zcn0ms6vkx9orblwqzip2es0873m0anxkfejd0e2j
175,680,LINK,4,178427555,5r5us0xxhckmr14pptzzhjt63rq30xxorvsgl9tc2ryxg9dzh0x3q4aw6gd3qa40
175,704,LINK,7,264359965,4eftafd06ilttd2u1epq3blviwqmwknv7erp1hwqghgb6l1mo4mhekue0b2c9l9n
175,722,LINK,9,449199679,2f4j6ksdwc0nva9epxp7wsrzsyhreux8g4h9w9vbdp45xbzzfsx75wqmdst2r59k
175,898,LINK,6,27238558,i6118pjfrqbulfyasmq1df5hx02v40i50bf4fdndodhswyi3sqzxdpmp5odepc29
176,2,LINK,1,226795570,mh482gn9o2jttm2ldacwqx5a68y4eetmynnaebt5muos5hdokg11desd2kihhf3o
176,25,LINK,4,548470486,c2ozuem4b7hmkadi6uyo7cnw9umepzqc662eii16t6de13w9ew4a78xmfggbaryn
176,142,LINK,7,628262827,656acsbwgq47conqeuc9gib9yctlxd8gua43xgirk2ae7nhdwyx1kqtid9fxf7gn
176,172,LINK,6,553719690,5c0wxx65dnw789rqwylmow5t4242hd9jvjt3g5egx3izlx2oeawem6pfnza075v0
176,199,LINK,3,980940335,k1l71ze0vqfpbi0wq5h7be9qd801o17l968qxj37kzetpq7u6pxh5pq01tqb4kn6
176,395,LINK,2,369442101,u2pvkuuwk2x5q6ulrzanv5mt09oe7x8jxradj4g5b8f3d9ejhxryymict2mfcdtj
176,397,LINK,10,399651880,09cjuoioy3j46pxftnzel4ibrchsph24zohst3eo3j9qo95e1jk9mi9ideaa4u15
176,437,LINK,8,810660513,za8u9e2ita9m8jv05oiff3hr3inrxiuz82w52fm6wewrqy1f0ljw9jt786sttpse
176,457,LINK,3,562930247,r48tyrc2oe4vz2vgz2eydhdf44ivr8xunq535t73qg6j6tc57d4dsz5pol2c4qnc
176,491,LINK,8,147409774,tn3jjz4zkskly9n5d4m06y6k0eqzjzizudoz220y8fpvdlpulngvrij5y9revard
176,525,LINK,9,119356327,yr0wjydozuyytgsylbmzhfay568z97e3lpy3umj4qfxfyucncvqede0v1egr2pi6
176,526,LINK,5,815508217,p4kld10nuz57hrkwc2on8wmwh1few0xy06lir0qpoe5p6hq5mbgn08j1z844at2p
176,566,LINK,3,225728661,uhrwtsjt0w9q2ivvs6uxqmun95x8fr9wsy5cak1qdej6beirm6706jnkitfy5w0i
176,626,LINK,10,536895882,v3dyay85wsmyyhecimh3ssup5vmbfdxlardyhk5vfcb2xctsbr5hqccmqg12ewbk
176,628,LINK,9,136641319,junoxqk8thagwilas4xpscw5bmt9eo334ecbgkdas51y0wyc42tnbm6taynkz818
176,638,LINK,9,120796290,401v9j26tyom7g82ut22s8xv0eh7jhdg99bjz0msg9kxvavkpc6lr05rob9baluz
176,659,LINK,3,319330267,cvtkw0s1a6mvqutkimi5h0lx9xb8aqxit8u1gy7d6y3270b8jte77pdso8h9ddgw
176,675,LINK,9,939001404,olb35hvirxr21bvxitouzkppfebfs3jlmgn4wvx2p1cvzyxcw96cr7s97ybjx2g7
176,725,LINK,4,355538584,0uqf3mfflr2uslm3sbgwpb3790b8cb9dr1e1sxo6emvbd640yj5w603ba84xrt0f
176,785,LINK,6,439817853,1tqswo1rhglpoq4nt3zmd74iyrjyq4jxl9ww408kr9ff1jebv97jpa90g7mbvs3v
176,802,LINK,5,529094586,8gmntzzc00lshrgu9kddibrqrqz24o4jnslyd9xxdifawh03ueqhkc0rj7dr129k
176,808,LINK,9,881921051,7649u0zdko7wt81zrj1vs8jkbecupead27hcb61441x12t0clapb2xr7ye9lb0fz
176,848,LINK,4,292703581,sakp4in8qzfo1ydezc30ktm2kxz9qgc5vb9hutlr4rdfnwcqv4txiovmx7sc9bfm
176,881,LINK,4,789928152,thgib0qjd5hg2yc5ksvk4t4ll8ogd4g8e6kkcvz78nnn9jotm1k6frli52j28yzm
176,927,LINK,2,338028842,54fx41pj9ajl5szsj8sgd5zwrep961c4rya0wqcxb6cjrz7yyxrejn5lcuttde1d
176,990,LINK,9,996966026,gbjh7vedevqt6nahvumz1009gg2wiae0jtnc56trth1pwcz7gobkbgsvcfiqhb23
177,61,LINK,10,563386535,k044xycyvy41axzc6swgcadgf26sbcdrv2h1klbfdnpzggt5z5xo8oib158qfaai
178,623,LINK,6,917342641,ksmbj0kdnzzzr9pzlctwhnnvklobnhacdp8zjus2qy8uxci67f2pxw94yv2m8gin
179,61,LINK,10,621376207,gsu9dmanw2p6vnn121xydgzjj14l4ecjn0izzlwxi92b2v7276gho5peyllvhz8z
179,191,LINK,2,608546733,nyj8rxmq5z43hzgbzxi1eyf6zwns7cb9dgydcup45cw6k6lf3rfgmbd7lz612cno
179,527,LINK,6,737114982,i6rr44xnssln9oewh1cfb19d0oez799jwkech339fmrx5nd1hawwscnwz8bmtz5r
179,648,LINK,2,180895854,lsvwv85cjo8qa45r8zui7j8dhdtekbw7k6xo5wv81lj3s8jq3ank1twyls77cupo
179,996,LINK,5,41476896,vm9fa9mq6uwxjin170cjcwtl731wvd57te83qhmgwjv8quxfn86pggzrck78d8lr
180,18,LINK,3,589434317,b5ky3r22zsrfs388sy1jo9u4ztjq1ywpy6xq2tcdj3brguptkig5z23gtk3mfdpz
180,21,LINK,5,679552188,j07one02zj62mmn7rh306zbsr43vf34v4i2sd8ygv5twyon5nt8upadukvl621tq
180,22,LINK,2,800543499,lhm4baapj23d8dsba5xbf9oit5m35a2qyrxfweiuep81iayxchshc4r0wvdt5ncr
180,61,LINK,9,128274159,61wjoakgsqy0j6ubt4mznb8wkfogickvrf5mavnj2um4dw9uy24vph8aq37wdlvh
180,68,LINK,9,37216320,u0k28zr6yqwuq446ysv10vqa3m4qgxdtcl3jgh4gfle6zih8n2rju3udrgptd70u
180,100,LINK,4,102062766,gyha3ubqhc7w59c93351dzfmo219kvms3orweurtow8xih58shl6s4tc14ea6a4i
180,112,LINK,10,146357716,b21kkd4xghh58h0r4vvww84dine9ma4docowqvg8yqeeatsyocfgexqqe0cok5ob
180,124,LINK,5,223919564,z62g9vy5zrp8fcff99dw20rdpi1ghfqlmuega23tvfb646o6cie8889zae8gow8t
180,128,LINK,9,687763708,xjo0evjp6gasnxlituhdqktbhkkd7eebausxcse4ndi3ognt5uw7juzmu34u8dvh
180,155,LINK,4,340634024,mqpuqnrdh8ztsp5bh5mjlyqr8bsgnm983x533rfwu56fq2rbn18od92qa3ezhudl
180,230,LINK,10,532487752,073xzv8gxcjrl24h5nue4uvj7xhb4edai3iwsgtyvihxy64jg7v8l4cegop7o21z
180,247,LINK,8,486797082,hrgdgcrb01wdnaf4r05gqmujt2d14atat3ig3zz009hhmlvk5uth7e31egs0tmbk
180,251,LINK,9,462879944,du3mbhtjy0l95kn8c4ourmuv06watkwtk1cdk5wl95i33xxg3932ju2vke29j51o
180,252,LINK,6,374791905,3hj6zqr3inndxdj9gjc6rhx2agktzoxvvq7oexaumga2ch06mjuld9o0osmr2rv1
180,269,LINK,5,79579074,143886dge5lo4nqu5gc3ebpk5m4l81x28qrj9jxbgtc334f7u7yozh4xoyj1da3g
180,283,LINK,10,639339126,u37trcjlx4s4ixyk9ky7i53s4p8hfyetblvn3j8apc08ftza7a8fqb1lo5kna14s
180,286,LINK,3,337794338,n9melbwwqtoz0bztwj2krwt4qawnyux74ts8syq1j9o1cjt178l0ht66f7wbn1l3
180,304,LINK,4,685536773,q98o33r1urn0vafnb95320xffyaxm8mkmjp9atjpoiktddt8cyhi9j3z0eavmvqc
180,360,LINK,2,717039878,3ejzo8uiwwlku4lg087u1ohobq5i9ftop81ou14nurapst9ysuuazurxzyny8pxj
180,370,LINK,10,822697413,jqp70ybvizyd96xul7z76wr41kgkd987ezd9fcrsbw5vw7n8z0o6qtz78sotg24l
180,371,LINK,8,953660816,gw58cdxinyqz7hxktewyla35knwm8dekul4dq3kzp8c7pvpk38pih9eer5ux6anf
180,379,LINK,9,762114461,vqxm6zh4rw10fdnovxhlxiqkvd2nzsc17646mj7w5t91znrnlk8dykrynfcwx40v
180,402,LINK,6,458226245,4l0b1a233wk73lr3zzkeob99tzuw8iigm40gebkeaz02kkdtmkkc3h7axi8o1w7b
180,441,LINK,10,413566613,7lrso5x1i9o0ft9dtn3ki2oam1x7audqo4vwxe6qlhllvbkgs16jw0c6pwkmr7rn
180,457,LINK,2,916142994,1hx9xk4ji53vr3vtnqiy9h9wzvfkzdkpd51qncpyhqtrq7xv89tj6erv4jfnxd7o
180,463,LINK,6,933984227,uj2enubgzxndbtv8y35crj7wruwnnompdb5320p37gvpqm5epx1gvrert53zw2b5
180,493,LINK,10,925274479,f6safgwjuohp6holpr1cns7lm4jo3k2uf4ncwhm2ey9m9et1vr2u2evn8yyftark
180,497,LINK,1,769965097,ud9351gf9vp3z2y81y3j6w2st6vjz2hg2vw1qf3rfhtwmlxcdcyr4wisgdxin57h
180,513,LINK,4,319694580,je6hss9dabrpjz56u1iwyopre05tkuvke0lpf8rt0kbf7r06n4vwue6kabme9kq7
180,525,LINK,2,842682363,t6smlkxo4nd0d9tkax9tmwey9ru86309avzzz2blrtoigga2k1djjozrd7mh1ury
180,526,LINK,2,943323241,0staw131gvfjjwq0s71qifa3h7r2fre6o2292qz9i538j3ju6b6z7zo05fefqczt
180,550,LINK,2,183044077,mih8ph61xi6susd5n5e2y1d5i67ms98qefleunvtjo2i91ivmglxo4nt95znuq23
180,556,LINK,4,597392902,q61t4cb3dpywog17gakmjmtnmco8t7vv5pjtyuunwxy7gcbgxcobgxu77gmwdotg
180,557,LINK,7,589738188,0j2p3395bqtwu1wpkxgd3isvki2m5vcy2ipek20twcx314gk5aj64un1uwg3vhz7
180,566,LINK,1,114744352,ngezv65xk5lzff1tjdfvsnw9hbnaeqawerwloyh61ggml7zsuza0c63gqs1ymqb9
180,586,LINK,4,222305409,lcxfcotottia5ech726a5kt5k1nbykv6mqfxojo0jgk2zo10iul8oy5ho4ctivdo
180,587,LINK,5,885384789,3zh3rx6p3edwatjf6grfutm7u9wsn710c3lyznhdmwfqg2i36g026kz0l8g6217u
180,593,LINK,7,480706960,gmwfy87r3u1celb4j05fbmqqbzksd3otc0lwz5ipv7fx3j0bwyjbs20w47j8di6z
180,598,LINK,2,873619527,stw4q9y8r4punf6jgh4q0g72yned8j04ksn6vmc3wr5cyubw9ez5dam9s0vrtota
180,672,LINK,4,107395351,4a6hywaho4muy0wzz7u5286q3dpv6nlmk6gqu3ftsdfyktcfufig8op1p0p1j518
180,704,LINK,10,961070064,67hn7lduhuaar59dkk33j01kwpa34gzcbnmwwpekwi7c7aejfut04y4pj1be5jml
180,769,LINK,10,344743818,sryvecdpymiq5ye5kiayrx542bqp65kaleyg1ha4b8fntul6nca2zn2440rg5lr2
180,774,LINK,1,833784307,hj64whbjank1g4xd3lohikoxn70c36dsww7vodrmtp2frqgjb2f15qua4eac7pgx
180,782,LINK,8,218866531,pgub4nz24d6sk0ed75ewi4wubnhnup373j2hvzd9ajmq486dmpamtizc4y3v37vt
180,795,LINK,9,967564822,ihi514xtb86jztb1m8naas6zu5iafg61pd0qjah6m1aa9010gzimuqo9jpy4qydv
180,844,LINK,10,557776050,fmsj8vaz5xqlsu14o2lig9enw26rclaf6ddormj1gf5ngsi29ehelchv746z6u6s
180,849,LINK,4,72393197,b0f316bkdv2yt111bqdodneb87m9rlxhjp34ezyg4pdji49hwdc3ukkfu82ol2x1
180,859,LINK,5,415787588,ro1wip6dcs0yer26lhw44g4d38ejjuwv8ut67hg9rpbdzml6jomyscx84vg0x9dl
180,878,LINK,7,690391151,8efh5st0rkak47pxui6s4sw2wnqa5qm136e59a7y8bd32mswzw29tkmq1zmrdk3y
180,887,LINK,7,820421218,9cxvj5iau9vgyxiihvgqyqn31q8rmt51aw4p04txhfp9olcqlm6x7toebunacfhr
180,898,LINK,8,996487761,chqgd1yk78hwx5qaf085jjs6iv4uctk0ihs53uxnrhjh5k1m57c7bjcemug6wyfg
180,903,LINK,1,349349392,xsxcyibe1e2bgrif0semvr3w1885im9aogb08voagncvbdqdsmg6udnwet1wq1s7
180,921,LINK,3,733974738,6echu27n2pz9n2udrwi0gwtlv5phzq6ahgis1t9w57dvpe6hmn7s9g5c0pu486ah
180,947,LINK,1,101640198,9oprwba9op4pm3t10xxkpwb6m8bt1dn0b4teu272y72nwfvfm4ig3jx9gendk8hv
180,949,LINK,1,677362197,ywg9974pkv64y59s3npw2luv5cgqviwikkya3kkkb79wqglwj4w5t8ez4zwwil6s
180,975,LINK,10,229743816,zwko3fbyt5004pn9t8rslgg30xrqcqvidxwnm3tbs2f5t6cv7mxgt2jckxdd155o
181,272,LINK,10,225496318,1x9tmhkxkuylar5es3yclgs2ccx7xxzzlo9y498d94rmrqvl31a3mief2a62q2ba
182,998,LINK,8,596024015,la59j7jwb86ldvalrs5bl19jlgchmc9xqgxpikxkg02s8liwzh2shzzhw7v8gez9
183,32,LINK,4,866416278,0my31oztf81wo4jqsxxf8edatp9issos9iz7eaowbrp9dkk4vsn3uzi4dincq9qb
184,604,LINK,5,409823873,8im4wktnu1wz019ssoj0zkf93otvtrot6qlm2ld9cb2tk0tn6jr3awdj6qiealbd
185,57,LINK,6,174414645,vz6zk5so31aee4mk9dig889bugbndgk9b4us33xc81ywucnl1pyt8nnswcuy1hyz
185,169,LINK,3,400549741,ayjsrud9g82i449eojqlu42ap53mwhh9qvntey7z5c06yb4vt29mv0xvhh9c8b0d
185,194,LINK,3,116765606,3nzcf8xzukth1955wyxojqayfx5gw0h772koidemhhdi3mytup6u0ug0r9uhhch8
185,687,LINK,1,744036091,5qyplbzp9329cgl5xjsw9i4kog0z1q9dqsnb6anzg8dbya2vjup4058ldtie7oi7
185,715,LINK,6,400844994,u1qf6ii7mj4e8ndy2qsyjl08spv50kv0n77aoxbzyaqsmh2epcxlpgrxn4usd474
185,790,LINK,5,15247207,d4vwd8v3u00oowovccyffirhffiae9jo7jb9dfxfxlzzfgrhipc0i3vs8ppwi66z
185,893,LINK,7,271451339,tghv12h3a95b6gxf53r3bsu8oj1ebbn5pq2f9ju3vwmq7dymbmvr4ggohcfmzmja
186,81,LINK,4,269089318,fdnupo6mu66jw1qzcpo5r46xmczrq8du2pmpckm1v8nazgdw5462kb93inf51qr6
187,824,LINK,8,444403969,97rdbj05tab403tadvbhuh4ceby0jip87c68yi35jy3i3witfumr79y1rk5q3mbv
188,165,LINK,2,770046681,xpjz8jcl4bfcd2cssifpya6dxp8lo3ot69nsyx4yw3kc6phtptbtvumv8qidvpzt
188,865,LINK,5,700189769,bygebwqrfe31kqklzvli71qfny24cdro5ranzpiy4wrtvylhh4hoi1yq9e8xukj1
189,17,LINK,4,896986894,xoc5s9mnxzau5illvhi55my478wsg2tejzi1cft3u0x4fq7erzajzlutc9tdprpj
189,41,LINK,6,52321887,7ozllwjbesfeuxkasg9t81tl0htlb23rglzull7g5qu2ls9cd72ipiiuionufbb0
189,57,LINK,1,890825233,xshy7cicpmaegrabk622ombws709kb6glwejt7yw8pdauqbubeqyx4vwblwu4xok
189,60,LINK,6,527795674,i6h7yx3ofhz3k0fshham977tyztvnhishj1q0abgyk21c5mkkd8vawgyv2vkkmls
189,85,LINK,5,75007518,pqvdx6jrpqlwjmmtcwnagnlsxye7918bnlqwt8qv7hdn8xmbevyj9oq1jihao0id
189,88,LINK,8,82080786,l9vpgm0h6ye1dq4a6wgdyvc75yifjs6ua6lgonqz67qwr4in2razn0q7ni1wbtw7
189,97,LINK,1,985366636,647c1c41k7iug00v929oi0t7qz6woem0w8htlu6nl043xtguueqkajc7o19dr5i6
189,174,LINK,5,29410252,hlg90lfidhm7zc3j0fh41ykwb7ka6w0n77ay7nny7gz7n1jcgx28z7h2xyoge9ar
189,175,LINK,1,602231140,kb5q39fdi8gkaqn2et9bcqyww1wcw6mcd6jrzu7jpudfbhdbf04v8x3a9irf6kqn
189,213,LINK,9,662155176,jslh48aux2r6t5tef43rrestkkb4w3of7mqs2rq28p3zomsdrslkbnsjatmtlv53
189,221,LINK,9,184049802,vq5zljk0w9s21w8jyf7jh23yqvqksgi5a70qdna2vfrfb524cvocgwagkqebi907
189,274,LINK,7,27369937,bofozhebmt5fld6zoh3urtozt2tr4943xw0bzwv40ja7bwg5s6tuxe565np7j69v
189,298,LINK,9,327363039,ynul2yecbr1xwhf8sy6a6afqoejjoikjanureldunzvsxud2os6mlu8gu60dxwpo
189,382,LINK,6,850859120,0pr1fwf3pv5vu7h1oc4rl9o3zxzovf5vcuik8b0mvnc1whv48wlmz86l45c7fl26
189,416,LINK,6,685609614,de4clarkh65yw4aj75pyv6hynhc7txxzz0shfr2bds7vttlc7fwv0vaenjw0hpae
189,444,LINK,10,27934426,dbfpcuxj451lkom38cuzvu1bx29lv2fd1gcsd4ag8geeilbgec7fuuq6r4aqwq42
189,452,LINK,2,278900195,vh0o9x491f0omxtpzd3h6y983l09tvp5kyfelwb9gbg4jeu7tq5h7e9h6pbbzwe1
189,566,LINK,1,29984310,xef3igmrl7hjsr0vjikrwxlurefvb62arkld1hu0f5boaqp5esy31w01v1f9w1dd
189,569,LINK,7,629465691,bvhu3mhh79hvu21eayx3mr42cj0yc61v5lb1f91jia13po0m766i1y5o3xa1a2ud
189,616,LINK,4,31922014,3bv2zu0i1blkqqprr7kt8pdn7v3ful5ynpz0q4yc0mv4kkcjjk3wiqqyv1l4mo67
189,626,LINK,2,232182583,d2p0mteogapxthj2z47m4vsrxri70wnl1cvqwlwdh638wvepy49aq7a79k8yaaem
189,637,LINK,8,279861878,jcyeow5blybwawzclsextmw0cfcn8wclqiqgrgn0yok5wmx2esx9dn96c3zxkmp6
189,641,LINK,6,87684885,hpgqo7okliv45c6s88v00xo3v0z584bpogt5xy8mszufpxqg02oyll0q28q7asou
189,717,LINK,8,163723662,men6u0nhp4wa7w66m951y4tmb1fq1a6hsan805jm5vobpc0naz288kmqmpuvezuu
189,730,LINK,10,879187030,etbvkndybgnjrikp1mjgx2m86z3u7eyd5e59l4hs4s5o6qo5jz36diavyjygs6c0
189,860,LINK,8,595037809,8ao8zp0vtqeqy65knbj67yikk9gmqrm9silnkz1rddyxbysp801x4rbgnociekjd
189,883,LINK,8,474487560,qitxg8nwaftulxwf8w6ppj8ob3wj42sq8deg3cntmhtb1ribqgs8bflzqwbcy4o3
189,989,LINK,5,422530779,sm1h4kf2hzg390g95bxpdjgxmc3grk3016lwa4u4p7aqyoppsw6j88xtqp2iyevl
189,993,LINK,7,935915779,7dbvd7bsepgxa0ubyc3mzx0z89sgda9ibsr720knphxl18jz7hv1mh9mfkqp8rmc
189,998,LINK,10,801707601,gfwrqsph5g840pkpwjts6yom0c46gubley9gpiarcta6rpf2uhvb3cxolp5b8iv1
190,660,LINK,10,889504133,a03vxj0h16kt7nq3spryjd9gtef7a2i939ug5ynjj37b32ocr9zx68dh5f2nbag4
191,248,LINK,1,448607550,o3xdqjz03sba805egs8uhh72en75kjhkfz8thay2ubfxkw6rktqn6degdc3wypbx
192,963,LINK,3,87842251,ugwxjq52zn7nb6zbouura2wu7v00qi26fhw8wkzw908k6wsx1k7dnvbry0fusyri
193,212,LINK,3,57869366,p0tycvgsj5xlr5qkr6u7zi3pun6ll9dn4f2fvu5mfwhbp2ifv3ee9xwua0w884sl
193,642,LINK,9,525363647,sxs41bkkbqnjtpinyzjtr39p6dfk4inuvnxcb7uiauck5yem7ign0soiw1izs07t
193,674,LINK,5,591741218,ydx8wi4z41aec9bxu0es6bmtyv410xel4jrsil7y0y9rhsizadscfp5onjavr2rg
194,390,LINK,9,515317046,m0s2a65i2lsiaiynsux09awhx0po8f0uk1vdhhw8z8shqj2b8729eis8b0zq360g
195,4,LINK,4,99174432,qp6ivvem72pa9gs05ukh40hk48jbp8akwifz8zxt5ffjw0wmqrpjjevephw0z9s4
196,23,LINK,5,848806267,ny7rhzmo52t5c4bb2l7ek52f9v34z338ghl9unlc1kglxuw8uqbdheamtz3gt0d5
197,254,LINK,5,812791255,skap0rb2ijh345gh3nu984wim2fsmyzxmmh9c34vm3rdf4w4o4uvmvwp8urlmhix
197,384,LINK,9,616500456,497czpooynkl52aynyn254zjj4unmztfq5i853vhjzaf7mxr4o30z8qcqamf6pe1
198,500,LINK,5,518024999,b31l2qlf9ne6x18evifbzzw8omk648pm5lb335mn78s3kvnop7cw9v3hw94rvsek
198,541,LINK,3,313806857,ei1dziicxl1cdi6dabkv07fbb2hwwqqm2iy0yzdop21icld1ihpmbd1x8e5jbt30
199,64,LINK,7,236427322,zz4u5saspc8ow5fat3xr9x1x5pdom8tx1frr06ash2difvf7b019hw3k5u5v4f2j
200,228,LINK,9,333666715,yi9od4dc6l4fqbcp3ef8m3jxh8n9x59zjj5zzym3lo49uk845v0sis1d5va631fa
200,566,LINK,1,209341181,fobubov9ztvxki2ryewxyubek4dnmcgg2r53hmdm9ewnrfx2k2pgr7xnwp6u4ifr
201,906,LINK,7,528685530,16arcxwladkst7sbvvfse1z01ffkg6mkfcysnz3vcd3efp3jfzfoh3awzhq8urso
202,62,LINK,4,165949445,5qh5ruml3a2ka14cj1du3vjigtkonw3h1jroyzhdommip8tskaydxcwqcvqs5g21
203,310,LINK,10,638922061,gkio0j4dcg917838asmlvcth0xi98sbadkliu5ifnx9bagh845xlfneish6uqwcm
204,45,LINK,8,340850551,p55s8iec1rzix6g25s50226rfz9pwbf023twu2m9uutky5lofgyufw8e6le15brs
205,749,LINK,5,588027418,ufr9wwunanblwv8tx13xemc9d8e1ir8zxf9vekvw1yekfxu4mhxv995f0x6r157y
206,485,LINK,9,262464485,fmj8l04htv23cweijg0353zuuc50837sa6l3o4uwq03nkp3ty0rfwc397x19ws4y
207,546,LINK,3,952132625,5qqjnsz9ctububpgv9sx6844x2y4to2oo1dwf6pfuay2kjop7vw7w9chv21i4a3w
207,714,LINK,2,871464020,z2bboaapiatiwsvx0129svolx6f3sxxr7cl3ll38k3f6vqadmn5522iu5xhwz21r
208,123,LINK,9,681106220,ydzw2jm047w7u76s8sccu0nwl178svco96t12sayj3rbozh7po7zktf8n7fxcuwq
208,744,LINK,10,905780703,arxvf72jj6x74revz3rympjhrs8jhvb0r3ay05vb878z793kl9mnf8evaqlspp4g
209,829,LINK,2,246947851,vhgilftf842l78hlbatcug0ktwkiem9s3pzw6d3qty32dmbvl6prb4efsp7x9ev5
210,57,LINK,1,952748667,3mjh3oct4nnvuksr8bl574mwdg338kzdwx1n6xbqw203kaan2o3t0nf6tox39mae
210,128,LINK,1,335658825,85ioqnxq0l58y732q26u2mxa4tih4gxv7ka4et7gr7mhhq5v23vjwlgohnwrojp1
211,199,LINK,6,969746531,yjcrppwh9426k45r2i1pendfu88tzcxsa7urfgmcm495wyiksla9h09dqjp0xd7i
211,619,LINK,6,30306116,54pz044jpaffr4xmghogjx0go48w0tsksodjp7drupougowl1flu6fsx8f80aves
211,680,LINK,1,105245366,izm5z3zitnw000f9gkwqzcjozqbeqskd5v9da19mbwtaivpz3xpd3yjv8rxlkzeu
212,610,LINK,9,715401851,o42s92zmhw446pij84lynb8rlj3wjvau4lcs55txaqtfyozhhxeh2ju4h8z6j7w9
212,823,LINK,9,170089021,va453b8jrvqu12rqwxvnxdlx5h6cm25tjqa8c19lu30r7vcgeqj11qdy7hb04guo
213,825,LINK,6,732479410,oxg7ahauhinqyc37t33nd812qwyxb9f6nwe8xxwccjkgzhhv6b9e1s0fs9ywdu0g
214,495,LINK,3,835488485,ucuse5uqoxkjmctzkjqvp4fpd7x0uar0bteopuspq0qfnupfdwljmqm5ds7uo4z6
215,377,LINK,1,165361898,kx7b4dgprj880tu4k88ra9ccsfhrsg7m7hl8gn923x9ujiqlpvx1z9krr86z2p6c
215,641,LINK,9,887561457,g1hnsql26rcso62fz51qteeuoa8uyxslc5kgkyaoxlpsxuifjh3qf3sn4wy0544g
216,586,LINK,10,52855417,it8jyn95bj80b2id2qpwx2u32hhytgqk1iricslokr65c4dc241ffxfpa5bik8kk
216,657,LINK,8,516491491,s44wpvp88te2b7g4iw81uei3k3kd2lsi80y5im1tdc4jy714spfubbw3yexswuog
216,925,LINK,8,426520366,y425kc7jzwv05ix28yxnua9o9kjtl46dbt43uhcwilv82xti6zycwo3l00ruywyi
217,696,LINK,1,677782898,3l1v6f1mmzm99t32tcorcik0yeg06u1ijbfn2j2w9cdhzebo91cd2j7p2i9bhfhu
218,479,LINK,1,823156335,6xzoyh8feodn3ey1cf2ovitlbdtkx7n9azjpi712e4y1ygyoh98m4bjqhdzeyn0t
219,134,LINK,10,106523879,jfclo52a5dha20hpylpgz1bt7lpm4u2xuq3inprqf56lqcq5zkoz8uhf36mahp31
219,197,LINK,8,593192753,g7zklpalr4cry8ns1muh6s7d40gsr0yodhql4jydv6t1lzxjq9zfien8f42obdpo
219,957,LINK,8,18055901,uvew5s47zh9d86jilfsty6rwr052ct5vn0kc5v1b6yz6ocvxap712kpmxt1gc8r2
220,51,LINK,3,447093403,s636ds0ewcsitc753bxdoklgd37roju46sejd3p0g3go7efxvos1obqo9nbuoez0
221,757,LINK,9,764240954,u07eigbvukl04uojv8yg05r84wft4xsr1igw7lz13btcxyv91347lu2l2muu65rx
222,324,LINK,9,667005231,jnp1lc8cslyqmvcph4h4vwvfynlnbk1wfl6blucbnqcv9gqyrnsp0ixxjydbxflx
223,63,LINK,10,931592854,0mcxf6yisoby2jkx7i2kt81hde5vs3r1rrk2sadfd82q2spt5km31dgfojuo95x0
223,105,LINK,7,109668439,v9x17h7pn58vbwrcgugr13xqf9c7qdhf83nweu7solnssslmc3ltiwztaj09r73f
223,312,LINK,7,380572821,k70zhgy9pm9gaywsgroyiifhj8gh029wsbc8qlxoblb9jhh1vemh3nnj3rp39fkk
223,405,LINK,2,256182263,2e8f0n49e6llzechqyxi5rhr9s90tf3hwuaottvph1wc7nb5uacvwbxqek9dy8he
223,538,LINK,7,18600149,aev963anwqqa7du7zkv62ls4837n410f1349n1drday6zb92bs2xcennqhzte5ch
224,269,LINK,7,904516534,1dt6obdtqogrp1ifocy5spwopvh832gw3clykmgro84977cba3psxc2vy4z6v4ie
225,164,LINK,10,493375236,h7gmxy1ga3ozdgcqw118wki7j8yxwls14t27o33ucqmqhnz05bwmni5un0gpdhb9
225,220,LINK,8,847409429,shirrabbmqexe4pq8rrgwpgcjtt2ktgpqi6ltclxejsfg8f3dffominjqphtm23j
225,685,LINK,1,252646647,4vivng628eh3qempb7x2wq15nmpybbtjocby67lurhxrxo3vtznon3c8hnrd2m2o
225,686,LINK,2,671367246,g2luz43cvrohrmrwwewb4ngydb8t9pmskloy8fnvahe59k7vlhx062ev2lubx2hn
225,688,LINK,9,468158379,0xjjqzqujp4b8wjycjfdks7o0iagsgclf3pt3eg8cvzk6c8pz445e0he58185syo
226,314,LINK,8,495312673,nmiu0eyun4i5is8vz9rfk2gaj73qguypwyfmcw5u831dgrayokp87nhea1n9p6ay
226,437,LINK,8,542811070,r5mwj06d8zux2g1x0cxzaq24y3yyyaguysbb74kfhbecu9ck9e7nt43ox4cicw0m
226,464,LINK,7,566468825,zc910zkzltlo84z8of2npkhgpbel3wpi823eyso2li3yookmjotcprga9767ct3r
226,620,LINK,1,529012480,3nn741ht1gy5lwq5898g156n79qodv6ckgdp86yuiwd7kgqndfhtkikvvyk6nl34
226,872,LINK,2,145440504,afn0ggpaq0eiafpdjxzu5xcz08bhlauxzfhjgtsv3hsjewu5zra78k2wql0vvnn9
226,976,LINK,1,833704222,wo3p0bm9aojnrbmmkdi0806n70mp1gp2sz6ze1ae65wdi6u0v968uymkigzpxuqb
227,458,LINK,1,170352694,q6a2cybptiiwj7x0kyy4ebstf0xl4wsg3lm5gfeql7tgum6v11d2rpqnwo7lxhla
227,791,LINK,2,71721145,173cjglru9k4ffgthj3xgy3kyr2tioy1rl4hjoj1s6wfx2198g4iyt3uy81fmjtw
228,64,LINK,9,733620759,7w24zeovam8scit4duywwe3u832axvcb0zum5uidekv8lscf41wkk8dhk38pouu9
229,11,LINK,5,409343735,x9e75nfuxwm9empp6c3q47oo78vig34grfhf8lxxwdnw2i9t1yl6h14y2biz7zuu
229,13,LINK,3,163263132,nx4nyy7v56euvoheralg0affz357n3pw68iexdsqs7b454a2famc7bmd6srw32am
229,41,LINK,10,882603766,w9p4j52fw52m3178rsxxmtd99zpjoe68oec68wth4a9pvb1z1n4vl1z57hezccgc
229,82,LINK,9,866323464,did903n75ycnd8itr3qen7bewmv2jmysooet7z22ghf5nxh8vkq5ho7rficbomep
229,253,LINK,6,192855123,zdk3hyxu7kkrk6s6aqa50lc0ccrsezz9tterujdpa48xcy6d255xr5852kydju4h
229,270,LINK,2,130344884,n0hc5td8lkxt3m9nfblkz1nkh6ozvr9ks710k3npzx9aurv54h8h5370pmi9vs7o
229,281,LINK,6,788140709,9rh7mfeih209fdd1di3o1ynyhucxk8stv4k75gqkf57zf8rfz0wi2g7hterns1og
229,311,LINK,5,741414542,z3elx7mrnzk7n1l06n9c69roafzv2mw02nilbjtrvvrkh8ct957xko1ilw752lbr
229,408,LINK,7,80149194,6qfo5orp1xlsa68jsh57o5wt8auvkk3lup2ohs9u254wtek6tlabs9s1ssjja9u5
229,460,LINK,3,141288416,nx1uia9d0vs9pssy0zdejcucmpq4mtsrkvg67nr34tdo3538jknu91m0k9256ptm
229,520,LINK,2,551356648,a67u8wurzwu4sofhfpf4zzx8b8btc3bthm3bqeyq5s7kicjz5ryncy4n34l6umgo
229,565,LINK,3,737152830,yh3etnk8hlh6hal897edu349vrjd4cyirzkcjb5d5kqu6pffi79mae9pajbbtmr3
229,669,LINK,1,749271469,zpk5l0ft88g2nhhx75is8embeulnk24aw00jmnilzzi3kgu4hc0lt2sgf7muhmk8
229,769,LINK,4,414988728,dt3k26qp15911e60dh1vlgjdpx4wk8k1qy0608dl4puhc22hn00psall9fz3ykqf
229,797,LINK,6,315546730,d8xqi9sscl6ivzwwldk7xyyngigr4p8plagvtw57h19ud559q5jm648ms4wy5la6
229,808,LINK,6,108245086,osv4wh8jbnf25pqdwzuekudg30zofgi3chx6et2i4gnhhey5p4nkda89nhp8kh4d
229,876,LINK,8,731655255,js0g00lacrntk6bajvlktg4loswpvl2clw4kyo5q7guey977vsjv3f9oz709y1sn
229,907,LINK,2,799863998,sz9ktnhkxwpu0db2mwcshyuuo66gx020jigrcqa44x70noxu2oip8akh2b7cf13g
230,268,LINK,7,244391871,l7lk1k2wmf1s66iqdp697cxnufpqt9ia9r31i04jvmsoaj17nvvwfwnnv5sg2wc5
231,198,LINK,10,630554172,u7tp8ddiuutp13bsr4sfoleyh990gn119nlftvqe41456mrc96gmzstrw1dc1rwt
231,429,LINK,6,228233501,qus1mkadsqpe1svz88ym4l4ciqxxye5c8qt0i63cwzx9eysmkpe2keph836odxbp
232,630,LINK,6,784815086,8yjrptlkc0beqtfwvch108917ddxeuc59v2pg85osxdd9o9yr7nk4rfzjacnqby0
233,30,LINK,7,394636733,yi3zio49u8mvz5daa7xeli983kg58j3oa0q3a4l8hb7djcetwfwj2w441ebkx0z5
233,98,LINK,1,914495201,5ofm99i52057kj1z9qvxirkd6evvzlj4mdr7b8p8spiktuvadmsjzsj7tvt8bj62
233,123,LINK,7,21980005,c455rgjtiajanhd5z4v1kljbbwqj1h01n1jwr9ses7k219nbv6bvohdjxyg4v3di
233,164,LINK,7,162432829,xjrxdr7yofy3jf9k1yjj8dnbhwclqqb32vjdlvpid61jbydbfm0g60c4ir1ywk9e
233,269,LINK,2,812636110,vlgaegv23b88q2j2q0n0up543922p1vmrgzfb4tixgbgtn6up2j44l5m00j496u2
233,280,LINK,7,96379654,e4sjs9jrgq68au1dsxfn4ehkolclcoc8jobozz16xtd0ylbzb01sk21cztlmbpsk
233,321,LINK,8,840943848,zmhnvws74ldorje7f5bdwg4tl1719lt1lvfdh8n88wu3vzh248ppj631qatp7xt8
233,400,LINK,1,904364901,pwp98p07e4w4spa6wwoju5wxgqb24kk4ssgbsuqzoidbd16j4pyvg3k3j7yo4cne
233,469,LINK,5,699734142,nfy65oavh0e0micc2fityn5xx9wx6tktzn84euvjuwf4vihww097xp5e538rwlgn
233,563,LINK,1,127365814,9r815yooqkqdxyo3u4rzznlgkwhawktrlqy5k77sa1kkc36mykkqf667vqq34fvx
233,647,LINK,1,986191655,bhcz2563820p4are6u3dz48vtk64l6mjj1k05p8minwmn45q2tuq92m6iuwpu4fv
233,665,LINK,4,175369206,b5mgyb7pmohl52fcgh61nttvngxnnft0lszzbr20ba68d7wb97vz2ccw7pquljx0
233,748,LINK,1,771086934,zxs9on81y12qk9a290pnjbucd6hve7abl8oxrw5bdreywbj91yku4dilvru0ta56
233,771,LINK,2,414188410,eb3347hk3wrm1nxf1pm89qx2qsxxdf3rqeghgmn6gkrbflg55sdtxswnrw58o2jf
233,779,LINK,10,234839784,r6wjjbj5od8pxlv2yc30nxeoqwyuirz7gwij3ma9n31kbh4ndr9l3w4w4tutkkbi
233,824,LINK,2,768775755,lq8dfhfz47yzus4nlgfw5wwe92v9pyef9bavnnpm63jtkuf8d13tu8r1ec7h9u3o
233,869,LINK,4,794622133,dlsruv2xqet2u0f3t86rx6tfxtll4b95yq0luu3ukomfrg26qsjwyik0w8pe2pg0
233,911,LINK,8,193252768,lncgfx9z4g15g99wehh7fzx0a6r7gtzoexkz3rv2qivd8jfsrovev5kla716heck
234,327,LINK,5,902921481,3mo83rm297qrmuh64agjzks28zf3kfh20dm1d0dd092p0e99io0fgwzrruo6dd88
235,460,LINK,7,322957119,rkxhtxr344m4oq6llmlptk5tpr2eleoxntbch2acg4fzsx02pf113zwl0q5aqlh7
236,751,LINK,6,617478205,mmbbmzovs1qfyyszdcdrbhi15aeo9ijrys5mu1uhb31mqjoyxjckam7wimyptmwq
237,102,LINK,4,201350828,b3ufy51og1ad0mjz9z6k88l7kihcg9lbbfq3gbfv9rbqyu8rb1m1zrzx4avev20p
238,75,LINK,10,890250954,rbeaxtr5z5ainwy7gixi9z0oauqd78kov851pk4lp4z4c7okpp3tr23jkenbb113
238,472,LINK,9,554523461,0ay96s6tcfr6rafy4ekn6pm1h46gcfvr5ze528m41is2ii0de9cdpn4feojh2x5m
238,961,LINK,1,190986761,p6wdu7ck9dpeur7bw00mxmop5xnofesd5ehuz47won5v3ipeahngd92apadfl6ly
239,35,LINK,9,346328641,pk8mfm3s63he17271emetvgrcrx0cx2t6gtw5me6b8g1vl9objaalg4w72ndap0e
239,177,LINK,6,876169050,orfrsfqldzbar79x7cjuvpsicg5odwgt1j7oi58c2w4jbab55d9pvu9k7bv2hmvc
239,360,LINK,5,13468214,3lkv18krnjsooonti6689fu0nfzmvohiyh3acnnta6k7nyna4ttaqmarp7iauroj
240,20,LINK,8,152258907,sarydy3xcinm9980qf6z0gf8v0i2czdgmagy5fr9foo4pkwb4iwhwsgkdlmy8q1h
240,42,LINK,4,181579701,4bcm9pvgs89o8semoqh2n7b5wrrrzud3inrnt12mr3b35jfemohwn5ek1nza2df9
240,48,LINK,5,391420209,mw68aree1y555ppqu316xachhgkmnz4vxb5vy97611vb0c7xcosawl5ef8151cx4
240,57,LINK,8,739237951,0xozlx0itm7gszbpw3rxt0s26ikzo7at7ny9gfod6nf6uzn5nrky2qpuu42558kf
240,59,LINK,7,823579419,frongdsdibh3m5pp1vstv3ii9byf1f6vbjvjxk3jst225fdoy2qdjybhjb9ly9mn
240,74,LINK,5,785784571,sff1wprl4w8i40xpczekdi3tgvhbgyd1f4l7o50sqoipz2wkyk65vagdfb9b4k9g
240,104,LINK,9,225947497,nx9gafguelz78csphh69ncy7i7dg5ilmsacu8x9iixygir6g56058t4fwpdsm9gd
240,115,LINK,5,403374028,t7tptv0n22rj9x16zxf3moj83es987msv2v3ts7cu2gsljpyvy5hcuazd4yj36zy
240,127,LINK,3,413409275,xnbs2rxxahrp5wgpr27vs1qvx3np1te26u0r8uq3a6m01q619h86retokvxpk0x3
240,142,LINK,10,505560843,t0gnar3igmr9ggrlyq9agqqz2zeru796ydsfx20d9hsuognq77uazvc4ut76vsl0
240,156,LINK,10,714413223,tj0m1do9wv62g1ntcbt3uaxl82f7n3ogwuof5xs1sxj5ysdm8cllhw61rtkzt1rj
240,158,LINK,7,547277457,ouyars8n595vc4mkm6y02va1mhnorzbrx45ln0ad61zypmsl79nct4bi6xgrbf02
240,169,LINK,8,489057667,wute78e8ljht48er7e8oyk0rrhe7c7jrru6a3vicewgga74bbvmpe7msrrm33392
240,176,LINK,1,605564484,68swglcc2n8omwronnr3qulrdj48avy2spe903cbm6zqz9ualt9722226hp3e6oz
240,178,LINK,5,798764401,vswlzgmyd8khkkj1590vs8zovyi5amg9g2j8bl5w5ulp4dj9198359zkj2490qff
240,204,LINK,5,990822491,2s9krfqp3d4t21o0seb0selczzi2n82gz0d6vb7gkt7j8e3m2r3olp8w9fvm7bws
240,206,LINK,1,402668738,e6pb1btexr1slmjemljmj5wejl902j1ins7fdn370wde7exy020rnbz1gdynt0qo
240,208,LINK,10,133014181,c7zhvo493w16cawd3qstgnsw3z4c731j2wzgszjce7id5erh6b12wumeergaiowf
240,212,LINK,8,540622512,fyfcz6ojkxgh7bwdf8heb1q1zj1431vhqp01u4hjsrypiwuduepc6csa1goq2xyw
240,221,LINK,10,518451284,qanabyu49a965ry2ni13phd3sqkvv97p1w4ncdpt5s625rj6503ttkt5qdsqg8ej
240,230,LINK,1,124177868,28xnz75ad2y4psiz5wpokc0643erbereluz6mcsftnxewihvqxcm799uu3pww84z
240,234,LINK,7,152989801,pwgssknsahr76y7vq8ez5g9c94ub7fenifgd8cpnc7th1zj2ylrzwsy40alcx9cz
240,245,LINK,5,810078878,b5kr55zzjn90mr7ictne4kwtjedamuofnki9m1w31c9ld96h39ikpuut1c22a8hb
240,256,LINK,3,647731912,ymp9zapa0681xbbkarm67ik9mca8lx4ktqehng1fdm4ylwrqrk0am5wmvj0ftldw
240,263,LINK,9,745795075,g5mbodfxhxyoy49qthk9az83i2gbfjwqq241u0tydg1mb9k5ek2x0di4vhn5rht0
240,265,LINK,9,126440172,d5yuqbufeofle0ml5cc7m3rczv40qeicyvasvfv8y64ftwt51ryh33zceovx287e
240,267,LINK,7,392739198,158qwm9cn5dc293iy9hrmzeyvnfvewiignw0vq09aa4r0jyz3lxx79kglver24h0
240,278,LINK,6,581327720,speal9x39y48j4x3omb7xg12ckdigd25zgnl4nnu3ju5dy5dvrovqp3ua26cvcvk
240,280,LINK,10,328702137,zdzzue68zft98w0a4z9v1l6omu84qe8ktjiluy989maufwvw28a6ew8ipn9pfzwi
240,281,LINK,9,723130852,u4rrpvqgpcnepl96lvkvusqqad926tvs19b9i8m30k9enunitrkcxbnz9ead8hpp
240,285,LINK,5,728144248,kq0rn8i5cf265t1mg03qfhmkobcq32ujpcbdba8ka4eucf0lo2142t8a9jalzjge
240,288,LINK,1,152222582,rpnira0iy71ml03u0827l9fadmfcl1473u06knq0t5jmyg8i3kq4px7awvq3hf9b
240,310,LINK,8,395696560,1tjtm696pdesu6kb3qug2e89kdzltabxrk2uhb9iwu96jcpfkc5xxc9j6ue8jrif
240,326,LINK,8,139791252,jcunhpkcs7htvjgyy01mccqg7vx1n84b7omgwg81w0044veliusel5mij7ohlr7g
240,338,LINK,6,827941708,aj4za3e9zzajyfuj6idbxb1fg4io9zdj2vofp6ni14b0tztg1kme48zuksmw0fd7
240,341,LINK,8,146101,sw56hwqhovmljt01min17rxts1bywtcbzj1oue91g2yi307ddnm7h5lkt50px6jq
240,347,LINK,7,827078311,hdhisza22eh21f33g830wykfbxw4tjpaak373aav9fql17zvbt14dlgalakvx72q
240,350,LINK,5,983487650,n14qfbz60xucg4ggbgdqjujo7x705lad3a797yxl0kjpz74n7i3qz8b2k0qcs5dh
240,355,LINK,5,731263435,550uy8stgl35nfizz0d1leitt636ln800vugqlbiprym9iz7gygicgwqrlds4mvb
240,374,LINK,8,878415829,wmeuwv2nobohhb1fqmp31rssro9v7nvg8uf8wfv6qgh66rx32nupgs7yvddwoy8p
240,412,LINK,1,559096388,l6gtz4zpcs4szyy852gxr4swe9k5cewfg0x8ewtfmii2t72fgdv4zr9jax1su8go
240,419,LINK,7,507294690,ddsjg2rnoj3cbp8fh6kqxi4tpv40k6k31077l5drg5pu376otttcygeljxe97htb
240,442,LINK,3,263792671,n2itmrurxycf60eowuztywb9qzgeg0h54lwkc8cbr2tirgaefs77bo41qgw99i9v
240,453,LINK,8,28022724,6u7f7e6l9yx1k5ahabcsna31jtxh6hlv1xcd372rwan0xo0b9yulkk6vv39gfoej
240,460,LINK,10,318870091,xug05dh5a00ntb10rph8b24djzkbpxc1gu05n8xtl2rjbbuakj1riqvpslvrigfp
240,462,LINK,3,138000407,6vqovpkldmyc5e7iinbdza6pj75qjwgc50jxpko9uf4asrp4dqes0pqy4rg46edo
240,473,LINK,1,225885925,qrqm0z19dz07slrtwcwatx8cu9xdeepvd63jfdsckbg2z6z8yapbme6dc8wonbdq
240,486,LINK,3,150411175,wpovqtrdful52o9bqsoa47n0vju79cb44xo8ma6ju4q5fsenswzmam22fwxe1i1g
240,492,LINK,7,585515698,0tt4tgrk22y6tah6fkz9lwzalq5292v8h8l4fc33zhoh576577wvs2srxc5b8xaz
240,514,LINK,9,214291729,e06q38aiiyhuvh8ifrlj2rua7tfh3v9mbxlu97ast4rbxw4qcfrip9ox966q287q
240,519,LINK,2,599482012,typpzkqv4ffyvhb5vswp2qr4gy6qv6e2sar6f761uqj4pxzt50xiyihm4m9jrcx4
240,521,LINK,1,971449903,pqlovrgnhaizyl5gjaww6smraicfpxoq98qlf97y8b443ivdrmyolicz6mfnc8mb
240,529,LINK,4,763768558,8lug283wju55tv9yx1hazwqotydlpk9e8esq6wmynpzmt26fbqo54hxpxwm7bhze
240,534,LINK,9,409079108,g9lznpjbh9xlofnejnzcjch7zmts8y4qrqwte4ug3cv9u9inqaxb671hviw234u7
240,547,LINK,5,464903896,p8w725n4n0qvofvof91w2yfp8fj1guuy0cno0pyigsgc18qdy7pwuditxzanfe4x
240,550,LINK,1,51179278,cnxhrnvclj8xtadpkixr8hs520fg12etba4z114q7cq7inuhylngpu5zya8xh7te
240,551,LINK,4,975381760,lja354a2c89ti6yeqtcfev9yxxcioudnhtlxjp50tiy6bmblewxjd3whes2bfaza
240,569,LINK,7,766867811,4006ay05xvinaf19tsqxwvmvikq6y1knzxii80ok53b0hhpyho1pmz42vq325cxl
240,582,LINK,9,631956428,dnpy9w96u6jnsg15yo6iican2t3sh7x732xdzsbhjc9k73wkc4fa62u2bg39o1iw
240,583,LINK,3,963904436,om1md7cqzvh67hjh6vbu8sp0oksigmttsaelqnftdxddtrrwkpw7c3nei6gv2tvn
240,593,LINK,1,925688754,j6ry6j2vj4hrarkea9sykruozaf7o4lcllru1dfnkh782in9b3avh47m5vf1qqyj
240,594,LINK,1,828556269,1v7qybcsfq4b4ncwf3bu8fhfujb2p19si8gzmqocxjcev9nxjskhtyrkrqlb9wzw
240,600,LINK,1,136336458,b187k0vhihoi3jizepummu5atsycdw3ihzs2fxbvykxfxaiul2lmphsgebfyqnao
240,604,LINK,7,964238697,jjyvvx6oabcjyy0k7599m7kiwdxvkm92og3ilgdysroxltd2ryjb1c7qrrbv0767
240,633,LINK,3,476229485,j1ttrjzbzzdrbpmnahm69hidxyhqc5in9y96l50jr2ui3da9oz69fjwrk895l1gy
240,666,LINK,8,232190940,1gx2vth4b6ig7hjomfe765ohaff7iz9ri3ot9afg9w8t53whrvsft2ajl2sruwli
240,674,LINK,10,53669447,qy2v0tcadi0pcz039xfx4xkk8h4nk44ri284hfsoamk0nbpzs8feagogp32sufec
240,693,LINK,6,26444415,9j1zrv24c7zttfq7jgkvzxr6dsiqubqxp33l66m2u6pqoe3nx66x4ewxiab86yd0
240,701,LINK,9,173673889,x0ojfpqxtvv5jksgmy5iy4kobklrf6jn42z2q99e4583frg9ehcxjms9eifko1cn
240,707,LINK,9,878824737,1qfd3i7r2n9knndis5jj2dkzd3c23t6el32gxsrgcrvzqyuxgvck39f5wdmsiu8g
240,718,LINK,5,117640208,0fonp9j13p25ocjwbrhdk887nbpvb6y9qvfl8tffp8wno1jzygu8iwabn6ih3qcg
240,784,LINK,2,42152796,jgpmt5kndhbmww1i3zpisli96mtxq7hfpnpm46rsmwo1k2kcb3ykgpdsxyjuhqwy
240,789,LINK,4,611340854,a67qsgksgpuktidlrksbig82r3x8d0mi6bonznc5z2fe1sc1b40yux7n0o3etunu
240,792,LINK,4,39541632,fml1xj83l5wzyv3450eqvz58me8fci3lix59r70skdg0xwbb8qnkbk92c39gykhs
240,802,LINK,7,970388221,af49utv3tv2cg2pkk4e7zr1d4afz4zqgg87qsrsahw65d951aw6h6bwpxso9guhl
240,829,LINK,3,417262964,bilhr43ani8v631ka97oawhlxbvwjxz1swtkeikhmnbyuqhetvlp0e70dpeighi1
240,834,LINK,1,372208122,2o8p6b4p6dgudofyb71p5eg06tpgsd79mej4yvfenhgvy1hoq8lso46jm3vi4k9q
240,861,LINK,10,422393289,ngl01yyr7du5ed25xz4ecrs502tqvg9vc9cjgptbenri8uoxmkou663vgfodrtpu
240,864,LINK,10,312177908,t9i6gpku5gbw8wb9wavixjfj6hov2ynpunzurbebovf5v1y9n2by59yzf8yukwee
240,889,LINK,8,422620646,j9hxr323ibiv7y7swb67zew5m4m1rrjt25mn2y0i4y5yte3usrt4bp4j83hb5l6v
240,901,LINK,7,180944134,je6ochmnkjyb0zm6vzgwx07g77awpamxu25gs0zrmw7tzwel3amvitolcn5dc5ff
240,916,LINK,4,238716501,rnpsyyvld9n7hgja0i0yme9756hvc35dbz55ae49mrgp7t9bx3vfovl9pori0arr
240,922,LINK,6,347949785,e61v9hcggfaorwviu95r5reaudj6ih145a6u7vfy2vdcpcusi4mpavq2ch3kq1as
240,926,LINK,5,560921761,qjvp504txdpaiz47yzu17yz8vud10n6hk2c5k6ifyyvml69l1ufl43jpk24t1k22
240,932,LINK,4,691138468,0r7b0wwcawmnydv3mnqzo566i93tbpl5msfwn0cu1xv5y0nvxazrd4u82ra1hcsp
240,963,LINK,1,753633184,4qqysbbiff9l4uzorcymxocjfg6zfgo364k8xen0urbnrbp51kpfkbr8msqav703
240,966,LINK,8,430899697,cbsvxj3u906ukqwghyx0xfkozctvibq0kp6rcts04g7thpawcx5d4wxr234hyet8
240,969,LINK,10,247604226,u03rh047zbwgrwiidvzi6ri8w6ex7ckemjvr2dj2mf15r5psniaewdiwvm4tevd3
240,975,LINK,5,726995541,frcjnfvaoegpmhscs9ljis9bfoz6mvf8j9vlhc1dr4vo46o112azuxy25z6no3m2
240,981,LINK,6,396945601,5g6oxq641ilxfb3e5b9klucux241pxs88wjso3whtg0ek9l0fv4maos0qs3g9whw
240,986,LINK,10,613407014,0m5j320876s0lmfamxc6akcb1jn5tve4i4fu0eaqkt5uk05ircf9qbeuorqlz8rp
241,38,LINK,7,312410658,odx1o76551h9r2slwoitv5ww4mn9g3vvxrqiboymn3vmzh3yrap84zx99xf68hgm
241,93,LINK,4,88703047,ly6ncmo74zcaggwyzct3fssp6vol5aszv8fat76k68ihomsloz0lq59o2kqvbu1o
241,221,LINK,5,972884272,dlw10090vrh7bdxrsm525xf2jf08kak5sjiib3zhzyogszgl57xzfrwpdcyh6k7k
241,505,LINK,9,274184944,m9mag2eglr24l1wbh3gyahiojev520mrfcruk81qjjwoeo9mr10qmoundp2wh83a
242,618,LINK,9,340134053,hl43zaq0skovgiebu1bicgydphhiykhk17nz96cqabcfvqsp6near5foy4enxwtt
243,703,LINK,3,686455736,cdsnyeypsxa9rnl3yrln4lag2c3oclonnd59eqo8wqgw3kd99ahob1xi1glf8bt3
244,752,LINK,9,193226468,fcqn437e7ga540w932ndeuqm6sp0kgrjs11ojnp8x75bkr33zi625ys4j8947ord
245,197,LINK,9,441983986,zmvfxkiv2kn5wswgdr5y8ftwa81fj7uhn5amj19apdeguxh9nakiol0ugk19zt0z
245,773,LINK,3,132713718,g5ckmkt2bnilfe1ylf012a7ops2v9nhd5ca2xxs3d9hn5cme84qpnjyln8n8q4ou
245,890,LINK,1,970180919,mtf169mu7dptjf3vgabupk3tb27hkvpj98hd5wmfywpl83qf8ltwpz6wrfi3rb6l
246,963,LINK,6,184429697,a89fwt6otwgsqw8a7c87e3hqj3pvg1sery6th3zzdxmhid94r9mkooif80kbm0ul
247,70,LINK,7,739098072,s955hu62gkmjc4j4jeb6exfcxc5pdckqf67t2sti61aak3hyjbwg48u5ou8sk6mv
248,394,LINK,7,800365211,no9j62wvb22vt9q1uekr33jflb6qf9lr0glta0t4uj4ik5dcuiao4kbq1misacf4
249,700,LINK,1,703780264,5gjrf02xtkau988rkx30cnzvo7zgmt921e5ccz1619n04hp3wu7afzlc096xnkrv
250,881,LINK,1,768857536,3ac6th2rvgxkbwucpnnzsduslxpbg4t3x1iekjacbcrwszz639lptuvgilzegn25
251,657,LINK,4,362087808,qafm7lohujznzs1tt2ekwqpcrucm35xhl0gof194rt2e54v6w7jemrvs682c3t08
252,122,LINK,6,125089718,ly2ibo6i4787rpn9psnbl7keqbxgwzajdbfv79x7e1cwu94blbepoiipnvjfa66i
252,216,LINK,1,64721009,1wjtch186v9uiyjch5ltsslhyxpzc919h9holzpi0u8iavtky6l0m07rop3o99g9
252,667,LINK,4,644444131,10fb90t3e61xio6j4ks253momeba5lx0n8wuu2b2fuj0d4zp9065yxvyeh6y7t0o
253,886,LINK,3,789985322,ku4oe3d1yqlghff1ovh4aam6zcdz83fps9v9pdyx0zmggidnp3nrmjxjg6kl9m8j
254,626,LINK,7,926145072,pqmy08fhk4d532ippv8yd80jlmj00c7edup3s6ijzvi47jn315s60eb1m95o6eux
255,357,LINK,7,259430234,lzf0e963dnfsctkcjxgevo4t2uzrgizsb5k1cw467ojt1cz7jzhkkjrq8oa1q2am
255,913,LINK,9,221789295,p0j14avh928ivcqclzufspv2iuolt61wfvxvswh8wo1l6iiqsr2m0xlxvyof1mxd
256,68,LINK,2,970411344,720713uflnf1nvadxwwpwh3h6azs6aglkkqa7ml85b04fvcc3x7r590qva486pt8
256,219,LINK,6,255339425,j269yxebxr7ir3zk41rhg2pm0x7lh5prvwrcspecusvew9ghloxyuznz6pcd1d2h
256,446,LINK,8,750513223,e6cte0mqrtvfj1tcehuw5s7wp079276b0xim2uu76ihx7cssfrefhklnvhyu08kd
256,530,LINK,2,909855386,80es4t4jtyqbnpux2lk1q0kyn1926alcnuj1at5vt2motkzfnhrz7qudanmntz4a
256,579,LINK,5,180369423,8gzjgi2lq8p9k8qyhijp99lbdz0gvfsvjjup9ocq9reju32sikf6b7xlbhtvfho3
256,600,LINK,6,866837814,56xpkjrzgukno8aerzg6k2zssxwct9ivcoehiht8zqcjcgst2ybneork16tgmien
256,637,LINK,6,409817589,nj7195clkrvj5gg4dd5d4lth2lsqytxnho5xd5lmk40wkqnu12tqtry69396w6aw
256,896,LINK,8,285825601,27vbzymr8nh0av7o9gsra8vv3nzhlekmmfixoi9rl8zx2a833rui0ied9c8vkdr0
257,873,LINK,4,794707759,0jxhow6ch8lrq8ieqc9fw5w18e13vx4zia74tarsb5sh4xezz85xnvcask8xtoaa
258,910,LINK,5,103296683,ommk6yot5srzsx6sof1945shoa8reur24scjwidxgbd1wxzdc0h98u2g7p52bj84
259,903,LINK,1,923826249,njq7uq08cq7kbzza2oxmd613gxqgcnb51efax6pfgck1qchtk4u0w0cfdfjjmlpx
260,887,LINK,6,472380186,pclnpr5wlltwobd5u76zpi425ax2vdaxjbjfdhx6dg5mvvwvbb3d8rkv0jpzwczy
261,0,LINK,10,356692423,wmybu07apnkm8ua7bcuaezj87lfwbzqy2t39muutijkb48ngxa8nd8a3nzrsz2c9
261,6,LINK,4,554444474,q537q2oaodh6i5guuafa3ems7q5xr1mmn2epvl4l7v93xgrfym3sost0eum4w16y
261,12,LINK,9,508604044,9tstu4amdziwz32qkjz6ycak8ohj9tcusa381qn76ptd512nyekcq9wjyb941t7t
261,31,LINK,1,270653300,4w9tdcyzttac7favnef3fu3nw2psjtlg82k8y806m2hu72ebfwi9iwbcurh9p26o
261,36,LINK,10,423876486,rll7wam32j86edmpfyjw4rtgoxjcuvt8oh5ccb3bangjoon7qmsrwvvtv9rc3d0t
261,51,LINK,6,374870935,r8fgs3trstfza2uat4yfsk1d877i2umwwx82xks868p3qusguxo23ntwjxbaifig
261,63,LINK,1,609913265,3aet93xnirh5omrznpk4t3898d2wvm43b0ywguq5y3yxdngfrj5wjuux5rhp8zyf
261,66,LINK,8,135418653,cwhk8fmd6corfy5ffdegqdgqhx5bfnmh34mvj310rva7j1uu3ggeb5ava5pox4zq
261,74,LINK,1,101663103,0d3ctssuuz9op369pehg6ll886jwyr4pj25fj4sb79ikdw5drx7hc8l6kukqtpac
261,78,LINK,3,134548672,jd19i2lykr7za6p705eqrmr2neye8ejw3rqanvw2yr933dqffbfvckqfqnibp2fa
261,84,LINK,2,507957809,9wsyu3cj92iysvlccw9vkcbjgd1x1wuekwbsho5qzewglqvt115xwl6bqygynfq8
261,106,LINK,7,757277148,l7jutimzrkg9d9e0st65062ntkuvor0gdu69a0oux6s4e3yx5ag6p4h68hg4ifcm
261,110,LINK,2,465205112,v4qog5t25p35xrmfswj40x29b7oy7lng6e9ldi0q94s2xxje0clsep1dy6cmli0u
261,115,LINK,4,861870090,q0s19z31nqfuitvlkzckzkmmd6je366nyutgwmfjg99pr9835xsspzh5119o89o8
261,116,LINK,4,571861076,o03jn0rdh7iw02xlhm80dqni2r9iqf4andcqsj9ajcb8jjtafccp5omaw1t7ht50
261,123,LINK,1,714766837,cnwck8zry0op1rd0hhfwbhzq7bwh26f78bpmhr3803sa843nr7ykz0yhndud14qk
261,127,LINK,4,555315944,b896dhfixjyva2lkeebloulhnlo5lcm58st3gpdx7raxsu25lzbt10awhujbkknz
261,129,LINK,6,570777457,adyil5vrlrbtx16w535nntzwkckv6yweu6491nc0luahjactca7co5zgctcn5shf
261,130,LINK,4,821128557,fwgd4a6ms77v7wz38bvc3s1dc3a1dvv6oqdhqygc9yp55f2p07ylqono44t0zh7x
261,138,LINK,5,865257077,g6gsyt3ybz575kw4d0qfmectow4vvc4qep96n13lybjxbi7w97fu36vg1sheaxqj
261,149,LINK,6,279870397,k922sq9wgt58tvyxoupel7vry8f8pfoohpqh6vtovjnwqylhst6n7uwmsofxveca
261,150,LINK,10,315023233,lhoxvm62bby8y0kyl5uff7rk0efkx3mqk8lp3qazum0f9oim3z3jb51q2a0ucm28
261,158,LINK,3,400150390,4ld22d0q3sygzkgdyikokrh4n85saxf0gwu7kpdgeboryzwsejc3k6169yqy25ei
261,176,LINK,10,302478036,qdtclzvl39l92zof33jpzffxdaw6ms10ertjdgjojqjpcdobd3z1jhvmntz0740q
261,198,LINK,10,781510477,rorbyq2tjr8xweqzkaxgf2qrtqc2lueyy85086mo9aovpteapmkesuc4agr9amgm
261,202,LINK,6,281941271,4mii3qc3mv0geyw4heyuvw8ee6iqg84yh7k0b8ateoi8y45xn44y3gw51ybwz8np
261,205,LINK,1,137000486,c17pdfjky6kmc5qq6i5rwia8ycx18cpenqhor4samximu1j4s7wghzgbs0cdrjr8
261,210,LINK,2,72152919,4ivvh0bv0v2re41x6zktj6p1igbmgkd0ws9wl4d3rozanwkmoimwic7f7d020ahw
261,213,LINK,1,892877682,822anflzpxwgzzefpdzuo7yfm71lz5ubtqq1eshikw9matvyeruw9jv75l6io434
261,221,LINK,10,223895766,974t6gnkjuwqpvic80iif2y1iyb4k28zlfemjwwpvclb1rbonnwvxv8ao1hbyy6z
261,224,LINK,10,456168296,4q89tj0w4xu9f2jsjezrp4yjijypmu5qz40td53gl95r2db0f6nb465m7s1u2go2
261,233,LINK,1,73720503,v13o3uzwn2tn9xvdcovw4s2cq4xxcbeewpn5b7n2uae9eigifnpm26ltoyd9acsk
261,235,LINK,6,117281072,xsi66uqnsnyg4m9iejzifvsdb393rx5d0vxfpo7ij4yhz3p03b1ck086gypfr1wn
261,239,LINK,4,375229842,mm0942yzlov4kq8nf45plr5ivdykx45bv4ongcovieyhau61fc60ubrca44q6fts
261,248,LINK,7,522565889,vnrybuxjz6tulstpkpcujoq6pmmzxgq9z7rdr1w4l1wjm7ncvr2ehaq3n29o1ca5
261,259,LINK,2,150834813,fhtu94pwmofoskkrelksljeso5jkvdplne1h3246dqouj6i71f2xawtqgjm0gtar
261,263,LINK,3,669372237,8r2fnlr1guwe7qg4me0f1vquhnkdt8b67x1j9autufh41sou1qe6bd25xjuo4gme
261,270,LINK,10,491161118,197hnafhszlbedo9t8glx0nbh8z98n7gdqzqc160lxuy1yx7mfhl23dobxuour5b
261,271,LINK,1,612647702,hnt6dbujn5wv5xse82w4r7nah3u4uln9y8rre8yq533nfq7qiseydvj9crhg2kvx
261,293,LINK,4,874982311,axyzgi6sv7mmsxo9iljvn19vg5ad23c08snq4sod7vyps7pmrbl9xljfy8bwngyc
261,295,LINK,2,628654995,qq42omgmcbzdpx395gl45fteam2bleui7vgpztkltiogksdlme0x3wxy1jg4yp8s
261,298,LINK,5,735731304,6zfczanp3guaa3tfi253840n1ubnj097934rl8ab676ik74wuncdms3dvd1xbxn7
261,308,LINK,10,755062979,ipdvta7vjha0o1njgg9c1p0if482v0hord9abp0nbin74sm5ob7l9nkijb12wmmt
261,310,LINK,5,971028092,m05opft0adxc4x0jwot7deiaqrix7ntafg2rd6vq5hxc7g43r7876trqjkyc9sge
261,337,LINK,7,321357679,fsy2nmmpm2fjnalon0tdw1zcdcv8qxagaxs81pk4cxzk6kje9y7z8orid0wuj5vf
261,343,LINK,10,137868732,s2sjfjtt6ybcz7lolrrd4uio1y75bgfg9g8sex9t6heko8uoe3tc0nwog9x1gtpf
261,349,LINK,3,573215384,4vz87k821ls547gwm9hpn21n3yzszw2jq3aqhn095tnjuhl3026o2yvdn28lnfjn
261,352,LINK,5,138465007,vtf16b659zmswa1hthhxn5zqohq39nzd3xz4veyz2c41mkccycycyth5y0jfxkh6
261,353,LINK,10,713347760,me9p1psryybipukpncnc8nnp6cd5kyc4ep0tqo9kfpgkli4s13psyvx4hrb0935o
261,364,LINK,9,607142847,mkjij0lphu08ukmnn4ujyplnzu9z306n0sedonunzlf6ugp08olw0eh7jwm6qy8l
261,374,LINK,3,679200895,6e7xdynh3d3omtw2t5hgr513lxsxfcoj6wrqfahrpv5pp7zt7i7yse33jc64a5qv
261,375,LINK,3,462204304,raz9m5oxb3041ohc0sclu2pf3lgl9q3ldkkspx7v8h78jup6fxh9w0scvfxjr2ao
261,394,LINK,5,284139913,o686d76k4z990o4m6uc9f87xfhteec4k79dusybkrls5zkaa82v82ei5ozv62sff
261,423,LINK,7,77935244,yig1kwejedzhbrb0zc9aljrwejzvdhcsc51sk5bp5z6kb84f3yh86jm23czzpddq
261,427,LINK,9,873467545,kxgzod1u3jm853o0rcxasj2manufkfi9bczv0kv3j04nr9ujlwsxgv0jc8os28xl
261,430,LINK,2,480550004,9k1bdx4d18b5l0mg6puv2zmbrnwwjowr8gt0zhp87ztjb92jmn380ewxpxzx3f7x
261,456,LINK,3,845415560,i5bxvy3pjvogv0t0eba90576ssjpb2dm0oy8a3a0g2yvwwyzvdvovkbrz4asmh9g
261,468,LINK,10,23047409,3tnvvrbx1msj6ybrgh3nsn1yu99iurx8q6x47pu6q3zvkf8zfe85a83pcq36x7se
261,480,LINK,1,441227977,xuscoc8tzkbkrfrf7i9n1d04i4q9nvzxzy0yivg5xbwkg2brpgskewun41nbjevi
261,483,LINK,7,712716554,nqpg6nbqxjz58semzkae1tby0raijesjzzexeoyydgq9cnbkjo35dbektzzup59w
261,484,LINK,9,230668947,o7iw6ray71i105r5r24lkmemf0cgpkux1lumckf660vvv8p46uzpfvtghsy5yj50
261,497,LINK,6,310156425,e7mtt0ia30ksbh7dyibtofc9jlt9rzhkr0qg50fj2zyzox7qq5ee5jo0m6tbfkqe
261,502,LINK,3,80535578,gbchgpujlb3j5yf1udayw2ackc1h6kt2f5xldu28nw9sagum6da9esh9zoqok9y6
261,516,LINK,3,432577348,1dwefggqdqa8h1c6r38u3ic8d2xadk5xhux0ii7qt7gaez1157lbj166bdrgk7tl
261,521,LINK,9,626960117,b3h82ozgl7pz5oab3m0q5xa6fqkqybjtraprcb90jp9brdqdo8p8vfjkwi844yu9
261,529,LINK,4,94252035,p6ayj38227fz46wfjgfx56q3lxymo2moln3uxyy8se1wf8s7g2ymz5dutkhd4xsz
261,532,LINK,5,791399220,le415ptqyv33hfue3f7rljuc2tdj8058bhymivgnmygvkh7mjoahr2zp5hgsab7u
261,535,LINK,9,460789840,iwvsbp1k6i0p3blnh8xwruqupp3o7vkfukos6mpxey5idw8m3ilqc0hypjzxqyo5
261,543,LINK,5,963973607,2l8jx6g4rcdkj3ysa054ugbjs60n1nnplnv0aqps6m3xhsoc8bxb27ejnhgqml1f
261,548,LINK,2,733749941,mjci9y07eshznvjosxogzba4pjnerhn09cvz7dgwveczmhtxuoxayr3s7lk7841c
261,549,LINK,1,824183686,ckv792kv1u5ikici311z1xc1q1bi9cj1q5c51e1f60ijbx0951ajf4esr0kx7eiu
261,558,LINK,1,140925682,43zcdhg0h63zyavsjdi50hz6029s1rbgk0rfvgzcxddivchxd1ihzwy6mdu1xjbe
261,567,LINK,3,239012691,rcyqzzade8zqgss6vpjz2eukqz6so2kdth8nl65zvlef0tvm3xonggh3nnms365p
261,571,LINK,9,676282878,cs9kz0wmic55xgfhss7h2klkond5ts70ehoiquq7adntdc0uw5256ph6wcucnmri
261,581,LINK,6,394949097,xgyd1xl5cltabctrt6vyhgldrk5n1he9v0p4a7ksmqnrvay15qohegmr4942ll39
261,583,LINK,7,966188856,0eig127muprisxdhb8gps58a2375p4uwy1a5ytgtz9r1iultg79ah1oxejlqro4h
261,593,LINK,10,767076177,gkow8t7dlc166ov5jezz76hs6mznk5d49z6d9ygmi2cd50wdgfha0btab4bh5jrg
261,594,LINK,3,701850234,ampj33m4ge8ypfcwffyw1u1e4rbtybk1u3paukoelt1xirgt1vab6lo2kdk8te9j
261,601,LINK,5,993283878,y2oi665kmt5kn7bcr9ay491g4epfbi0gbp7msjfljw78uqk6d76bzm0858as5mxu
261,602,LINK,6,849988285,icfgrwhqa8ykxjto3rmxlkf76guwl5gzr0t7bkz4qa1d1197ik9zc79ht64ayh0a
261,604,LINK,1,483054542,iby71wwykg35cctnj0hdb9hgucepl3aao5mtfx6ixzbsi8czry92cm4xnjsmbv7e
261,620,LINK,2,660623734,k44npd0xzd4pzvkipml78bhhiz6h96ladhuy54e795ix0199tvlzdm5nyavkt89o
261,625,LINK,3,728354508,axaldf6u8w71wspxddr3n8houu529zi22mup7ek5u2nwkon2oxejnypvqvaa44xy
261,633,LINK,4,4736962,v41b93lxj0hnfj1a899oeiuei7hdbcz9r7jggcw5987b604txiwv8q84yawd4idm
261,635,LINK,1,188561126,cd6r6klvkice6aswbxfafyvuodti7kk2j3qe74wgyw726pmo8x2sw7kwxxwmflpv
261,638,LINK,3,599033222,a77qcn0ar235dkmyr40qyi65ds5u8bozevw6kz6gnqyevjj4m117844hpj29tlbm
261,639,LINK,2,510773717,mypqbqgna2qpr3nk6n8800htjkvs37n79hf3p8emoajw34xyw5m7moy61dflh4f4
261,642,LINK,3,920293393,yvp232rw7vozo2no7kwtz32pm6il1omm69t65yjvq0ilwp6wqd24ljnce34rq0ir
261,665,LINK,10,859502261,6hjekyhr7ava17pklw4pdcjk2yb1gddri21kyq7pl4atdz47te7jsjjo5n54082n
261,666,LINK,3,502083598,b8lummzz8537pqz32o2v374yxjqfat44hhnqgiqzuksbnjtqkv6lljkw3bmpy9zv
261,672,LINK,7,96598877,ekzwx7kqxar8vfvz30snxtax3g16f6drjzx4cx9ufi84lwo42snzmdtwou3bq12c
261,684,LINK,1,535270886,18t316j1flalhvrw2060cq3ki0hrr45eteotmuptm7khvwa3f2yzw4fxx7r97h14
261,686,LINK,2,852144315,t5x5e0yrs61bzf155bdn6fwcaoj7f49o1cd3p3es24dfoatjw9s4r9gjkibddqwr
261,687,LINK,4,442654662,7vkt99hhivu1529y8f1r66iwnomk96upqe53au215mjypf7swm7z0ngp3ta7zy03
261,695,LINK,7,5243275,egxr8gijn5lc2njkxlc4um2y6jiwa277fsfmllyniv2wqx3cgygtmcls30ch7esg
261,704,LINK,10,187543563,se81ea0lh877iyt0n9vuo6a3rla1m5eel32dfjuj4q8yb2hnd8o0c83l011coywb
261,714,LINK,10,789899217,evskcl432y8x1orttt20blhcrso5ip81yr1bx2fq1heku2y9wlzxz4p1ob8qvjtd
261,724,LINK,10,25053272,fk256pve9qavl3uayjx3dlkbfndvu01wu2e2emixozndia87e4ibsa8ef56g1mwx
261,733,LINK,7,495821031,5c3bfhnwworr24jjfcnw7wyyfoxsr368ii0v43711lvuugbkyg6suaopl8emtkhq
261,742,LINK,9,359837839,f23egrv9xav0p1dgd9ps17l2j3m8zrslacfxq1834jyjplwdyfnlh1day97o19ml
261,745,LINK,7,895010261,jofm9155mi4tud66tj1lk8vruxgjqd4wf0ac281p1smaaxjngvm8mv8misboqw7y
261,769,LINK,10,927441340,jelpvqj9eczo7mvfdzhwal25qh9f8iebptizr8l801bbn5yhat1xnlqtqb4uhl6t
261,800,LINK,8,944191603,vwciyncxcpwrrxnzjdar7gbrf5ffns0oa7dq90cdoosr5a6x8rc3gy379udkw04x
261,801,LINK,2,391234177,bb35xsj8n7nwh8caujjdwn6rastfsz74zyejoa93gizqkf9z1uhmohgf7v087loi
261,805,LINK,1,576707304,7uy5050m83569ff4hubjfoo8hk9ir4vlv8192p8o4w8ju64ixr3m0spdgz7w1rhc
261,808,LINK,5,733085723,o3stgbibx0kr9fvqqwstsrr7m1viihym46ai6en1m2l4hzs3nc5c2dionh893bty
261,812,LINK,6,993064886,x6t9o4rfxuxz2khh9f0ki60v4zie7xa34lzg0uvi0fk8x6md0f0b2801uqzo509u
261,825,LINK,1,601483472,0jffa48cbc3u3ovrhh23vipv97g0va39jv5r7jj8n8iek7x0o33s7j1hipxsn3v4
261,826,LINK,6,127072695,3jzs6utb624c91c8nhhdnslhyuivcszb9ggicj677ax8i9lulzvtda19t8fc7m47
261,855,LINK,3,790300398,2ftepxbel5tmtsid3ldv9ivf2t6vffd9lzr4ljsldlxj8sk7l80yyolke0s1ti12
261,856,LINK,5,875869696,9e7cruu3g9pf165o6nsr0t65czja180lxvb6gbe7l5n4fcg9lgsti75cau86ypor
261,862,LINK,3,302515057,zwhadks8vsl4w0a2c2v2ag8zjz6rcs4u12q1lr2nzsvfrgrsjpkxpdyh4jsrbpos
261,866,LINK,3,810202785,6vo1zopfx5a86bvpi7lihcjmxqdvzdnod7cc6b4ca8pnfi7bzraaku1vonmz90w0
261,874,LINK,6,121815777,l6v32qok5z8rv6a5gdm4k67mconn5gftuce1go9equhkgpzh5f2mjzkwsgns5sst
261,880,LINK,8,437348697,6nsxovijvbkjtc20x1b9kzk6dyim338o63z9qbe2n6v3lro7le8ksdpgx6752cpt
261,886,LINK,1,556618700,hoih58kb7mmy08cw245jy9wbdjb7ty9g8dmtegafvxh1o9bdxtrlw104qrnn051g
261,888,LINK,1,378518920,xaaqnn0ijjda2zqc7fmdh1i9kfr1ea30btnd8ngmzz23cax4tnz0f6uxnn7ltvkc
261,890,LINK,5,231029863,alhdmej5sjl608lrsmixrsavkqtkutbzc1mgsomjq3k6ci9e8vgjz4894jw9e281
261,891,LINK,3,132721417,iytbzhtc5ff0zwu1wby0x8z50yceyk4ubicmvjedrkwuqllhbjt89nzw63phluzy
261,897,LINK,3,264962846,xfkrfeu90jwzbm6hveq8rcil7d6xr8ctwyn8fmidovudtqfuun06crc3o5y7278r
261,906,LINK,4,882106753,mnt63hpkly6whtwoqg1uc9iqepjwmbe0qt0u9m3p5keymost7ko1yghi38gyu5au
261,915,LINK,8,993461765,4j5omzi3jnuiothuvaenpugmxplfj60ea0yif20j01hqfzkrf0d98syqvko7fsk2
261,921,LINK,6,236131756,2j00sg9au6h95zmjokpnz7sr4afvnc05shwmeuno2inci2z7xrqnkz719jwqnw59
261,933,LINK,5,858487602,83ig3dnsajihj44lh8ojg4aziq4ihwv9427u9q7xz0uhuzakwona1y5hh5h6x1ap
261,936,LINK,8,428633382,eu1dc13v7iocxhq04pd4botx4npfd6l6tnnlb6146xu9i5n5k39bs5uyz5oic175
261,949,LINK,6,525998692,32dzee4qts94otrvblotdpb8i37791pthbbixfq82o1hcea75eq0mg7yj8d12o3j
261,959,LINK,5,907590393,39u17e417p68ppemzd8stxkrwbv0yc3kv0z039tp3l8ydc3j5kbp1u0mg1ohsic3
261,970,LINK,2,659465422,2u7regbl06n4edsdzv6y4t3hntavsyr8cmb3fkisvqol34umpt51tbdq29ay7l67
261,973,LINK,10,294462617,8z0t04ivxb45kel6y5i8tsv736v18f1medpzoy607tozs5h0bojgqy2f6wbywx15
261,974,LINK,7,633679019,z18t9j2zjpqf06e3tico91myyhfl8fahkhgt6jxzx19yh5qg5afw0qgej6xttc5o
261,975,LINK,7,90593584,vxj9aox9udmdrn1ni75t5dla10ounyvmt5s48ej27zgul11zgybren17w8dbfgeg
261,992,LINK,1,310998615,63eenyqfcpn9yk78zgdv5c9tor48f3ro51tsylinos33ypd5k03vybj41u5nmpuh
262,147,LINK,7,10243270,6xwtys9e95695aziq3ttj5rvz9fku95r2fxv4w1l3f5zmfk3wvwhnbr24amns3xn
263,169,LINK,1,394972916,dj7mydojq1yhr9i2b4ihgvn7slcggybln9keto058bh6wru16qq365hqfxdv2bpf
263,357,LINK,10,937904461,j6sf4st7g8l20j9fwi81lqhpamv6i9jkmk8emi89hp07u8qdhok2crk7nmerncrn
264,97,LINK,3,567081393,nahnfazi2nnl601vjwwx5mxc0nbvfcz12dl6kw87tdc3ua2pbwq78vfl4mnipgam
265,733,LINK,9,326141121,ex8yi9rme19vg8vbzfszrbevlq7l7h4osacuj0fd3graxvkmggae36jgppe5b0te
266,834,LINK,9,244507883,tf2ipwtonh5a4n0k7o03cnvnierr036rrmdhw6epctw58zq0ttwtexbafc71sslq
266,922,LINK,5,780004176,88ni6iq6zzg3v1rrcpk6gpbw9jwcf9skk97hlwvyaroe4w1kbmr50ix6tdjhyzft
267,198,LINK,7,677096455,2zo3lmudnyqnpe2g1pkczofatn4pvnxiuh9vn2mp57btwv2y25eru2hakx4da26p
268,151,LINK,1,305789281,4za7nc269gzqxfhotztc5wgp545c14k4yt81v07z9fwrnutyinkahu86otdpfxuf
268,314,LINK,10,56838041,k35a23syy2fqdhwnigdu4xpqfd2ftg545yk782p5z9fh7oankif75dhkadely7lj
268,338,LINK,5,984710321,ign7ikzbqajn4t3yhs7axqil8a1bvsmlybjvnbl856cjku0zry4x5xeq3yt2n8ka
269,616,LINK,1,626150545,zhdym0jdivwr2gkr9nm18dwnhemgrkfv3jfkq6qayu6bx3umkw92txfmomf25xze
270,995,LINK,9,869355755,g3viv7a3v1m6fq9wxncrriuj6dkvg5p269q105dx4h0nyggm0ctvlqzkyv8f4got
271,9,LINK,6,863796180,uw0ccwv1i0s7p3wq1ltk2qz83xfbqfi9dzi3m1mokqh0wl5n4o15m5nyki8sec3z
271,23,LINK,8,266521993,ef121sja191fggrwu5o2hj60panfnwtjtekk38l3w9jgpjfrn0bw1owgwbsa1kxh
271,252,LINK,3,527237864,4j4ua0k2n3xhop8ki321mzkztxtk86c2popdd48vjmzh444k7imu15m3gqt22pmf
271,300,LINK,9,187070974,nn4k2ckv3l5wtia6dm5qbmwm3f8vbpm3n9res5lc5ki5m93yxrkdv3wzxy0nh2ni
271,537,LINK,5,710883128,og71wqxiw94d9l0ayhr80uigdz74ajabsoxtylzz6uh9by4k9e13hecd2viaebhb
271,589,LINK,5,909033833,7qv3jvsuzh8r4bitaoopqxcr1rhhgux0g3izb2y8ptsby25rr8efgdmyeiyjtpj8
271,602,LINK,8,879678311,7o8cx3jph21v0lrepool6bx7kw1c0zo8goknlq185adfeoed1db0lkhhiuyenu34
271,630,LINK,7,429844707,lsoznreoouyx0ir98eupwcy57p84b8wlwy2b8p8f7iow0wgo5gqr1xclpcdffmf1
271,740,LINK,1,480243716,ifjd82psls2cw2907hvygeuc34abksr7nmob6expngrmiqggcsnvj5biwa4kh6ei
271,862,LINK,8,692007692,klmzjnzl7m9slgols63rb74qx07sbm4xaiory0h1cq1xbqs6n8tgom2r64k5jhe2
271,878,LINK,7,979725890,6x9nsb00hv55aoefvzn3nwtxgn36h5qg2fjr0oocr3nwcff476rjjbv2qx3mhaco
271,923,LINK,5,316048784,p5dkmyll9ahzwo0dex1wh3884m5i7plt9gosojym53h7ku7q51fc490b075gs6vn
271,971,LINK,10,99776226,3m5ctgo11x3pkwx3f6sce238q9ma09s08c0hd1bhifcsn4442hm6d8zi8s1e73kv
272,67,LINK,3,805705146,yn5i8j8goqauc2zpw6bskmulkfpbryohbs1d3gs5i4bomoiu152x8zyotgrk751e
272,319,LINK,8,938668770,m9lbllcbh7zre8zvj88n8x5sswgfhu8bzoui26e1kcivbta8lcq6k70rbeddn83w
272,507,LINK,7,169174506,y3q75u8v3qaz1ed3k6dghxztgh7xchkjik16v1317sz94olxbgff90ltudwzsl7o
273,343,LINK,4,215769738,npjlz2nkq8qxtfbrbqofrjy95cjzw3pna9gu4b4eaxs4g02br2ydfggjds0ltog1
274,161,LINK,5,185529034,wtr6opwztur2qf9ek9ip54s56k7j0wpqzcxz9v7a7ondxww7noeqhzufaxsbr6a0
274,347,LINK,9,98454897,4aszjy11trfhtf20e4v31f8es904209bar5utzoxzvs44q383wve815xw9myr6xx
274,375,LINK,2,842522764,nj1glbopaqdntbci3suo5r6btxnkdjl25geld2f4wjmdgi0bnbdpl42bwxrn870s
274,431,LINK,2,997728192,kd4jefd2uqaj1vdsiu13chmosv8d5n1adwrzn3jmhhcuhgd790c8cm65ahcvzpju
274,740,LINK,7,66421703,4t140hl3vw2mjrs00cmv53jwjbjy3uj15ewbci73nexdt8ae3hf8y0eogndrds1s
275,21,LINK,8,683240511,4x0dg9mw5of8eduekhm7vp74osct0vptpe4dkyrx6tsecskgurvzmoeymf37l1h9
275,57,LINK,5,150020869,g460vwmhnaxwig0r1feofc99j1auokk3okd0alsao202vwfx8bbps43oqf3wukog
275,196,LINK,10,846309886,adivqhc5vvobfrwik7vsru1c9bkjn8grgg8yz3v74bdmmnybtejxvqdyqwv3e1my
275,205,LINK,7,275476323,z5utx55dnvy64d3etztor4dfmr9nyc69shy8gnf291o6nthd80jc7y9hkpfi49nw
275,332,LINK,2,162078758,s5pqp0hrj0jl1y5csr9hf8p0cv4fgbwro3n2dr4altnkga09ky2aqf4cnut9cmns
275,628,LINK,10,326640160,5svzu9pv2omoqyzgjs30t0cm12c6mmmz22p81niyv7wf96umyd0t6i1tyh8caxbc
275,698,LINK,10,546479943,o8sbyy3e1gejed2gzm25749wtb4r9qucha0z1f7wjx7fftblk21s335bhy289c9z
275,723,LINK,1,919129762,i90sdkbac9830s6qnxvfmcueecsefriicatab00iqhy9vlx2d6tg8i177fray9iw
275,915,LINK,6,876628690,thxwko8q99pbdco9p4fue6e6di6mi7bxja4h3w3jw1c3pc8bp9nhytjz1tt72x1v
276,377,LINK,5,675532007,6ebw2tenjosfyd3vzv74sfqjoe1cmsjwo4iv3plf7lsz8zzv6xqdqy3c45j1oanv
277,914,LINK,10,669246756,dyaruoblz224jlrnnv5g3na1jz2rtc3t42fr6707uq1vr6fjjj8dkjuzhzwhowu5
278,30,LINK,8,631620316,fkgzwjg0t9co74bi82of007cnc78huomriu1fbxtf67ulmmv0orqf6jj0tvzs1o8
279,652,LINK,2,409444932,m4za4tsiyntapqm51z1vfi7l6ooylzy3mijlg3fpssfisfzm473ob1tct9hn492m
280,77,LINK,10,192663357,34bsf5ky84y58d77o3p8p6wnmsm84cayimizi3wl30vo8z4x4165ua3m6yskf4dv
281,673,LINK,10,457079349,1zk43dthe4ccg1njntrxwefnwcrn7nf297mjw4xcs2vm62ykjidokiz99ovldmvn
282,91,LINK,8,641153660,sc3f8pfkela5g2588w3jir1mkob12ormp2q0ikqnla1fj84zg896iug0lk7f6yjf
282,624,LINK,8,858203384,1u7kc31fmrc5kxw4bddl5civa91bhbh26wpaa6c1k61xga94jhh4zuw9a026ane4
282,878,LINK,2,108409282,znqq59xde8f39xt1483owvwl77ghhhrwa2uyl8xsc5vzykd2vdw8xgjod4jurwoc
283,821,LINK,9,853955258,3i8559p453tjwfbzuu18v5dkadrth8p1yqrd1g857dz0yprj8r48ri764q2l6azb
284,601,LINK,5,211241020,3mjzevu6kr5a65kwvttuf3vjb1t3eskbsd6rsq2cv3fa274vvv1n6pzczt88wvae
285,250,LINK,8,763197602,007sw7uf5yki38m0rhwh7eztll3544v2vq879jcr7nxx2bip1ytfa7fdm365wtn9
285,973,LINK,5,467994371,jwxkx1m1r893wwe36pdkc4vpczjgmphv6si1ehfxopldsl87db572knldo85hyty
286,36,LINK,5,938282997,i7n8kf4xu0v2hgwafbxswnan1tisuqjo22jr2g228e0vsa8u548194zy66gny9x7
286,97,LINK,3,511339503,si4m2yurn1p7bkaaob8hxyqqmnwplvv5dop0nedjhq6miicv4bqjkxhpnxwqhzyt
286,154,LINK,2,132390806,kkn9pspi1ro5nffx902shrmi2rt52ngka90v988fofu3gqm7tch0nhor5dsp1670
286,161,LINK,7,169426302,rmr4sak1dvl01b0wkq1ubz7ak7jog4yg838gu1dj66wrlmjbe6gt25gq314dzyel
286,232,LINK,5,475113615,6dhvv3prhdki3fvms5a1sbpzrb9csp32prgoa6191z6goybdt12sx9e6f43609x9
286,294,LINK,1,158196870,3lfxpvt8mxu8n1giq48hzj6taz1kpd92w48rgcagwjku1qbdcf0jorqgs4lg2quf
286,348,LINK,7,202161966,59523wvfhq8aiiroo58cdm0j8mm7v3ast10yx5n9wkxq0apnq9pttri0rjgx8p0d
286,377,LINK,4,205494448,4vhf06i97vbo1ndt0t88u6d33omm3u2qwxuybxkdo7wp6btof27gcljcp4t7yrkg
286,402,LINK,5,505148608,6wr98hs5plqa1hmwz3piturcjmrtcy0qsd3jz9x5l4vdckkw1mcoxgqkxpe2sp1c
286,416,LINK,1,748660442,r93egpvo7vmpidrr62fobrlkhr5vmtivqbhha6c0lee6pzi8kalpasqe3sc8w59z
286,443,LINK,2,76541760,3axow3vk1q0pmwfc1stlynkigcwz4bvsvd4wd7tzuvlxjvffmrx1ciqoosl9hih4
286,453,LINK,6,617980198,w085mupukydk7ic4466k0jiorkucbuzdgas4quwmlvzgpc1w55fgwes3ibp3d905
286,617,LINK,6,894024938,i4l25pdor8jv39icfdobhzdnv3s0hqirx8n536krwc4im7y3t45s2ktsmwurps49
286,676,LINK,10,902181781,lh39a11ffwbsgyfv0rjwtde1wi3t6q0xhsjbfcobvttgn7sydeean7no4hm51y4s
286,699,LINK,10,763512201,wd5kvx1cf715lgb2q4nc7anjn5fl9sr20y8wrusvzwzxrrpnbvjwrbh253oc1y8g
286,826,LINK,7,641157025,zrra3xnq7w75zjm4rxj7udhywgnxbo3418jt3ad7utrviyzqc80n52502743rsmi
286,895,LINK,6,42558980,cek5v3vers278c9nhir8u5e5oix69xxwheh36ynf4vcjaqzziw7k4qlzfd7t5h0m
287,419,LINK,8,100416622,i5s65752to8rjbsxeab906fqn8ez8y72pqkp7rapw5pdzmlr72kocyu74u8wahuz
288,216,LINK,7,507651781,c010opafa46objn48e8y4p7iluw947ug1j2tbl8t74n9caau2mlu51nxs9z521g5
289,931,LINK,3,54155133,mkhsnagchjgtvaumra3cscoo59m4jyrbfnnhl7rthbw8sa8c53ajmabwpmm9o2mm
290,479,LINK,10,172131995,ocowf0ilwabf1nl7g04coafn61lingdl1zua533xqe43a4hoebm4i636sdtfixg6
291,160,LINK,5,918592871,ayvkh9hr542fg7d9afeo7ulnye4odose3o3osvcz0s6xs5bpboqo7g9385gajftl
292,126,LINK,2,655943002,cmnt6leob52n3prj0kbfbojsnh47m4nas417x9hic5zkzhlp2rwghvgtz0b6c27a
293,415,LINK,8,886526615,zns2di2wakdcqsummgjdr9l1j1f66s6dsgwnwi9letf1iks937kg7fky66d0njnm
294,136,LINK,6,57838516,03tpp4ab5wqrqszptt7pcnw8h1b5isq11rih4gvffpghakkwltgmlwbo6aq790qn
295,267,LINK,6,453460824,y4jc8xfbeeziio083zmffaapy2ma6ln66y6kki0ue310ceors8d5xvi23ub12yuw
296,313,LINK,7,959329121,vjt8j7gi6b0ian1ujlphbnnw9lsefu5fc6vbyk1bbddj89znuzl36ttoib9yaahv
297,93,LINK,8,31740761,kt3ypwvx0h2s3fe05ghi4558p6dkytkz44rr1orav95naidfc7d3pzuv0jml8ocv
298,265,LINK,9,170077454,scm3docuf2g5trd2pdpsqe51u6nbju1bwy06hvp8ib7uq32jjumve9xml6jg0qxe
299,95,LINK,3,700494706,amzen86o57c7yts2drssuzsnznm1hcxcw66gyjtnqfcxqg9dx78ux9skryfoop2s
299,98,LINK,6,35886642,r41pusp2w9njh9ho5ab749p982uv7x0djwx0tk2ur7945uqeiphz31z4cak5bc1x
299,232,LINK,8,276561991,07w11gsept3avgmpw2pb4xtu8fpfsbvx2d95x67y0eprkllammzdsdvgwwycb2av
299,305,LINK,8,149481529,b9natzndrsvkh0bzy7t8h8nmq3ohwshkfswpo4v3erqiuxvzpxsobhowraeh7pcm
299,919,LINK,4,431993601,mejrpk34qbp4hqzy1l4zxzc2vm0kxir8f0fey8075ya2xfbop85hyqm7zel0oluq
300,280,LINK,7,645721055,j34oliyo82kh0qa64c6kdzmikfbgeobru33n20rmxxw56kgewqe1vg2ew3nz5gnf
300,929,LINK,6,463390618,oz52lj3f7xsbhrvvmxljcr1vn0z4hcrm5vkxd60zlqdwfl79d9r87aaxqgiz7dk6
301,277,LINK,6,171238383,t88i8lkysmggjjhfpmsg1fneq4hgtbcvj26fepslvtkyh2zcjlay7zyqkrlfr9uq
301,324,LINK,5,688405011,mxzgcs3anpgdjzpeqek8i5a9t85wjea86mjhncvopqg0zcxzwmsh6umda3xerb5s
301,462,LINK,2,620475635,g0afcu8npijxwdq74a6hxsrz5k8kcj3xz5fw2tkhewhe2vxvvhcpkkdu4uxfryu7
301,480,LINK,10,61335435,5g2m4cxhsa8ueib9jok2pqieix6ugz9427uvqopem1t9ygqsd18v5taq1tti34eo
302,96,LINK,1,214711744,mppajax8o67qy8vjp500uur1q5v3z2yw4526xbnjxh6a9zy9615m4yesa958t7i8
302,385,LINK,8,276929079,z0xjkbn4y0rnfi8lwainr0u0b0uhzlmn77yxunw6esx238z412xaeqnphe5zl5li
302,643,LINK,9,302487778,lgdp554tsv1n2ltb14fnqx9uj3uh8s2863og4zwaaxpe6swxji4hsghw0wiaxc3j
302,645,LINK,4,652091445,ioatg09vcnpgl0ew9ox3s8e5fu6mpsl0dtyrxaz4ylk4zmb00h9h4rq7kic0812w
302,656,LINK,5,71006575,hin8b0n9i2pr6umlxcfkb9ytzdoni7feratywxt12qhv1ksut3wch8b5yliibbkr
302,697,LINK,7,300202044,821luq8vhq7chc11aewh2g25obrges6ru0ryrf8c7cbzogc9mqnmbgwky2zw34w9
302,698,LINK,10,494919294,vcjgcaay39d00iis7jr0fceck8242oeo700pcn54kii8set8arpk869qwkvfoo9p
302,770,LINK,10,65590580,sdtmsbc581hh7n36wcuyqe6s4o0no1xf5wx0tjok75ehumvlw54h93ibauim1xvy
302,777,LINK,2,632108812,qitojcb1l1rmxnj7s068e80679gx2cz7dq6m93jc85kwzanumz09ntmqpwg0b20x
302,789,LINK,2,809041170,ih279hjzqqwdfn8n0heht5trax7wr01ro987k4om8rx60wsrxj2ipr299zfsdaze
302,828,LINK,10,853505,67dr284s31ms8ozi5kd47moge08s4ukskaifgj7g1c8kvp5x0ct3ch9vgzau494k
303,887,LINK,4,272461885,6mq4zaqk5918k8u5hsur0xminq2m3njqc30fnd7b82cyy7s4rso9i7ehmomgoe82
304,893,LINK,9,599678630,mkww3srvp6gh6b2a2ks2xjv9db9eeqmfe5k9hjzh0uybjv3rkvczki1h6cp5868b
305,180,LINK,4,989207907,m00dv76mk95jvzix0zzkwlitrqw0501p7rq8br97l2ucicch4vw0x3py8u3s9dfo
306,193,LINK,6,155242114,99x5ic0kb0jo68f2vyqubjog38gwr72df2vw3g8gsfy2wsbt882m0jzig47k8tf7
306,569,LINK,1,497878603,q9syaem1z25rh1fduggyou36heho34y7egdx49twlazn2wu02jgv6vic0kkjlzl0
307,465,LINK,3,886109988,phr1s5c4my9lrgzpxbwb568yc4358u5qd7xq7oits6gbn6skjn8jr04cz6pue8d7
308,275,LINK,7,421245746,sysfdqcifne9hgn9n6meldbbxzahbcig5bviy66inqdczw89c9l3bbkxv1k37h9w
308,322,LINK,5,447291583,az75oybqecoonptmzsvn5oqbp8erw8j9iwutnmo200me2ets99nt9q21maathppt
308,451,LINK,10,655896038,w6wtay0adffsvj9nw2fscz0p05ycnc9gyw157r6bdzvk45cie0xrob1oc5protnz
308,474,LINK,7,292759335,vy86ekynrukokka4uzfid8dyscemteh3e7v09iw752ek1rf6w15ie3k1gpa51pzy
308,532,LINK,9,425274998,h7het4g0qaslme2loo09cm7nxz13cozzhns794zeuv9fnseizr5g3isewdx9qie8
308,718,LINK,9,791903100,icb24da8dub4689jcb05jl8wyj8t9rr81x4dob42wsj28fyhlfwezp2w6l9t557h
308,836,LINK,8,608206807,y17ndge1ig4uqr5kltoyk97pu2ecv5tq829ouqdoolil43q5xfxkhai6rtznkrtj
308,898,LINK,1,751822294,ro3iansvosqiq01nofixa390137txtgyht2sk8ayqbnqcag7a0xwfb9wxxuum1uz
308,988,LINK,2,806755867,gta4cp56aluzoej9bn3ovgbv2c8eoho910x40zgxnt2b77f81q32tcjs2m8b3ayh
309,259,LINK,9,492733266,37dvbhe89ium16io6pf03smj2uwms9kjehcy3o4obphuydglbark146xhyxgo464
310,276,LINK,9,945331153,ka28pivwpdul0o4jke1dlvita2qvd2flrq3bmziyvffemi7o05ahhvmjle3r4z38
310,889,LINK,8,148261642,nk89yeyahq0pxo2vgh13dq56509n17gj9azpfukesyhxo91z9zlu9lxphgjv5zy9
311,205,LINK,10,818584554,otxeoglcivy8t3urwmivpdb50urvem2ig62kbz5eyqkq3amawoz95fnt1f95wpg2
312,231,LINK,8,764536534,b6r99xq7bkwehc7zycopzq5jxvzuu8ejk0xo8u9750pneaqublhv3lp905e3cnt5
312,772,LINK,3,998805996,p508wchp2ylz81pgx7q0h2wtzgnahj2usquili667yv5i4h5il575fko68crbjo2
313,53,LINK,2,362678394,1xnmg89z9vlybgmp6j29porjupie2p8xxznw0goteur6woiz8oidzrkhps7x4zn8
313,334,LINK,5,362279567,u1w4eitbaxbx7l259p4n6xm1dkcj2tmoqfov3u6suu2h1gd1nxj4rojv8cd5zso6
314,911,LINK,7,463134062,3vc9zrr6aq8w487y7rxnt1rnu0hnw4fk9j8swelz1z8z9zfi7hg8r7bhbo061qdz
315,124,LINK,3,820885469,j8nynpdigftudh97v7obdl1lr4g9htp35zej6ik0km1g07ir9vqkeblqmye0txoc
316,571,LINK,10,714750519,7lhx1n7w260q5brvdv3448773otws0r9tspu9gb11ztnmok6m9d29xgcqjop847m
316,673,LINK,9,857912330,u8bjst3g77ztzm2nmex65uz7nu58hiwwef6nntzuy4oun1aio01lyyfdecl3ygch
317,268,LINK,10,227079404,jky9iqnhmy6e9xa2nmnbwy2q2l7egjcirwuzbmabak1t3xd0gsid736u85b0dsji
317,525,LINK,8,822464068,f5k9l4bxkvvqtk3bl009o1pq8rjbznkgngksqysmu7ey429b57t1ox6n4m7o4tem
318,314,LINK,4,115461967,kz09zahissnqlom3v6b5gn2udauino9d91yza040i334g35qu7rfvk6v473dhg09
319,343,LINK,9,609568153,fuvu0myu7z7yhw1bxbvamk4h9hdlewafuejkmophlj7v55z7tkqfozr648jbg30z
320,213,LINK,8,914098189,s7a6skuvo2ycqs765geroe0vkck5ou2qz5q6g2c3r26qps91pyv1r3bbv8xsazun
320,234,LINK,4,574836512,10ezbgrgulcrmc3zttzwuw73ej82acl2h214a8ign491hut9ypx8e1g4npyu74ye
320,432,LINK,10,152901369,jmo46q7asj8amxnbki3xqgay866myk8koa1zinm9e8wpxw6h262l4xooy0781iyf
320,475,LINK,8,223376599,7g57jy7ulvgi25tij6q2myvyaopxfhm1y4oc0xkgtnn6cjr6in8g72oul636104u
320,704,LINK,10,845559708,rwzzk826pjt0bf2xs7z0iz2orzjvicmnj1eppkejydr1p1wq3e13ln8pok0xmklx
320,858,LINK,8,612571206,2ms0blwa8ahv7x9bipyh7s5k9oe6n43t5kmhso6k4d0rh0dnf943qo11v36eegkx
321,341,LINK,7,241061688,truq2q8r1jmpp9dizzjjbyqr3nxwqbg2heplykjdn5uylwf0zq2xtjr88556w2li
321,410,LINK,4,839235678,b2i8xt3v6l46qhokjbelcv09jov2dpv0c7oez7kj7icx08i2y9bcdduab7jdygud
321,559,LINK,6,41970907,ha2tltj3u4pbow1kom7fhrbvd6hcev6tz1zgv6mixw963fiiwbbz80j7gfwow8mj
322,685,LINK,6,22435449,ff22sre846lgrleufd61zhjvfz9z2osac3365enlc9jpujbrzp54zgr2qig33rvi
323,182,LINK,7,364059486,3tqcmtdaxpkgyt0rhz60gwu7wtga1osl3wi7r1kayng980ykaibbuh0j413yal16
324,910,LINK,3,171214792,fyrh91khiqtow8ra8edwzbmdz38qi2ltgzz8ha4kvc95e4htnn8euull595y0b6l
325,967,LINK,10,467179332,r1tjdh6ojpb3fej1p0q9jodalgcvl9kyjleigi8nn4j48xgqonzgovjgfjgqlchn
326,98,LINK,5,946902798,vhzpcnagxnne6z7yhfzzbxygjvjbwe3o5v59gn3wv3gm4al9dxnusd28hs6sstmc
326,568,LINK,4,138945846,1v64zkfh0qm50mnnx75amduadivbeyolz5px9e1bl8ay1cgjpsmuk1h81gaimv10
327,76,LINK,5,1956449,ez9oi0lao9bxysjrf44qkuh6d5ayhj1a1krp6altlde6puy1bilmayi2hfqo8rxc
328,210,LINK,9,559565971,mqwmfsy29armm37sl26gkww9uz1innq82c5q2q90fwszb5pnhcerp0t4zwpdobzu
328,298,LINK,4,771791514,e1veoi5r6uv8o6vrymv4lqdr7psfw44sg2kly2f9bot31o58b7tc6gqh5wqd0592
328,316,LINK,4,730173862,nceqg4a48j2h5upx2xyczu2ucuab5ot66s49osormlp0uxba3bk437wdo0jk81lw
328,338,LINK,9,920009257,mwf77d54eop4nb883orpg109yp38uf782fhwf466gtsr6guscmw4qjcsavybt7nn
328,628,LINK,5,115744529,ggf8z3diznsvcktkn59ymolehec5vtj3gk14g25sld9jy082dqr74a36nxuunq2q
328,926,LINK,4,154276324,sqqp9kzp9ne9dlnhgvnhhvn3luj5ia4ty7hrnug20ulhiat3xwqcnq7bqc7xvzom
328,929,LINK,1,263153534,jipf3h4evucw2g6o7roc62i4ectdf3uu0lpz09jwsmwqt1cn647igt0sm70coquu
329,11,LINK,4,629532609,8ejyt3q2fhu9mg0anwf338q1w2mj7g8pbsgsjqgg8hjyg1e6hxhz0ieebdxihxu7
329,358,LINK,4,294796201,82cawfhg2w16jt4hlyoxi845popzmll27hd3ukfgkflao6clp6axfe2bawxo7dkw
330,842,LINK,5,313014170,k2tmdp9nuzzktmj9g4nbrgn390rnwnw0itqxzpgwnb30xbflnxvoy2rrmawlpwvy
331,168,LINK,7,810173956,l0s4nolksduuk25as0xbocogbaqvwyyrxnii5d56y1wpzdesb7wcesgn1xboips4
331,980,LINK,9,30745965,hbnspznze03f1dzqqjxxugbq5gstshntte0a7ccbt1jkgz1dnkcn730or58fykkm
332,35,LINK,1,688338775,bdze769yppuui04dlonjl0b0dn1ajmn3c0qbli5wupcimi17x9a0icmrk5350tdj
333,37,LINK,9,149128252,d60wtoqbaghftxo5yvglthxhguu6vrwkju1nanmmydcsnfaa28flfjxz4qqlbo61
333,101,LINK,10,599466511,t9l7238bkz1oqo03x40fosa786du83w6js92oxgvwisd1gj5sl58khnosdc5buyf
333,105,LINK,3,955187163,kt6xxw4018cytcm9xcb9s34bdr4gpnpt8kiyxrhdv03zi3smgy1wbzcafxl2lqlv
333,121,LINK,5,336305443,dtcbb67svtuwt4fi531nuxb3v23w9oq9mxw0czaw7ivvexdi54dbo1zxczspvzfb
333,171,LINK,3,436327880,1e4vw6j6ip0uy6zcm57xpvli8awnc9xfvd27wvxd5x8z9283chtwpl0v31q51m9b
333,195,LINK,6,496081434,hhjvbam30zchpkxkjslgxblxyzpsop2997u6otglwhy01oixecqeoecs32tpfg7t
333,197,LINK,8,951752953,412ijh76rer6dk5x294vxqjqgckdqyytwk8t3wxs0n0klqaau9248pm2oqzlw4am
333,201,LINK,6,508360876,4fuqq5rg52czumfpthqjo126a9dwoggr7yc1i26x55qcnvru1chaxk0kclhfik6w
333,218,LINK,5,987018296,s8u569ns10csk2f1de1xy1u044yg9xk58r5xyfn6y3ytvuhrh0ef5i3mo2nb9ehf
333,288,LINK,10,75780531,rjvs1flnkbjfjafrna5s9rgnagqh8p71n4950j3mrqdi4vnlyfqeievjgqbfxbds
333,296,LINK,4,900376913,4cu00h49lf25ixldzqp9wny3lvilouy4ab7yumol3wtk3656v7u51jwryc9ijze7
333,353,LINK,6,384008135,b2zu94pslasihrfw0y7ylssbhvcefp31sgynfd1d2tx32ui9gjufg1wp9frwnvfa
333,389,LINK,3,29627596,5ghaezeatw2gdrcxn8wtx59q075cyrwa2qcvcwautgdgw5j8hx4nyoppd5v5j6ge
333,416,LINK,1,772721263,hw75tnrvqhkaoaudy1zubv2y37699xn69jy7dqzxw8aswsk24d7a20p7v0dwdgyt
333,450,LINK,9,4061062,lauo53eqy6yw0wvnusihs91ca74058efsa9vizpi8ajog1uoc1mzp1i012t9gy7m
333,453,LINK,9,909964663,mfxk3mqxdkhub0t7dg3n0njfez2ha3uffmy6xjr473bvwx82jd855r9h3yb17r96
333,523,LINK,5,806104100,dy5rc1eflq5s70xpjj6fapfy2hr2m53puwoau19tfnihr76omqq8uvzbnyckjbfr
333,566,LINK,2,700221183,1yo9mgyedk6gplj4yhumacuzshx521elm5dczvnpguvv5oan6wixl0okud7w1ulp
333,569,LINK,3,558719819,57jj7txo5f3eolrxvhreqvto9fbqvy268cvj5rvhfsetmuw05cibvm9x0waakrmb
333,576,LINK,6,353697454,fcuxxqaf0t4v75jk24dbx8yhfyghm57v7099a05ycket7w9kl4uhmi7i9cm7sabi
333,605,LINK,8,180844722,lz9606bzvgbkfh49765uy19wqu36fp1yaocrt5ksl3snkqx9rh0teggwr4lfhzd1
333,609,LINK,9,390962446,e40yozzut2yox428ha4eiox1b9n0tjheaj9buxlq1axioc26fvs434rmjxtrwsq4
333,738,LINK,6,30685188,a0x9zoyuvpyautx0adsjpvhec2i96dnp6ng3wvwcpk9pmqi5vmkm7xye4kevgwxf
333,851,LINK,8,258596606,4i3f1w8twmw2v3l5pfoul27nrw8x4z2yll0wt5sye03zm7bbr70glf8dd17pnxve
333,898,LINK,7,301019349,sgsj6pc6b1aqhthjjm1loi7oe97f3pld9yyblu8zpo6z19eqkdpc0eyrtf6mk715
333,911,LINK,8,721291836,nd75jr0kapgrrhq9flkvww7okd2hjafp8y5ig7enx0yb66zcql3cdt89ky7c6atw
333,959,LINK,10,852357852,1p7fo9nc4ig76wgvgmjsygc08cvr4ftyn8n8mo8f3dzry6po853i3e6htojbnims
334,118,LINK,8,781008763,jas2pwqn8j1iw9g1gudx7du6v6s4vpl4hvuohouswr0ljrr212g2ms4iehnuhjny
334,522,LINK,9,752037259,69isa05hv09za59ja003w87mgijsqeu08qip3r3o0uiy2stfw8am66lqsfn17yrq
334,579,LINK,2,23357165,cxgmnryn90tyvxxu042m5j2o4pqaogelmv1g3d38a62falvlym52h3rztyrerg8m
334,642,LINK,1,550269868,wiixafv3b7ptrgu2d56041p2eub185zk6cjcpremeauttqp6gh0yg07djio7jkb5
334,703,LINK,2,131593436,14bmssx9d4d5fivzdn3a7ua56tr6gdeokc4sa1k3vyr4fwu3obnvu1l0zdukxwuv
335,457,LINK,5,600544723,5kp5b5awqkhschz9rkqwe7k3criqbkomk843c9twbpn90iok8bm5pu1nw8ucp1ks
336,280,LINK,3,161648611,stb8ht63r4w2c0ljih4m0hq6530xxvy33csbhe0s5oo5idb2ts2od3nlfjhcqp7j
336,281,LINK,4,741411501,1e8q8ozubyc1pj0a3yffvrwgvj0je94st1i2uhxwv2i1u3v5sg0jq85hm5797nhi
336,388,LINK,3,909970388,f7rmnx68w9kdyvdpocf7yoxpt3douuehbg7awg58imvlfr1ru7npgps5hs5f8396
336,703,LINK,4,627204934,y13khir8q0v9uly45olhlixkti7da4h0v3xyzs7nif7pxtwfc9pdvwk8kh3mlonp
336,750,LINK,7,23820670,ig0w3gd5x385ln246auim02976zr5co5f653t0915ndy4kgh4271suirqyhc2uo7
336,774,LINK,5,872006658,bo7dfs134k05mji4iwhr6p2ajo8q2ketnvqobfpkc4fiudsulwye1sxrvpkc609d
336,886,LINK,9,788106576,cyp711u5b8gori1mlsb5n9y09gel3ppq8a8yrri61ytxyrybl9t01qozw03tpr76
336,972,LINK,6,43424101,x1zv8iggfwqdb6pknpuqlr6fgseyk3hfmwewj6q415tev9a70mp2oc7tnbjpoju3
336,978,LINK,4,619873549,3o1gnxefolyxwz9x6egwe3hvlh21mbpzsi5hnpagd590q70blct4cx2uhi1x3f8b
337,470,LINK,9,311124253,xy5bn660xoviu7kfqr6uq8kj75kezu7y3luxvsfbi7brenn3mtewhcnt3pak40ge
338,306,LINK,8,935703547,i0spqh5g7hl5vgwftzk7qd76qyjwhsyjca3w82zzl9mwqfe5iej4veuvu30sea5v
338,876,LINK,10,301916217,3jde0510q64x73zjfbis7qxay1cg0f2o8k9pmpeodtm0dwpjexv9sz4e12n997s2
338,997,LINK,2,75773590,pyr4u2zbg3cgh3qsatpqdgekvi7jfembnqychpti3icy933q7k5ucl4sp4pv3voy
339,566,LINK,8,26678573,riucwipmedizkc9xxczlgm2biofo8cq70fdq7l2svri45oilb8vc2af723cwwo3b
340,278,LINK,9,531465149,p0aygaca33f6ow0mbll1qoqq96dceiui10nsywwl5i063ouvc4ujty9erqkonx4c
341,217,LINK,4,263699981,9cw5zewh54fk1zqorjpfemhu68u3uk2frrnavboxp2um7gfcllb7nxrnlq5g8nwk
341,691,LINK,2,939661663,hrk2rsb9g1op3iicvny3wnwk6y80wofxw9prk4equert8xn1j88bp6dvzv6ldd25
341,949,LINK,7,570159195,a5w7qwzvfhb8y9xaqfm0jgk1lmxwobqfr29bb5i4f9qysur161q778ekqy43vo3i
342,755,LINK,7,987223054,tkg5teuxtozr0rruclx10xgzw7zqmh93088pizrf4a46ifxi9a3zt3kkub07bavf
343,168,LINK,9,735784606,yn5vtz2z1se6iep7baemoyctq1kcfult0pxmj27i92rqlabn65ly7haw59j4idl3
344,17,LINK,4,696723351,n2a3cb669q0ifcop0i466c4j6x1viqaxhurrgpq3pn1n8zszqz3f03rfbny2pn7t
344,887,LINK,10,610290172,hnfwn9ytiweo7dgvn69gsdm97cqj2wgoxx8gjag5uivk1o6nle6bxed2x7fchkik
345,563,LINK,3,290614229,64bjdewa8yzujwiqujfoaqm1bbudvuf7gvq1an1hucrxcaj1ofyjtf1hi4pcyjn3
346,215,LINK,1,312795841,h2xgmxil069l4qlubwp2uancs31v4s7icku1ekxtbplwnpeg0px2jj85akwc3vw1
346,735,LINK,2,452395685,jc1k666hedhe7aiu9v9wsmvtxntcvu9fq0xdb9digrwrbf0txpvln45516s6ykau
346,927,LINK,8,704940948,w9ic1m82ax4ctoufu1zy4po22h6mybyvlrimypi9doulw6f8ldkex21s6xf8yy8l
347,705,LINK,7,249202536,7ge47l1zknyzz5jychdb87467anuxqc7fo6vp2v5w0imx266f5vv6joo0dkjmjig
347,960,LINK,9,404806879,wi5junww480fk00jdrplo97lue6rcxmmvjv41lncwldfwqewr1w65fvh3j0gvfu3
348,996,LINK,9,744440958,knpza7w8qov0yax3eotgcduzykot5okxox7ah62fd4y2serpotrldxlr8f02hu11
349,288,LINK,10,55644061,xof5qf6bildkj0khcntkjroz37tijkc617nz116x2xoe6j88wvmr3k8nagayexrq
349,401,LINK,1,485755038,uymedqszdojybeyj0n47uqsm1gd2hvgw7a8jih06eifrdu7sdz6guvtx229d29ul
349,622,LINK,4,716612891,qxu5ess6guhpt6xl6lzmnrfi2xccbr5sd3e0rwg5woxvm0gyljpnfjr9jhocpb8d
349,793,LINK,5,872696872,l07ew35jnpr1brd8hqrm81ttxjy0gty3jvne9nk3nobdf4gos99sh3nppz1usgu1
350,403,LINK,2,835214659,w4rfizjy2mnr1lnwkt18bvmd3mlzl3ta5pc1lblr5r6h3fe7stw6aekte24ge4td
351,240,LINK,4,142989495,p7581w4djtm48un2e86p25xvrcg8swhl47z6fr3lyg3yraifw72cs8xn8uyz499c
352,2,LINK,7,144716566,s2zv81241rkp60i0ii5vjohwjfh1phhim70bi344zzhm6aa28l0qnwk2quodlwbz
352,42,LINK,5,839564467,893jq8gwj42gat790f60kyn0oyhmhi1bra4jkfkh96xlmyoapz72dmc4kpa6hehh
352,43,LINK,9,195514489,xlnoku13nsnar5i6t2zx57xfaw3agrxre0zckcqpxkhatps91y66i58qf64hmpph
352,67,LINK,6,794517762,biuiwa34nx92c8l16oph5py37g4py0lssnj1kftpie967a65q24kblu3ae74ff7q
352,94,LINK,6,329350785,tsrx9ecspumpe6k59elhejmnzkk48zuvh5tbvpimna695sqw5xg12wrwx50p71mo
352,149,LINK,10,945536608,bt2ta6d54brzuh9n6ey2te4arbhwu6vzisfoi9omohfpp3oj20b6t9bfm1jd1kzz
352,169,LINK,10,344871448,l6kp45mkylylvu5maksqpgjci8f1ga4f93mothgd9co8vj6ywlqpcsufkdnr76c0
352,288,LINK,8,102341231,ds1c1bslzhv95bdvo79g6arz493o6yx60bkw3n40ycyl6cjflmyr9wat16ev0sxu
352,305,LINK,1,737885860,vpjdnp4p242c86aphfcshqc6q8fgro6z1lgmrnaz625np2714umyvim9ixxjp54g
352,400,LINK,5,918345558,igfyo7vkb69abc7kvg71moqrec7xx0ph8act3ndv2if4hexkrnfgw56ogvtpc8fw
352,417,LINK,5,59215334,nswo1h7ieqcjmbvqck5m2gce10kqz5q50m9iraedkby4ef4zahfugkwpyes66rg6
352,449,LINK,8,618190985,2ft6dtgkvctz6s3qvn2vdxw290wkgf9mlihl1qli15m4z47a37t36vsjj4zkp1aa
352,521,LINK,8,535222228,xrganth4zqyr1t94n51a6t6pdc5h31sww88quq92w82fx2xwz8z8zzat31vv5sqn
352,531,LINK,10,769668636,v0h0hkam6cepeios6k5ihizimbmetyk8frayjt333juv2lymvqne32pfj24f7oeo
352,723,LINK,9,138182274,0jnxi42qobkf4ydt5qshtkyw0strmi4tyizcjeokg1j6n3z52nwmu5spk06zwxeq
352,840,LINK,9,415576234,r7g84tg5uduannvxvi3770okon06tff2ibncuvlew8gy0wec9cf53b1c4jbtjrw0
352,869,LINK,9,447061832,k7gs8xtte5rjpt69se8slm2zbjbacanjqj6rw0tbe6b72mwdby6hjkqutdh8s6vo
352,904,LINK,7,282866443,y8kpnulkfc0znduuwwvz0tp8uojzp88nu3052px4ziiqe2a97pew8l8ez78whp2l
352,964,LINK,2,431371750,xmnvtc57xn3qqub5ikxabgl8fc72g5vzeq5ueickdo5c7vvvde85wb8svexluo63
352,966,LINK,4,405191981,tnq0agg1yfrvtaxyzbkxa3ydd0y0bkb4dndo4ip9lh1uznn4i7njk0yjhcbk061l
352,968,LINK,9,377906549,lbwoup8astu5je8d0hocp1vsi2mvfashycj63ziwf2nell7bvgchcixtimkkbjbz
352,984,LINK,5,568139060,xa0a4236spasw3k6nl6srsv22s5ivnspqruynlp0imebdlaa25je9u5w0kfejp0p
353,968,LINK,8,545539432,ptde9qkjkoa19o8htecuay2yf1kt7f2qztyjupeazlvd4js2264sl7k5xw3zmadg
354,409,LINK,2,679331496,nnyvnl84wrobd1trad26beiu1lgvp27799bs7j95ao1c0tlx0j30abmepm0nfz82
354,909,LINK,6,201386038,ip9aoq99bogof7vlxbygcq0pu7hfok1rgkm3ufdm4yx4nvz21zjtlu5f3ffo6xl4
355,178,LINK,9,608161328,ibjquu3y9kerll8p3vfwjnsilgo8l52dktupy4j76bw2cukmb1x5efm7j19k7huw
355,279,LINK,8,375602858,yluh55p1p0lau846si2a0bovs36yxxkkfkxuf3hlhd9a7rublwohjvgdo3js5716
356,980,LINK,3,647857092,h2vgvi1c5udyfxofub9it98cgedwsfm535opi88q3kde71c8i7zsheklufudid5x
357,64,LINK,10,991058031,bhft0b09yids8cgcunx0ckkpt1awfmpgmhgus47base8n0kj14ei77wm6qw8b865
357,119,LINK,6,383198764,5175u25ma73jn1qhvyisagcocv7gstlh63ngk355v1toaph1bfku38qt811bq2rb
358,113,LINK,6,206771479,0nnl3eaug73j7qcyyugy3gau2kej6i7ob7mcdsrs3k7ehp653np8psya5v3jf8l0
358,156,LINK,2,872219490,ps7uexbyf830pobln8yyao5b3463xq7hi26fw1l10xin6dxlekmwvp0dz2bqns8g
358,259,LINK,7,630230308,31xqpgd3j9ef83jvlsv58cbynpo63fba3etznp44g4xzuamggi7tyl06n9piokc7
358,310,LINK,1,104513466,iuqq03a56j2rkucclj1texxeopscauzd5lt8zewgpvlwlq9joekh5dqsci53d82h
358,370,LINK,10,484422687,2pjq49b0bg6jke25ta8qz67ldyma4jhz6g7nmll1aoeztht55ly9u1lq6zn2mq1l
358,376,LINK,8,508156799,h1g099k83x75tgla0icgq9rws62ocitaczi4em9nj7exmyqzz9kkv9l53rf48my1
358,450,LINK,8,494532559,hywchgdreh39we9gqym90384e536ng0mb074g8p2gf0o1r961hunvgqa0uawjtme
358,486,LINK,3,573564958,xhak1c14m99o0eg30kbphejc2etw98w9hfmcsmhwxkq36aymkaa7i9obalkvhohu
358,527,LINK,9,868519916,or3rgvgw5xqlnnf4r177wa1ockm2wg7z6czk6gvke2e0niub4ctzkb781vrnt0xd
358,553,LINK,5,843651401,2qtetyo63wmgtcctdearpa807oa9z6p3uhebl8cqyl5zqpuy8q1ms29ju5pcwxu8
358,621,LINK,7,465438467,otwhuqb3cg86zog8usl87h4wg6275ja4kmgf4abzul95f2rfps8gza62brfs3tm2
358,748,LINK,6,411341728,05aln1ovnp2ccwqhnq2y34g2k9wi849fd4j9e8xt1jbl8p2f4idnaxqrthrw27lf
358,803,LINK,3,643763160,vkebz2jeyc2nj3xap7wj4djl924g1c7au3lj5uqrb79vuoz0hh6oj75qgtdwqsp1
359,47,LINK,10,331486319,i5cw2wdvfqeb749sb44mg5d9ed9kwzk7gmrcw52y0aub86k0932s215fp42jr6b1
360,281,LINK,4,950375764,qjkbq3eikkpn153e1a5b3ycs7jx07tmis9ftwvfokggb0d2bnvbx97odmskuueyl
360,306,LINK,10,491384304,5kwk6rxw6lsyn5hm7tm4wbsosz63c4bgvo97re3biwjbsfubk15064mwwcq624ll
360,410,LINK,2,246229510,9ss8u9wxbm1txum8bsyuel340vv2rmccg6a8ajyq9csfub01k3311r7jqn0hym43
360,453,LINK,1,636551782,t6pik2fs64cjruuzc0gvd8gjbyv4o88tt8wsx8cloyruljvcy5awb4hd2d57mby6
360,783,LINK,6,417815730,isetia7on5yzynwts8g7uqc6p0n663h32anit0s21xof7ksru9ay5dfhp3q4xlps
361,128,LINK,5,161270691,qbu41v9j0q7vpsy47t9i5e1h10wfp60j5pwajrzg0vcwlm132th22w8ibjcobedm
362,309,LINK,10,636491412,zaexnnmq3iyxhat9ojes1r55e35xjsveibu7kbkmz0qfsev5gw7fjeh93uhtw6k5
363,413,LINK,6,457635438,rwxe9ujybo2c6jho50ifhua6hg3jhur790r5ntqsxg4prcrlowv20ilkfl8ua6im
364,487,LINK,2,486326251,qnzbkd7a60ixcwlbi3lsc13eq5vlkjuowohkaa4axyh01edw8c8ppg0rkrloo6c2
365,669,LINK,10,536606951,a9eerh3i5ss1xoisicl42o77watc4kc0jdlhcy7z02mpq425ozc6hc7fd5v8c9sv
365,708,LINK,4,983618758,n8kvug8b41ak3ec87pnvm0fwp1min4ij15sd3hvgqu0dgl27wx44xqpih1f0xrri
366,338,LINK,2,472360361,lm74165sdjvczca7n9hyx6tgj3cnbyx4yjzhh8tg4gc046cecabdmnr5xbqlqylf
367,627,LINK,8,934538960,idax0xc2qo8gfjzwviao3z2o9j0qwg6h6la5ja5n3qltvr75y8arazbla08h42oz
367,928,LINK,1,448166645,txfzo3vjyqke0q0uq9n53v67k4m7q8klq0o0m1twzttld6u8v7yft635pq62y821
367,982,LINK,2,137732361,fswjxotnwruix8ii6fhwymeq983m8j7qc2sclbv4e312fw187838ayk10zy72ppf
368,919,LINK,6,749266284,4bm03zklz3mvk28z7qkq9lydt2mx9kterq89rs81nhl6waixj6low8t7crsjlyd4
369,940,LINK,5,999995941,92lr102pciehvvki6lm2nqmehgev9vsdjzrdo8i7nmw19jtm2z5nsp7f7root18d
370,673,LINK,2,828230770,uy70xf0gw93c78qjdwxd4pl9mg04e13blovbgb9u35bw0tac5w2elv204eq582gf
371,339,LINK,3,96302886,3380cuuh1jg5sk4xts1rebyud39jc3dxzc3vdrlv07jd4w82v4fbnw2ea7spgksh
372,72,LINK,8,307819676,xblmgzai0jzouniju54oxt9rr9kwc30wrntxlox260ji73t4x0pf10twziux4jcc
373,777,LINK,8,348550903,vpiafu7syfee9svope9o8trmf4f5dljxj2xt7vevq2djzjz34hlt4t2o1borvkue
374,183,LINK,9,981799944,q5an2ao07ljsu2kt81sn4u23ki2vl9pi9plcu9mefgzfhxcdnslss8zxswswd6j6
375,585,LINK,7,738239157,i6fh8l8af70vhr0yjt6jdprij6re5mynodky8umwyax81k3r29x23vz0fx2of12o
375,835,LINK,10,248476604,iv73pbcv717bnt5aepgf5s3v3ej5d68zlyg9kkd22r1uoblx8pr4227m027bp3t0
376,997,LINK,4,234983415,e9xb379ul5gov68mjgui36d8rr0ityzy9x968d6zkqxrwszn6fdrczjlymcqnfnd
377,815,LINK,6,973707413,kki8ijqhppt0rrfm02oqwuopt2otqrigmliaxgr5ejrx1ddb2oyv4mt8d7jm7sav
378,773,LINK,5,679482707,vt58ub284onoppos61vu96s8vds9vbrh9jpa3s2xdxkley0j594q82ssqo5d10ml
379,309,LINK,5,709320265,txb9vxlhpiiuecn72jq3c5hvga7l4xux48w2dd1zugw3704qkfjly2faf3pfxkyn
379,331,LINK,6,906439652,yas9q2oq7indlqowv5lc56j7e9e1d8jkndqq3ck7qsbbdj1dpknqhx0qf5guqak6
379,412,LINK,1,414862541,4834oium1mpepcgjjcyizmwngp660pme5386tfft2w8nijdpoyvcykgitnt1rzeq
380,541,LINK,1,399030470,x15r3jregik5r0pitlame2mgzcavjt9k8awbhkwmwkvxcp4yo1s8cyrslkgkka9i
381,279,LINK,2,588859580,n52ent42ftk084ksr43ppfsv2vaputb9tziptylf1moa5r4l35g0edgyhxhlssqu
382,289,LINK,4,849367975,h93d2pfrj3981wgy4h68nwubh5x4y2agych6gubm8844ohd8iqsvmsqkpjnb7s09
383,638,LINK,10,59382393,uvzw0nmidhe5b8chjoekzuv5ocn8j20kcqshwzi2gsvdhikdc3y9kc14l5d6w3qr
384,327,LINK,10,59773132,n8hppneky584bm0hdi5jw0d8honm5200dkycazil5s27zrixij77avun7clkqtq3
385,361,LINK,4,103957589,n3i7r3sb5x7io49xqdt37yxvg7mlwrfuksd7kx3h9gtqpzz5m0kk2m46b9c03zdl
385,418,LINK,4,154393374,50egx3gjp5druss6244bsrco2opn3mketi9tbh5i8xmwf3j7v5mezeeamq1squtf
385,743,LINK,7,99937108,k6djaq7vttt5uyyvf99rz157ghdbq5b3j3c5jkkufflt3edguq0ma9xqd5ivdexm
386,49,LINK,6,785903862,4traja31kkoss8jj1mme9g0rqskch0yeczkypv13yi7i1h7z04om0yw4dd76ao6z
387,290,LINK,5,693505568,pwyi9jda3kdovwuqd98dh45ncu7w6ex3newrrb7r0uyosr9arsvv7v6nukyfcwgy
387,637,LINK,3,398630925,b9evw5bp9dkv7ewk9p2pm2ieyeczdgh9c9a08m5oj3i9wfit4dwtqgfd5ypthmbv
387,681,LINK,4,188066869,0vzeunaiwekhl5yolxg8t9qs4145ng1nox67x9evism7wtzz2i69utqgfi3nvl7o
387,772,LINK,8,911334709,9blgh2usvf0iga4rr1q24xbj6rtnridgfqicco91opqmh8mgzvnju32yyfpr0olk
387,835,LINK,2,566917056,9iy2qb8w9l9u9c5f6konf2sc2kffgbckcnwwcdd40ajwv4aehjyzf01v3lliyi14
387,845,LINK,9,806102369,lwddb4myewwmp0a2cx4cu5vn1wvcxlp2kg1zabkc7k07ze3ozfxf3ahk6boyhak3
387,987,LINK,10,801319247,3pgq3pngksksuazuybgxcc3xcw09hynl6fokjog8v8y497t6w7lejswobj235uzd
388,773,LINK,10,45824765,lazqhve3aq3w22y8exq01q8jcqaxargoy60u5xahv9k6n1dc10fdfu2fo173pz84
389,813,LINK,2,565007920,uxlj9qbfywp5hfn5vt3kojkxo1ktdetrju2n5pd9qfwoj9nndy8d8ej7ablbkpep
389,983,LINK,7,101727324,d2njgowexitr1wbyh9lrpkn5y1ha6e8qy82n2li8525aelwvcpkal3an8qe7mqtw
390,133,LINK,3,792966101,23lu7iovfj23fvfiiyt73ucgue0x846tkwgpf16m6y6knf0sohv1qfsjdoq6c9cb
391,271,LINK,3,617712434,y0c1jmnyyq8lhes1u2h22elm1wv4fzj8hwbq7mwfc51aoleo5umdv8ms61bq1e2o
392,44,LINK,9,115234820,w6mdq0xrbvsg5o2f0otj07bns8p3zkxn6ruzkuzeywnlw1d1gh8hnshmh4hwjrpt
393,538,LINK,7,889393278,0bn5g7qf7d5ubvnvqhxgxgslwg81bdtwkgpmr28lncqdkscqmh15r179r6cq913j
394,646,LINK,5,544802493,cl4yahu1srzx42pqda1igsrf4d10upjp6w1eihiflukrismyz5obudw0o0bfz0bz
395,260,LINK,3,443237078,t1du5tbfp5c6kixv2pfwoe6bqkojqtgjaid2hbg88p50g8l6t3i4gyurvc12gj97
395,561,LINK,10,835430526,weqe5p1slas5gvfaa1h5fl4bf3sl4256yx4f9y7rc7gcv66md396sda9zq4ioqoz
395,570,LINK,8,69603172,y70pu05bntmgk47hilidhxoky8zsbgrh3e33836havhizllewp597znyiwe307m1
395,602,LINK,1,77456018,0j542ojpfzph7bs8ja465zpkcl96kykc3tb2gdz26xb6byihfkdoq9ivptlptrga
396,6,LINK,6,659300983,63hkrvoz5j7icruli3d9t7msitqiju7jzbwmwajgvwb8mitlx92319j2phyiyrwb
396,11,LINK,2,530664633,txosk8oszz1mna477k37wqme6v6ojwmyi31ek7winz44151nyerf6htg8ckzrnoc
396,19,LINK,5,18521226,dnq37o310a6qzcp3mfmuf5nltsv9jmblukltl6s7n2t0e5yu0l5vuz5f6maol3bd
396,24,LINK,9,935992651,o0oe31i8e0cremvtv8w4e12ntswpgzm3yp5utkrr5jsfhisz5wl69l4ad8ni8dyf
396,44,LINK,9,114470454,exocs26kky1rjolhtbdr9f8b04kkupmvx3tcnkaadm0nkos79ocz1779syle8jtk
396,61,LINK,1,357590846,leaj1oh9fgwce3oyir47tg89qzqdmylxf0und77rz0fktaodxmr2bysjuwnng5e0
396,63,LINK,8,382318213,i60jqx1gqaprks1719qqovdo5yq7ds73qnr8cddsq03k75ckz0qoc2ewtdshs6g1
396,64,LINK,10,825791791,bw8m4kfvrqs4di5ga2lkx9swmajkz53jn7ga5x6tc3cx329504tc8hmyhdhagsk9
396,65,LINK,8,713956522,e9xbp7y4v8c7t56949cfgynbc9s9oe6o148jn80i4yddnqxyuw6boru1l4p05rd5
396,69,LINK,7,883835305,1277r7wx49fs5afjl6qgiplc7cylrh740en5njsed50yk9x3s2sghukpqsjhk86u
396,80,LINK,9,126970972,pa6ljeaxgqmnpb1fs2vgj0rjdodaviix187yjxfrih99ezy8k34omfxiovhpxaok
396,93,LINK,10,610527665,2jvf4mvnt8qpj4rzedy07ldc831hirteyvy3de9tl1wlur4lusad577gndhhetm6
396,110,LINK,5,154869419,49y7defuqoizeo7fr6oc9glk0jrt8y4a3qvdlywdran6p59y1xcoypd69ygfrp9y
396,113,LINK,3,589902084,3c46pwsa37kq7u6r489dqe4ceg2734wjv2cpxmr9mt6y39zacx2x0ws04luv1io7
396,133,LINK,4,274771456,1zyts5cpqb1d1bx36lx8izdprokojjnjoyfsyn02a3qvej08lm5eua0amrmk37yn
396,147,LINK,6,178144803,k2g6dp4nsyvu7d9rm8jv0ze8qyn5bib1q87yuh58k7rpeixpdlcoh2e1g4n3os8e
396,150,LINK,2,805770130,dz2wygg4v284lssthtnmsgz4j245bkaselcw464q6d0ykigh68wlexqx9i0xn45c
396,151,LINK,5,682965079,aoq3sogb7fha3uduh9jeti3wp48xzexsi7ayd4e5ipofj7l3fxrw4gem6rwhzi81
396,156,LINK,4,423869141,jqf1ywz74uiyxzrex8up2o54lj4un31uyvypdhoxrgrki74iv0pjld54u8zdp730
396,158,LINK,2,822707968,c6kpovh71ue8zvm0ti6v12eaj5edzplm2fkjtfjomvsrn77h1ndjulzpkj72uekl
396,161,LINK,1,53749878,50iee603psowajdeqal8m62higic30ur18wb7iz1zy2kwlxa2u0a0ha8kj784jqr
396,170,LINK,4,644094491,j5y0otqpv3dyuceieu622ww1pru7os8536q30fkcfthphvoci0hg3cni0xjh3bbc
396,181,LINK,10,438157107,ne5bf2pbb49fw17acr4yrw33lrp9ws0jek1915lsr9s3jok10mnfqfahtiv38p2k
396,194,LINK,7,93074333,9nmxmbrpyf2krqdfvqvvoig60s4bhhogvutwq9wklaqmwww0jv0yfak6a72asxy7
396,196,LINK,1,756640028,s2bxvx8r5x5ca78zt9qvs9wzrv68w6xrxyfyhct2qw0ktqlh9evv1qg8h56js619
396,201,LINK,5,165182083,ojds5bxsmvtuiinoywb93zvxe5hvznsys0ghi3gpa13nlzqees8y5wtay7ml7656
396,203,LINK,4,441332707,a8kq4ugrhgsz7za74iq536po5xaiqitmuvngm1spo2c3k8w3o2i29wi7ty4zy6wd
396,213,LINK,9,551382348,mikh7k117kfd80tvpaiy1ct57eeacgxhmvavboj5lxvgugy1f49na6qbj642diww
396,217,LINK,8,272448635,sg6y3uokz6s7yfuluk3v5l9m2ta2u0a5x3equ40w88oq5mgqvctj9fu7kgpl7mvf
396,218,LINK,4,673463876,jzbf6pmpva49hmcg4hfk4w8b557t35e23rjcvi5po0scdsgbdk7nh85zzwfye231
396,239,LINK,5,597886151,ur1talxskerh9tu74fqgrv7g9kr91j13zgd1njpelzo5lw05vdr6y0ap9atxvjz7
396,241,LINK,5,303427586,199ezn6sjxs961xx6bw98f91op1h98vusinaartfki2nck09p9qg22iagtdkzryq
396,256,LINK,7,909320026,2jznzddj8jwiwdfn4v4lx4cgv8y39rxiy4b5q8w9vnf4gg4g3hhxc7xslfqwsich
396,261,LINK,10,275442801,xy6fil8marnjf7wh42zhzsg6tpef981hekmv3tlamgz6b1h7rv0xbqnsqvtauwht
396,262,LINK,3,186985838,u9jt0dpz17434jum6rngy4yix4tv02ad7r89dhwbfapj5pwanwiko84m5bc6jgsv
396,292,LINK,10,536155563,t75yuzn90crdgeygb6riu6nbq1s87njlcpbz65z4nwml32muu8a7w5kupllwbyvk
396,298,LINK,9,773303069,6mp65168968q1jkkrdhz7n5ua56scleqxya0mu7lt20xw9vk6k8np7g36b7dv5nb
396,318,LINK,7,276276806,p9e0h73cqv93bfzkyc7e6up1xynct7brrdkiwh8movje9ypgsmoo2eu7m9683dk7
396,329,LINK,3,937747595,9qrajz7utkjm0p43z11cbu323mxjnq1yompa1kw7wpvdjyq764hlmxn83mjkg7ty
396,334,LINK,1,72115722,227l6ujemzoufoaz93c55g96rjaccv7klk8o8da8jdpcalyejfkthb4hzrq2729t
396,342,LINK,6,905639906,qqm2sh9a9fbyheawjqs9ih1wjy1twu0m4osr2fjbt1ko4bmur77cibf8vtfox72l
396,348,LINK,9,207028469,s87hfcx5yj3m28csw66u3ag8n1babdcnjq4nioetkc7t91mbk9ukuodyv3fkuja6
396,350,LINK,9,785112674,n44e86ovtm85ibj8z780ty9l5ulopnevebr9kl7zem07uldt9b7yo8378bfa3rdj
396,356,LINK,8,325228717,6b9z79z8eh772s0mzedc6u8o9aoszuce8zir8q5nj6dv2pzf51bg35dg69w7v3s2
396,359,LINK,9,285668548,58dqwb7yam1wzpl6xhgbtpsn2ti33rcuxjk81maj5pvebfenlw5pzvjab4htdvla
396,380,LINK,10,741956980,2u8df467ukr6agnpne8i44dgshsh1s3h0b02jhd95v05q0vk4pn1yulptb895rtd
396,385,LINK,4,920135296,badjvv86m9fus1kbezp0tvjge3jv83ii8a20nqd6gp8drymdug3twsuep4pz3rn9
396,388,LINK,9,354868178,p2yk7g585g8q2j0ikg2zna42035ardzvb9xe5rhuh4m3nyzlgsw3wxtvyvrh2c11
396,393,LINK,6,343294574,x2wc9j1fferaebm8xn5a4cdtjnvyi7tz2hciasv3nk4k9kruksiu7535slub2n20
396,395,LINK,9,324454428,9vycu5q6ddsr9orirargjxm56lpvyekisg1ekvh1hb3a43w4iedt2vuzbvip1umf
396,417,LINK,5,241572855,e6nc5oosdj348ze7a3x4xtwxq7s3yj688eldt3jkmcg09ii17qk5gd9oxa7e3t63
396,425,LINK,3,667999157,7orxm7gmrn5fjgd2ovvjzqcxxi0pdx29zynnfwzeu75v82cs5ovnu1x5b25nkegl
396,427,LINK,7,369120549,vcq4wgdzujkr2aeils7rd9pay6epj7kov10adnns33046wa0ua6ek80isy4ey96b
396,429,LINK,2,701947786,uodzrda5o5b5nzzypci2v1rin4b1dkwlz9er25jdjdxrrdweeo0ihjfa1par3g12
396,430,LINK,4,918095594,s6mmz6d5dgdlork789llv2u31fil8vkdf7ivawj9bdlol77om2a0hq3d3ewgingg
396,432,LINK,8,924550371,ceg1w6713yfzox3xb83glldycjk5lu2t0i7bbobznqf08ddeiogohpwdyf06lunq
396,434,LINK,2,798908039,0tlfvkw94k45j3xgi4ijngcgzu19mb0g0qoj0jfj4mhq2r46r3m0ixp8yt8cyqcx
396,441,LINK,8,672355995,mvighoddzc8lvgu43z5r1dstgxbpd1xshhk5m0lkgige3ll1taad5nangcq4k2uf
396,444,LINK,5,214659828,csohtm47pibzx4pnognnyds56anhx3q5jvpoduk66jbfes7mv5ora9u68nvc80qt
396,447,LINK,5,1034424,o74o1l4ligu4qzmrnzuw5cv8t6fjulo2j6q2u82uw5cfnxbeypdntpt6obrbyrjm
396,462,LINK,8,965244531,8cf43j2n2p63sdampea97f7zhb0o7qr65pwft9o1t4rffe23z8lg4gm0yqjy7bee
396,464,LINK,2,208067161,tqm8ao72yshbx0kt3ytugrtlu0q3ij0xeij99xs4g0lxipld0vj0usufvkm2edpp
396,469,LINK,5,415569016,edfatl8m0fxyh13f48mbfmcheyfxubr9o0h3y6i22xi17x552oyp9u9454ujy7r5
396,473,LINK,2,591069200,egi3bmkwh4aoggroxmapuxvfwpwyq01vi5j2pn5zigc77etk0x7te2pup82v2wjh
396,481,LINK,2,388826522,vmldky5dknm2bfg29u5x6zwkk5zvz0mad3plj9gyynkukqw8sbn692ao1xnmrnrd
396,484,LINK,2,770757648,ry1lfdms8p9hijxjikd5me7komy6c51m1c6kiqfoffdkrjy7hblydgfp6oqjyofc
396,492,LINK,5,136502472,4mxcqiohtq8nvdrvao7lamefsshv2t0bzmjy7h7klzi2xkps8ajc55fvvroysjec
396,504,LINK,7,56625647,vf6jglx2va3gbn2pmlzaupfg2gite27wntosjp68039flkomrl52euuq7p0xgt9r
396,505,LINK,7,262988085,rq6u02dywerz2peqwcz6gy53qdark2o2xrtr27ks90emz6hzi6p1afycrpi2krst
396,508,LINK,6,643870860,pb2i682d5dcahh4kk9retgi7zc77gum4ziu4n1w0c0vm2qxl6ipx4tbbekf4y5sv
396,509,LINK,6,187304425,zpond60lc2jzt3sa73w5jnpqq8rcmaps3yzt599nx30s9i3476ydglzr6kt447ft
396,533,LINK,10,99779135,1qpzohw9fkwcbqe3ml6leaefbttimuv9s3b9y6a9fqttwdnwp533mx7suwjhb60i
396,540,LINK,3,848419047,77ebpvff0oeui9g44s6bb2zwatdy8cvuy88cs1nxgknh2au0jd0ou1og2y3scvcn
396,559,LINK,6,868963497,5p2kdkq27vhtsbvwy04wbu6csn8mo1voen3uzu6v43uqjobrwfxfy5x52fgzin0k
396,560,LINK,9,664324883,ga6h3x1jwposvpf8jmvqyv8smsly525vtheb7mgvlq0k1f3uy7tmojpu0la91wxt
396,598,LINK,4,595425170,81kriaj5iw3cj88n31kaajrd6kk3wyuxh6vnazclclmzbvme9996ti0twxqp0jsd
396,617,LINK,3,633327209,le26tl75umlpw38x5vi5vceq8sx9maw04su6x6fr95w4to4py25g2saw7p8ufvlr
396,618,LINK,3,54198060,7sustfodlejp2cchppr1k8hyvxlk4xfe6h15ufhh3ba83rnelr86by96iho5zl8d
396,619,LINK,5,243411966,ws9spgn59auwusowy3y2h3mtogyjhvdgnhfknz2aey7qh75iqj73x92acr8jxiau
396,620,LINK,1,333993359,p16u6u92xa2kjttwmu52kjed2ibzfa2edgmlomeixut9io60ajowo3gfdnck6awb
396,628,LINK,2,715579936,uy1lfosmz8vneqcjai4y9okji35pu22bugf9solgs5695zah8jii6a0w8sxrvtw1
396,633,LINK,1,818539340,wszadltfu2tei2p20ujxws2of5ctq3qlnjnadciraw02d8dhd9sixfkesv5zi17h
396,644,LINK,8,144007073,tvemrvnpehfp5es8gcsx1r7anrmbxeqkjc96qi1bf6w8aq7dm6kq1cyp4irnqfpx
396,656,LINK,9,67097861,g77dmz9raqxnudvk9qsovbn7d51g1ia8q1mrhcvfezif470sri2mej0tizwaarnl
396,662,LINK,5,537613936,18ib8mgu4t3ha95n9ju5a4sd6mbz3611fxt4mimiyvvpausynkwhg1261qlzvn62
396,673,LINK,2,134441859,0lml5nuak28bxiztaymhgu1sxl7ujzg8ff59rywi3ikaros4ah0rmamdniw0ic1s
396,680,LINK,3,899886125,0sp12581ckh84ubumu80offdly917gumizqp10o20tqw1sylezwps4a9kau1pqkj
396,699,LINK,7,242523008,icvxqaytv0yv5wzm9uz8b18oidd529fhxpxpvxm6v7oq97prn3h2ab60o7y37olw
396,701,LINK,2,265276973,d0kdo5yh8241zpps936ve9ct7t7huhogf5a4jydj1maa7twguoicq72rfvbre7er
396,714,LINK,9,592536281,tbc0s1k1gvncsi83uej4e3oznd1mw7v2gowfh4o1ol8eqng5di4alufvyjgp6prj
396,715,LINK,4,190076403,4t0psooln7akr488i66soa6sye86o4ujtm8dmu2vaprf489yiu0xhl7u88j4ljtt
396,730,LINK,10,42417587,c8v1q7g35xmpoqt4o1q0yi1pg7nkmqs4wirgcxr39l042qrzo26b46ysoe53x92q
396,738,LINK,5,269473,sguyu1o0pwh3uzscxs5l746y9ltquiepz4gw43ydj7l101i0b878zw9gkc33titp
396,740,LINK,10,132902746,tl2zkefrcwkny0ip63zifdfk39x7zxu0myb36jypk179gix0wwcrzskk3m6gg932
396,749,LINK,8,110607078,g0xfxb5hx8ivto1hu5lyvznq2k242rk8xawaf1snysox2k269b9zyri6gd0ubs92
396,751,LINK,5,978133513,8kpk4v02pwthu79mynec7yy3io85c9agma6b38ybhmdumaw48l75f9kzja0sna63
396,752,LINK,2,854384981,lh3ac2e2uavvdh1qwljwm3yjs7qmgdgr8a4tt078hymocw09ir4jb5ohzvzrkm6r
396,754,LINK,3,90266878,42wdqom8y9pitrd59nre7idfw05qt5aud46m73rjg52glowjdkwfqn4namh0kcod
396,766,LINK,7,919767579,ielly14his20f2nhajzfuvcnflwqoachgoae96q4ofigkxngzdnfou08am0hog7j
396,768,LINK,2,148180256,k5wdoceb30v2h5cjipl1r8xg3ayna9w0692r2o4jwyitywck1rtaj1dszawnq1oj
396,782,LINK,5,735959521,6egou4haqxrcjjwwhcaxf36cq0jg3qu0w0k6o2zkc23h91zsyp68lmo27x7rl767
396,793,LINK,3,79043777,pq5hgkf1xqflsmkjmc0y6z6hmy7ubcgwyk1n62d68g5pjvt1z7f2wun46ttlper1
396,795,LINK,3,312564545,675w6uaj6qkrinjer9rnzg478wngueymzr66r0by2bh92s6cho0dr0nt4s2oys4r
396,801,LINK,3,755920718,5v9eiazat58ka565piuzmz9xb9x8ldd2x81sngk1azetr4ox1s2cevwhmgwd9dmn
396,808,LINK,5,740206406,nk3xryydiz63oblki7i7eamsh7kuqijp617o0ktnv5i78se00gzyctnurj66a8w2
396,811,LINK,9,754295380,lcodp2m11dzgtuq6vgr2o80h631twnal10fqtgmt1eb3gshpx3grjbvrye6dvxto
396,821,LINK,9,726079650,31o9o9f119v5jcz1lad20jpgxu9j8gfwmelkjiq3gtaocmw3bedddk9pa0d07j7d
396,826,LINK,5,585704894,vvsuvdl376fheyf8bkbsyqcg86qbg58224mp60ii8wvnhxwxsersyu88ky9rtc3i
396,828,LINK,2,538245445,ihc34fgfpe9wuxjoowrqeq3gmt83tavbzz9tes96amlt3d0wipl67v32t6yxoht0
396,871,LINK,5,257957523,p8v1sqw5tc371egki1sildb3nrwcc1yxq59hlssrxybx6haqiggjy01g8vl6d4p6
396,872,LINK,4,541420485,e9c34a9xuafoblf2dp7tfocyzq4wsoev6tx7stggrbbgo4dxnioylyaf35gcjlrz
396,874,LINK,7,95445350,8b8blwivmur3vgzmd4vpzm5fzvis6ip7u3drtduk7ufrwca3pxrv2f6utiw51lsa
396,878,LINK,2,744734144,es0mqhcjtmuc7o8v61303frt2546lb1u6977y74aq13qb27j1w7kqf4wigst5tx2
396,879,LINK,1,262142532,ebq8eh1snni537nihs7qu53dobaxrtk3vgjt1gj3glrisymcur9ecihpud94l76r
396,882,LINK,4,156833583,takhi1u824s3futjji5gq87gb7lllylc3lwoj6ltejy9d5ez9h1iz3pfs9210p7a
396,895,LINK,8,962414740,9ugrl1mh7pgsxe3fwzm0s14hsj12qruypawqswihffdfmn8p45msv1qbjliflwzu
396,904,LINK,4,318866694,ac0s62apcesi5ffsnzt0f3mnebb9545sj6ljzqxvn77jnzaddv66yiqyh7as1dx1
396,906,LINK,4,725384521,d97n4lj6yu4ds5rbtuikuhxpqmx14luvjb65pp9kj5mir8wcs4m8qah9zjkd2kpi
396,914,LINK,10,28336041,3wn2o5rozn2x2f8bpi94o7eirubc4syrago8g4jlgcrls7aywjcno9vwhlqr63x4
396,919,LINK,10,758864122,snhtiphl2klgq80ucetyn5xz5pbr8p0i25431egoke6uv1b9cpssoug3y13zwvio
396,925,LINK,2,299070018,3qa91qd6dflnezzd88d2rtszsstmyfbjdyp8s8zkkxyesjexdejkpdoftgqrdmxj
396,926,LINK,9,570767351,2bevzqb1240q5dklhywrh20a3kpakmdrn0zwh4z91o4wp2pni7uwmszw9fiktx57
396,931,LINK,10,374268294,ohab0ya1mpdzamnjnqt5kcog2e21o9ntodukabnjlx93ic5py3061qvciuqyth3t
396,944,LINK,6,735653120,d43set7d1aw1wan1yi2cwlgalt119dy71b07nndyang64wmpzcifalv8wzf7wdqf
396,945,LINK,2,520551022,22s9mhh1nzrkjiaipnp2vtyg2vhmqhvw3hlbz7mb5a5384l0r4ilpxyqgg0kvo2t
396,952,LINK,4,412326597,m9gsdifn9marva43mtgml9qdt2uw2jg9dc8hv6uvkewfvntzn2bb1dbw739yuvab
396,968,LINK,4,286428187,0bkvt3iz7cejtldlotgsnrv2jwep7hqvah30ptc674xf7c6zboa4u3i2xe5vcu77
396,991,LINK,9,516415869,qmsr9drpilcezlo2af6fd6l7rtb9vvrttz6sei2u9pgidrlntlvnmsnhohbsc3zt
396,998,LINK,4,167206278,lhxwe0frmdpuoqf27s8poep80c8fzdulh7db4vo0jho93nhs0o7dssly73io21nz
397,951,LINK,5,271045895,d319m6w0dpl755q49fmtz9bd4iltl4kj0su183bf77yajrvqw1r61oo0ucechlmu
398,316,LINK,9,218478559,a0xxx8mzlyo98spsa0h5vsfldp7dndj1y5bws4zhzsvbk23usi5gsgojtzzxndwm
399,68,LINK,3,653011176,eqpkjlblvvai12o0fgawfv9vugei86ugulw36tm5t7spbydysjw7z9qbhaje1swx
399,247,LINK,2,796025558,islpf4jv3tmx91kw600oxx631g04raornbwxpy0v7duxjmw17y0i8ieat4b741cf
400,750,LINK,8,297421345,6b2xuuk0uuf70lwxar8r7gutd6ylkxqw8oksszcxstt4u58fipespzaj5lt06wqe
401,6,LINK,9,184215574,dk67cn3wxvqw0fdgyi8l0bd5u2i991odicx72oaptlm1jhd0u1l8funjl9pxec4h
401,7,LINK,1,95228394,a8970g4i7i0kxzbc5m3qz95pz3en59iztkubl2079f0enw13gjzrbwcit0lgsxed
401,8,LINK,4,490955266,p91n1e2suo3y9althtzlqmeuanrj7zpml96q60p9n1qndr270g6qn0xhrsujv61u
401,9,LINK,10,519871705,7tylj37ued571wefn4kyqonbil3v34640h9fhv0ysm4av3c4dy3inga35fph6xf1
401,12,LINK,9,931285401,4eq33tqc3gmtpyedeaq93t32r9w9ix26fv41saqwa06sjw4byidl7po8zlttzc0w
401,18,LINK,1,248819700,rux3fkoztmlht2vedhlx7h43v5i414vsjyaxuvvx9wqr4lliuatwwp1h7g4sjcxu
401,21,LINK,6,247180475,b6re5fnq1o0mxp6i28rayt1sr1fu1vivr2g2lpq9qim60ih7jf557ujlz6ae68b7
401,25,LINK,4,943539327,mr62la4cngix9jxqdy1esulouj8wlufqpubjgopx5xl3lzm8vkb10et0e9sz1usd
401,27,LINK,5,132290755,r0iqlf76xp3yrmuupy3s5rlng6e8v3t5o0ywkmfyl8b85w48lb9010q49bjzvwl9
401,30,LINK,5,301725909,sh4e0nsl99osl4f8oznvw1izr5h1e79b7q69hz0xihy70yxvy3npzaqsud9lx4ud
401,34,LINK,1,882488367,2fb6nqjqfhy50eoj2skajsn83u1bz5cx862wt56hhl2cxa8ichw6qepag6hpfi8a
401,36,LINK,9,744765000,wjn3bmvnvu6qav5vkvv313uss8s3lddt1fxngp6cchqauutwxvr6c7vjm1rpekzb
401,47,LINK,9,272887777,h51dc4griysel7lka1b6w181gq575b4gu3d06fs9o8tr9w8nai4wgunf9po6wwow
401,49,LINK,4,433437362,h931279d31srkqtabmepvk5v4s2o4zl2c7n5c3icrbnmcwtertkvbv3pnhpb6r57
401,59,LINK,3,752144846,rxrq45huw0rh4wco6gqh7z0mrfy59n4nx3zm6mfxvkuewyxclttjgw4nnljnfc2s
401,63,LINK,9,314937513,z3gy21nbn1ij63mi232rrk17pj0sgze697gzee251bgyn3fmqyvibhej8tu1px71
401,64,LINK,9,667894902,9cdwrc82d6co3rdiesq7ixo16goko5m8a68wlebrtfg6snossk6ovlgugaswr8s9
401,67,LINK,10,983355021,9zapjpefg092qy6suvpq7z584bz344oop57fl8bhxkfeo2nv1gu8wa0bu8u7krvk
401,75,LINK,8,839887750,3y6klhaffig97qh6sxgslao2qmpelmrod5228pyfcb0q6pin89v2w9x18any4cya
401,76,LINK,7,217129244,moclo37zuq2m65wwt207pkfw3syeigjo4azpha90sk5fujxu0c7ek4zuhmc84y33
401,78,LINK,5,113582876,73pm3voh9crft3ngq1f9h15ti6o4h1dsf0ryxlrwcb4bzhi8r9vqgc0edtvz0jwo
401,80,LINK,6,723779691,k5qhfe83makxzku7fd1gc9oyoqj5gyag3dse66yzotj299swh2axa1whwivtkeuc
401,86,LINK,10,911785406,msl0rkz9sb75mqku1q08qqpehxd3ohjeo7p3z0z605flnk8t8mygzwet7tl1zyy1
401,87,LINK,9,100943090,szyy8xkxj944phmvcjumnh2esbn03ugy4ps39yt5dk0h5r1nxvwtzo7yrcap6e0t
401,91,LINK,7,452894796,onuq4cnlmgo9x84flzdoxq1qke2ddrv2ofhfqeap707mpdk0e7sl91y6ttvt0jq9
401,92,LINK,6,849286926,9zfhf07j36ibcowcr5ddffjxxqs3vly34bt03d2j47wr1p3gzfnx816i9rj50gud
401,95,LINK,6,166876867,oieu04f1xthu167xrz4u5rmo6h7epg00z5cg3hxuh6328rvm714v3ojpw1kd6de4
401,99,LINK,9,368713198,9lm57wm62qujzrl0q025fzdsy3k0iiu6xf5jxb8gzpz6vwx0r5vnybi6wuiolvx2
401,101,LINK,10,187836787,avcmhkuxlohm94yupc8pw0czq2pa4gplbk2417aql0oqlhop21t863ifz6sjukqm
401,107,LINK,4,917613520,tfxrm5fmr1c84ubh76bnmryu7vdey0vpx2w9duldl78700a6hvx43mspzz5ghia0
401,115,LINK,4,50451875,qcn2epezsjfg5wl9qpjx9ic8vr9lf3dxpb0snk5sej1mvlro2sw8rge20d7nfdgh
401,117,LINK,6,310924151,ctnq2b9huosik2p8fv02kx60y605yg1lcytpi372rmr968u8mz6fyloyxzt3a53u
401,118,LINK,9,648896723,pzkggzxtd7numcmohyijwlxlvil4ix0n9m8d8r8h0wstopfvh10bcs0hrou9feto
401,120,LINK,5,417823661,g1pawkwema5ejy9yyjkj6pthphiyqie6xfxfkfxc67ya7wntebav1ab86mph1l85
401,132,LINK,8,504137478,4cdr0zr3fyc045u8vtvlw95fjuse5jg5e9snokf3ak37fhurv4uljkyj91hayxei
401,134,LINK,1,956971406,i67xkojabd94xa4shp36dz55nbymf1yvubxj94s2h30qopdexjhix1l7uzidyi1g
401,139,LINK,7,982828558,48tw89dz0zrbnt78tgsabrukm1k2bi95hwi2h53mb8286u4oyc2tyhzg6d4qvf22
401,140,LINK,5,207933554,7wgmph95h722lgrpaqhimu2evwt1fxqkdmclje730uzkeur8gg0tvb28dtqold20
401,143,LINK,2,403596079,aovwy1ug27v2di12acao419a3wjr620bdo4nx3lr14busmztpgqyy9evpispjq81
401,149,LINK,10,67639554,kuvq798v6wlt1yczsp7xiltd30ygflmyllwa0k9pfapb72ps7zz9qta0yau7ql45
401,150,LINK,2,284207488,wmag23jaxgulvrq08eaw1okf5e4hrwi9w230ahn3m2d2dyv3nijr8340jmaqhjkv
401,155,LINK,2,646625015,4fp85ie9hgyltj6563f8c8w2pi6tjfgajprqun5pe2mhucqhsvfy0hgldrewuatq
401,157,LINK,7,363456138,gamkabxa1rpb21rp6cbdss9oeypr8aerquq7eppk0d8slqh2dn6qgl0o54kjgrp4
401,160,LINK,3,20662277,58uh9js2l0hvdag2rq1dxk0aczef19e1uca0nwmx0hg3su04rkwnk301kkdrdl7u
401,162,LINK,10,513724052,5x7le602qy5drclxcbwi3wvmhe4aspeta6blq599cxw01jhpsluagdwo5cqed966
401,164,LINK,1,677790465,6zbfao6p6kzqvceu4awnjk86rehmdi1okmufmh25vwt4eeb5ahewqnpdmtrmx4lr
401,167,LINK,2,484789848,w9qtfmv3134djea2p1gyijv5zxsnw9mw55mas35tm7s9gsij21kyjizorif1a73c
401,168,LINK,8,733333866,mttnn3u8366mraf0n6fu2at3rd3smo06b96k2kr0p6tb3g16fm88jv81l5dy7uvr
401,169,LINK,7,791746405,lme8e1ipfxpzr2imqzqarihb19hw5z21fg59bkfqoeghr7p1gcgti9qnydrhb70j
401,171,LINK,5,835788952,ai91ty1drfwi95k2ewfx1cp9w4hky10xzli8i594m5mha0bkr2wsn665bc42f5po
401,172,LINK,9,159049782,myqxrz5z5dzp4el1sucz3dvyocqlv3q9p6rnnlbefra532wb4952mvkchdccwnet
401,176,LINK,4,996793648,trtzk5cehmi0nbonw2ucm1npx05qhwdvq83iadap273n322oaaue0qqdo3rlhsge
401,177,LINK,4,947346714,uthicomy5nvbmmocsu7cmrsti828837hsopybp1uuzuv94c07zla1y1z3y8dh6zv
401,181,LINK,3,564909377,xkhj3cr21zw4wonmvgam6xiwtqqo70euzjkn0whhhrzvw93s9u7j91jtcztk40b5
401,185,LINK,4,883952990,2eaoggn7hd5ufo9uww1og2l1htqnog6juljng80vv840hwi1rdqdd7u1yqba6wgh
401,188,LINK,1,617120784,lginzc2vo0c1sp6o6kxwbtkkmq8ytvkk66ne1a8lxmisjam4ophjgovgb7p3qlsg
401,196,LINK,5,207076297,kcx8i15p9069n7659viyzwhzwy64rtgr5nv9ka0ub7oki12xfvrg86o8dglrbxf4
401,197,LINK,5,567258898,6o5w3vvnba1bw16vauzrcnilz671vx53yiebmatfx9665ys1sze1pngyac91634p
401,198,LINK,6,489218984,lyj8uoygcwgy3xbzk7k2t6tuiw971x5dor5pyzsv1cd9h8j9cwrid6pw33ko1ewa
401,199,LINK,9,951431210,59wu0i5q8rb3vb1knfzoztamuus56hi48ubjo0y6tmfywfnkw98s1g8hbst4x236
401,204,LINK,6,654950610,xo2a0q7qx5vhfj2m645974uli69birfg0mhs2hg7bb4lktlofg8b9iavppz9tqu2
401,208,LINK,4,757696577,rguiodfza0iw4lu5jygcvkqjukqw0bn6lwpkuuk57cpawdhcde3rx54a8kx5mkds
401,209,LINK,8,881196031,bdpbcwr1j0loxht5kl5pmfa0i4mnccgckk8ed5q3k3vskxpmo0qa8991c6mrnsrj
401,211,LINK,1,912613312,8stf48c4cz1v0gdxk8sawsmhbgrn7fb61kad1722j1ofnx03g553vudp00kxj4ti
401,218,LINK,7,995592169,eofup12a4xpm6zhd6xo029zzg6i969funepkxx8q6zw14hx1azowf803ujor1296
401,219,LINK,4,901295839,aqxryrpbt6r4jc2vq7mmqlbe36ic1m53o2uj5zyxwqqgypqk9l1rnigjmynfo3t8
401,226,LINK,9,338096961,ly9ojqnei77qdrdn03irb0bxpmt9zqp607j9olmrgelk3m1vng5aimcrf3b2g484
401,229,LINK,2,442199042,jzls1ypvod9ofoovr4rdmeylivz5vkn7yg0g9lrotpcsoa24cep0mt6cdyava7o6
401,233,LINK,1,774776656,o6i7c2bznp4biqnmaxw1uauyawcltcvxcqdqbkvfm91zg4mjc2682fugwnme8ghj
401,235,LINK,5,151910483,byx5vajgagmt61sww4z535ys6qpplmu64yduo8j1erj0xonwsus9fmqkjbvhjrr2
401,239,LINK,6,578505626,dlezv5gj7jdhy5x0thf1s3gf39rpujqlgtyuq1be9nb49jxjt35jfuafip1sds6l
401,242,LINK,8,621027243,6x8wlv4txh3r7jl9lhvfn0ov7ub6mmx8e7fhd42mr3rz1oqe2qhfjj4tru16xaat
401,243,LINK,3,950834922,bbu9cfsd4f4m967mgwl2i0o906u67cpcl55phheqqpcn6ntu9tw8wfj6vce737u8
401,247,LINK,8,489356681,5y0cqyadozw1fogau131vk65mwd5z4xv0ykmp1y7d7sowz2as2x4g2zrteaasa0b
401,252,LINK,6,262948631,fm3biyiexmb4b1wou3cczoup5bmz5067rphbf556m2feny9ebd2ojb7w9gd14zwi
401,255,LINK,3,604336694,it0uis0jk06n3m619eop4kcl4mhkfvtd6m4mux10z92f1zorr197s44jzmfiouzu
401,259,LINK,9,625162241,bvoy3c31lb6kvklr5zl6fui39d1zljhi55wvg3kl1t0vjhuzxhmmpzcduxuop0rn
401,263,LINK,10,134455950,8qjbog5jion4qx6veii5w496hfoikwaa45az54u7iw2hav419rbgyyy3jjh2y1d2
401,265,LINK,3,454612945,e9e2yvvvqcyxz990ef2i4tt25xid9nib96i1r2srs2hsevwkexq2la34i9bvahj3
401,269,LINK,5,349063391,qkiw4zpz58cy7tklipb3ym1jk6lz14hn36n0xwy640l0f36vciu60601e6ponmpm
401,276,LINK,1,45507742,kttscdzx2siygu7w650o0s1kw0qzrb2gyw9lbynv5lpap6xzl8yf1gumna2u0rw1
401,277,LINK,10,287639769,v1ra2owxon02ouzi50zs5761v7t17e6hfjtbaiefjr03zn19ombhgep603z7a5d1
401,278,LINK,9,290177088,jcvptho7zek47dolw7sfp2260oupku2hi3su6h2ic2wj4mvonywzpyfb5sbhoinj
401,282,LINK,10,759166656,dlmvmzxkg3bftdfgner9her1b8rajxk8k6r5ox8svc5w2zqc1hcnw5363lr3upyt
401,283,LINK,9,942653152,5npa9gfrayh7ajlswnlguscei83f8rifvzxihy08ie6b2w2yp2pvkon8phtgxx0w
401,286,LINK,8,985513770,rby80u165pgh7zcygrrpjdvhrjsof5wxpqtikadg94k2s4efezm1n8wfum898ae5
401,291,LINK,2,746016449,0qhrfjdwzcsr0a97nn64r0orrn0jnaeomqiuu6lbqflu5yybbx71dbofd82ilbsv
401,293,LINK,8,62561717,52aks85bygtegnezy5l82fk22hithp72u34o4cjtak23kpo3dgmh500nuqrgykrn
401,294,LINK,5,46287647,cz7dy4m0h6qrxajoienlecfkv457qs9g1o52aeyo9myp7w0bpehv3f92k3b9cv1c
401,295,LINK,8,946214118,rw2g5sa61rmss97k1w7izuu2xmhh5bl689ya7zbor9jvkm8dayexng8tpavel3it
401,298,LINK,8,758454177,rzd4nbe4thm2ggvy9e9h9noo7aa5g95i6p8t1evhr6h3d34oqtkxyymlpi2jpas1
401,303,LINK,5,947659760,mi023xp8ysozi8w055yoc8dw0oio60v1ohdcunl667bnn23m863yj5rui0cxydai
401,305,LINK,3,533696926,eeu958ix2i14ngalztbqo5gziniv7eithiw3m9m5i6nvhtkbdkagj5d0dm57ml68
401,306,LINK,10,755163433,icwwsdv798xfh9cuf9s0nkfweksmy2oksgxkixt7cw2qui7uwr9733nsrewkbsi4
401,308,LINK,5,809068692,odvla41ra2zvcitg45nul74voncpsh8lmvk95kx95h96uj488fxfoyd8oye06ibq
401,309,LINK,8,256070087,njl056cq7df62vw7wl4o749vh3vpo9l1ntryxeqc6k615nku5mm9ra07qyth19ip
401,319,LINK,2,368702510,knuffq7nfnnqid0iiwo3ai5e2ezmy8cqrvkj5nj275v14gtdvm815khr31p8mcgt
401,323,LINK,4,521576841,t33l0u05wt2xurx1q29gzbj2r7xozgln3ijylm9t3vuk6ij5l7o8epnxvy2qe9ci
401,324,LINK,8,418203287,md32yox40gekmdqhui0o3ug55jg9rlbx28uhm7t00t8ba4nzwsalies1qsol6bse
401,327,LINK,3,119836982,nv58ulczn5ajm1gvc5h23bn78ucxythex9xukrxuv3ltpj1epql7niztfkq9hjnt
401,328,LINK,10,655661144,koqkc8o13ob6s70lcfuwctlz9ajcq3lq3dzalqj7rrfqp45pd5cmy4uu20cevknx
401,330,LINK,2,890793447,ppa3wkftruxbsuwwy8hpwxz74i94k316xchew5598rtebud3ggoz5mkzcujo6qx0
401,331,LINK,1,778576583,csm431jraxxgkkqpieb6uz7m9s0ukhga328j6d3jrn9ro8fxdeprnwvzgfpgggp3
401,332,LINK,3,947873041,7b96inosv3707suftna2vbsxjn1zr7txwr8n4pu6i1nzyjae3t8mpz3ow9f7mueb
401,333,LINK,3,511922678,0zwo4ue8dauukrxq33jo88tsq0lg8z5hbt4ngqtg7ckits2g31kyizhqznzva7of
401,341,LINK,10,925451320,4gzvcgo3tzjh5eo32ftabimsc2n38ectob1mup20zpkdfajqcqldl2fw82rlzhe1
401,342,LINK,1,74234905,8v7prmr7henq7ib723qdayu0z70zeba9ffvg3sf15yrq3izde3vtr5i2i1b7gmy4
401,344,LINK,5,578157351,2icl1hhwyyo084seejik8arrcnlz2jcd2bdpyz9tnxi0igml91cwzntxo2c06usp
401,350,LINK,4,433524656,jz758ret49ig2gw9xx4xs9eg7zmpi00rp645caiks0zucav6io2iuh461sebvzzj
401,353,LINK,10,479019511,4r2p7t7vhwabhaygo3enpvr5qfmrahaohr9tpi7yef17mkpev2u6d36eybmtbrkn
401,355,LINK,6,669693574,7ximq0pw3ovp82b7ezlpw0bunjncn8ffskn2xcteggio8d3yl7izgvab69ae8sjk
401,356,LINK,4,769255521,9iqfesbbune2v2wk69lv4pmty06k8mkxvfk5ymb30xfgo7ybabonf89d343sdp5o
401,357,LINK,5,677248360,pv8zyp84s05upv6siqaxkxzs5qrugdld2djqg1ho8yqnb8aldivl68u5498z2lgu
401,358,LINK,1,627471608,t14w6hviflxt7dwgo89omoosk05bhbe9pnat4aou5zhafm6p7i9szw6ljxidvuua
401,361,LINK,1,490575544,cgz6x96c46sja0i4ss9n9ibbp697owsez877wjo3d803tbqruxb52fn9d646ljyw
401,364,LINK,2,469996595,d0cp38t4eyddyrxdehv1z5i16f3ioski0okecvfxlgu66xxng3czvf0fh383p798
401,366,LINK,9,565710473,8rum8l1dztq4f8lft0z8mojqx300juqbw8co6celwc4sf67zo3tzhcys21ujqjvo
401,370,LINK,8,988451277,mmbkgb5xn7u0xrhz3gokl31ufqyjm16a43vd4rncz00aqwe0db2nbghw6awi4ry0
401,375,LINK,8,840991945,hzqkibcr8u4proly573q96y3qm8ouahv7eyyvv7pg763ys21s0ydg2vef5gqsium
401,379,LINK,2,281355474,6oq9rqz5bk7gvncbifot2fodeoti4jw45hn13gt6creawf21gidix1raqmwcms3g
401,381,LINK,6,613508592,cvwn1swub22aidsza34x8olzhvd5ovrwwoi4pnf7yup1du3vrztqgq9kyp04ugvr
401,382,LINK,8,686203098,7ttovp3w5sqgia98fqvvzwwanyqe8dkhb5dvh3gft1022k2w598kpcak0lx1hbqy
401,385,LINK,2,144662182,lw0yvg2ndmanedpnefujpe9b4ajgnidfx1kgva91oo145j3crdvrvwv61ey0ysfx
401,386,LINK,7,114274426,6iqebwl13bupyquw1etc9w6ipd1k0tmoh1soq6o0pazxwhlos6mc2sa5lmmpadbw
401,387,LINK,8,207172478,yy6npr4beb9l423qqew4a8ni5125txx98mh5phhvx98tsmn6exkr6s4kwb3mnf0g
401,388,LINK,5,50807813,btazdwvz13ayuowugpqcj8bt4ubrlpinhq62gz1hrm7krv9vxirwylz3l6p2vyui
401,389,LINK,10,504371688,p5bo9gm5ds6jrvqoq7ai82b3vq5uiaigg00g333r9pzoqpqb93vqm6smgfier88m
401,390,LINK,9,14914854,4n7krddsvjn8nf4a7ojnaled0mxwkhgh8ja525lk00gvab9n9i2mt1zo2zgt633r
401,396,LINK,1,779624626,6sm8w9gj1soed1qxpxdpdgl1u1aer8wgt77frnir09j2ecw7jpzed6516kyxke6d
401,397,LINK,4,105113741,oso7061bpoxkhjo9j69k33zewentd3nvkd2hvynsi7moaodz5ak0v0jt7wmj9oot
401,398,LINK,3,167670313,4pjp5bxlufzhlim1oagojjq2vwgcon4h8uwgmqk2eeu8reb2789akyb1pgv7qgqn
401,404,LINK,2,802548731,i5hiwyho3zy5fbd7pp7qbddqcr4pz8yjjr0c0s1ob3ent4muscqt0up66dx12swh
401,407,LINK,3,465587450,58o22zr6dmeibapduf7l4s4l1e142x63s4ijk103vmmbpjh95w4j35akf1izz6mc
401,408,LINK,2,536268768,gc9tlb9xu3zpnhwmsohqwaxoq37mqbvvoinzkbm8klyrkkku7b0bxxsocjsor6c6
401,410,LINK,6,552777668,30kc2vu8fakoby5kxba52zrw0429jfy4ezo0glbhr6d5906arjg3oj5m4yupye4r
401,411,LINK,4,244951857,vb2qt3f6o4r7gxuiuxm3bo69dbce836p7lck049rl0po2pxac44sfehtbb81iq48
401,412,LINK,2,784103836,r37mvn96kmn8iai5c4k1x12ag497ift7jt2qzyrpsl7bksnw3ranmysi1qhzzqdj
401,413,LINK,9,420764718,nxwq6a0dsa4gvnov6tcgkrd4zlk2drzzev92ghpl93ws4hwexb3ivn33n2okht1e
401,414,LINK,5,960895376,hnnkbmsfobq2r4mj0tee51x5e09phh86nikk4usg6afy4979lsxzczdrimy76eoi
401,415,LINK,1,303038832,ljmqykna7kap8hn2zp6gl87eip1j2n3ai1426vkvbkh6mmf6ppebnagdo5upk115
401,422,LINK,3,786917619,isuv2hfyeu5foja9nsz6bx57b68alsw2e3hrnf7gqmmqvkrlyudye7a52tbzj3su
401,423,LINK,6,762753056,y3rb15zv4ui744qhs5mp84gmaaqjbk9otww7qlnl04ww0em2h6gy9e43ven1gcez
401,427,LINK,8,348501501,imu2k4lo0bgtielkxbstrx34j636kz6on4ib93fhdfbt7q1pji963s3meer4y4qo
401,439,LINK,2,131874303,5svift5r9wwfb9k98yb02mwa2lsqdbno95k8b1pxrr2ld4s8f10wh9t3oyd6gzre
401,440,LINK,10,382575521,6zms64mkefqh9pzd5kqp8ocb4r7l6ux3hxi54478q10iayirg69iio6x1zm1tma4
401,442,LINK,5,763832882,g6pn4isb24a6hplth28fsdilrlmpb68sbnusj3uav099kut6o3wbtipw48jxpzt9
401,444,LINK,7,669328179,e4r9y5ba3b46jxsv93rbb98f05ls2mcvbtnlua8yrvcbo02k2g7y252hu5lfunul
401,448,LINK,3,65861734,uqvrl6fedygdy2g11okzb1rjx3str4luna801g7mzum0ntxzf5kzs7gkj3zmgtrx
401,451,LINK,6,71401035,4adl1xcver9ole4b9qdtcdv1hx5dvxfwfiaknzh9egx0u5cxnxrlhzwcfew4x4f8
401,453,LINK,7,820506110,6y9rohv14broiqvekp75t9lfh2dhms4w2rrfnjwklrb6uibfwbj7gotfp2rcrnp4
401,458,LINK,2,851292326,g7tiqmsc3b7iiqf80jlv0q1km3yqiiuy1ry1ycn5xl8ip63ynrbmb29a1h7utnc3
401,459,LINK,7,794633177,o5589oyq35f8ukocdswei2xx5gkwj8va2rqgb8x666hxcyc7xfm7itiq9efjvxtv
401,460,LINK,7,178987389,w7mhhxahcj4q9hyo7vc3ni1vx93ffa7dzfzj5s0mdpk1r5hkrt8pdjdb7w7ikg66
401,461,LINK,10,399410636,whw6nvnmz6zwb81dj3aaqmwwxym0c7bvtg5qr381glhas8kegu1q9hg45n0zy0js
401,462,LINK,9,259517651,ss2mugsksjdsso16p0tmoz9yo8muw75hwqlpfq50j40evt164kyojqjyvwkb01r9
401,463,LINK,3,938854963,3kbid95zfx6nzxeons1k1iizo9tu3z2rdw3ystczegrmqz8s7bn1o9pcxapoy7vl
401,464,LINK,8,310338520,ux0upnqx2yg6fplm0h4xfd0guzhf0kny7qnxke6hdpvoxxezfbphg2ydri8p5zk9
401,468,LINK,3,562714677,xql30wl8zd97mc6o1ekqltl13myfarky6ihdn59zs8bbmldjr773k9l1shyot4ut
401,472,LINK,3,988599538,xttm7xha5mntmjsqcldla0z90f4abw25zqwtk9x3iq2d7s04bge35g3rrjxqdhd9
401,474,LINK,8,916988620,03jx6f8sgp87q1r9ofxeathnb1jusfryukf6gpjdzheu8w7y0r92tuj4tyuw5kn3
401,475,LINK,10,284197788,v0ssyutg6turmr32joo99vpuugvoy0rmaumvjnhwm4q25l92ywn760wlosdbrxvd
401,482,LINK,6,379203645,6z4e40y6txs2fr8o6d7p9m914ihm9g7kfqkrxzeyxcrcfezo6jmt7f9nahr643ky
401,483,LINK,1,675087407,fid4knh6zc1agvsgo3ojbveui519seatu79t01m1jl1i91fdsof7zjak6cz9wn9t
401,488,LINK,10,871118966,75sxwl6xa4g698wq15eflz14gud6er5gwmrhye3yh88h10t4qtwgcyq2h4odylwr
401,489,LINK,10,972762741,y3cvuq4k84nkds0oxl63de3sou68w9zk8wc4dnx089lr1t3aybc3wncqgyw4jm4w
401,493,LINK,4,91795116,4bmr61mxxvjgzz3beckaytx913nmxgo6oaqbdif7dfdlnj5tdex8e3nsfhdh3u78
401,495,LINK,1,308621846,nkhbk9bh1sdgzakrw7kw0zejwl2f4rtnp9wtohpx0041m2xxtt1jrcn0frwj1z7k
401,497,LINK,8,60306083,kn5hf680g3f29xb3yjsqcwdxkixktv47sb0mpioxeb1yillaz8j2s6gr9ol7q2r3
401,500,LINK,9,850449731,wi8sldanib6owof9bodoxagkhktcq8ry9j92gln51lizu59z8oq35seylkwxmkvn
401,501,LINK,3,122973427,h2q18f4aucph9fe6vvs8dis23ly8yx42fghv6j2y8i2sp8x26p55mi8fqto2eoe8
401,502,LINK,9,444802025,erui9ip2s3j7guxakdtizly2exhvpjc0bqgnt06k0xmuc4xgu1im17ps76l4ealt
401,503,LINK,9,928205034,5g9mgpfpjo00fcujftm5jr7s47tasgovoe7cbgo5hrg71u5fwpg34cjo2q3yh5ab
401,505,LINK,2,106125900,e3wdry8285abzbuktfu3w00oq8ha43at2zrh8fmzntmefvp0awkz8d4gm2w967te
401,506,LINK,7,372730660,qfu62akqpqohgrxhgff7h28j131n8tnobcisfxjd61d9l4muhllypb78q97ptzlf
401,514,LINK,5,813999913,i6wytk0idlgmrfudo0ew83gcbbv40tu91qkc6e6hldd84ff71b4s3ohfze79s4fd
401,515,LINK,4,705211984,on6q3zqb27k3ystw15jxibgoyaiyxt21i4gyzh2wk0vcuarjslhzad2eoj342ioj
401,519,LINK,7,328892257,li6ebihk75l3l6jmjb82jgziqig8as3vsywsb2vymkfusdcrjij8s4p4yodiv8sh
401,521,LINK,2,841323144,p23sybs4oa601o4m1fnmtih7phvoo6xnr070m3szuzt896boraoxa6ti7fk89dud
401,523,LINK,10,551414175,wix0yxyd0l0yf1orz80ipft700ewwzz4aomjqu4g7hrjm54134zqls5a81k9m5mz
401,528,LINK,2,893419084,2y9gsrj3xnz1aycedlie9c2j7ak0hxg2r2p3gqyfnvg3la5im6ca0xjt36nk7pe4
401,529,LINK,2,352758732,lt17xyug27bhi1r41oprk117nrdd02yckxwd901fqo1n5aoh9xbjebjpllnq935b
401,532,LINK,9,924343791,s9vjhy3nhqognd861kxljy2ub7uycp0flbec6as968peas928fqifhwg5o67y68w
401,534,LINK,7,990080305,hqqsee5fgr2uuoiko0922bipe7g0r9lxf26yqk61qyfiotxe5ybrw1fdi9qhfswg
401,536,LINK,8,960795694,q7kw6h11pvzn6v4v9gdddw0rpr5t9b491l293scfy826iu3c7gtgtensjzeaatxp
401,538,LINK,9,908597112,7uiteeza3ej23w6fbds0u3ciiv773e4bzvrs9k5nehjeoji3xfkfxf3fr8o7x80m
401,540,LINK,10,996379692,0ffbuzhjz2x5xr5btomerqh8q9tivgtvc4uf53fzav5v11n5udpayd4xmo9w35x0
401,541,LINK,5,832126007,6kpukvo4jbelk818v41mxbgi0sqf2k22fmgbjt8xwfjw4w61ocuvv8g41w04n2qy
401,542,LINK,8,864169859,zp0sffjams901zvh6nboos1eeu791ofyxa2q3fa6gw58jz7r7h1mzbewqcbk8f0m
401,548,LINK,2,734112189,9oxgug597q3t9v0dmoh31rtrdsbt6viyh10uqjr2u4nw2ev6yymt5e66vewly63r
401,550,LINK,10,753855000,k13lhw3b9hby05s4k57hudbdnzkgzo1woep5q0nvjxq0alknpo05tdnygr8ham67
401,552,LINK,10,620038371,9bi4zbs85wovpgbqg20u7h861zg8wwmu5wczd4bp76jwh6433fimvp6qw894krxt
401,553,LINK,2,228307973,7rq3wo6pual2jfg3ielf19j6pdzquo1zba4lvvjgu9luwjimgv6uk6fxht3a2k82
401,554,LINK,4,507291263,w0l5grro7vg2lf5l5ufe6jra9c1wsrrz4oxw9d01zxv5ne3ffnhi2bcwezz9j20l
401,557,LINK,8,655629472,behl40decekhtbf579m9zqg5hxb9kwk11fb6w3q75alm9tu1lnlqpgc3aisgo1e4
401,558,LINK,5,930993901,1ykupfkh3rc4udgp6ozwsomu1860zla2xub8rggs7rucuq3ddrksb0df5ity5f7d
401,561,LINK,10,182480495,zmnigdbhf46ylu5xwlnduiibqmar6d3y3ot7qrq3rzm79s74svvplvza1mrfbkse
401,562,LINK,9,640070041,uzxbq9l0smekmx5tpgpgbg6yyj2ihb7i6657khe660nxebylj3jwckzwfzrptbrn
401,563,LINK,3,887432703,np59pgy9rfmegzvlzp9ya1lzdla5zz6kpnn5um6bmk3m2zp5if7hdvrn5b1zwl0h
401,564,LINK,3,842734009,jv57rq71154ycgbp15q2dsre8q04vlexp5cr9dhsxsl6soupf5n1yuaamp6s1f82
401,566,LINK,10,197725730,3b08q91uzhzcglul1zeoxyc82gihl34txhjpihmlhf0mo6qvgznm7kkigtl8gtjv
401,570,LINK,1,839014914,0a33gi1a3tqzwexjoocqfdvygimukezvqt9g0mvwipnqigh0tr7la7yqgfeipbc2
401,574,LINK,3,886902905,qtv3krdl4sl5xndhyv8f2uau2mmkc1ld1ue62c1iiqtpcvbt3lcd10tykavk964l
401,578,LINK,10,136466199,jsz3lw2inq1qzyqoxgx2pmobyujp5mteddweq52xfxccbq9fxe9w9397bphvfkbr
401,583,LINK,2,346968530,8eactvs4qkhht2jbf7e1230n7rc9qgfy94w47ij9ytdjwcuu2g1rhwmb3x0amqid
401,590,LINK,4,814593718,b2hgjm0kbjjbjdr1p7xdzbyrmmwse7i3cgnkmc678rnvwix2ozfl39piq5r0l6b2
401,594,LINK,9,769352126,0i5o67f1ysmb47sr1060islrz3l2huw0uy6tefnomf0w0n2dexrdxdvq14mhfael
401,595,LINK,2,590632534,s9hdw541d7gt3u7sfxuun6vv33m65irdw5wr26eexnp27honctngu9oz6gv95orx
401,598,LINK,4,866281911,vpuk2fuexdkm2zohcfuxc8ts5wcrimzvgt5dqewzp40zi58j9fihmjz9doxn3xl7
401,599,LINK,1,100603523,yy3jdzaygnspogtoy5b240jq4r4ncevst8cpgablsv6om7quzgtrhs70sc3ugbqx
401,601,LINK,7,726865369,eozw9kmabwlnpcj343cbfymvzdcelokppd29r2bznccubogapaabz5lea6y9vhsl
401,610,LINK,10,893801549,af5arlibfonjwkidpfhacu1p4omns5h1eegxyxiqsyf84gi8ctenfmehq4gn345d
401,613,LINK,4,532891956,he69h4ayc46oofks7vai5cxfxg38td4o62ag7pas2f0f49ad8dkemy289zfljpy1
401,617,LINK,7,381964243,xrisv7ak823wv4bttyasg6sf6e70r3b5ffqht2i9n3bn6yqp9y8goo20pyng78q2
401,620,LINK,8,562825665,6ysz50h2tfq3ut48o0ckmx484m34iyl7bje1hrghpd58r8d9ub07dh1yap0pefd2
401,625,LINK,1,468213281,xxsj2rqc28a5o8jj0mcxg4upnejv698ggwestlyk6dut9jt4fukzynlngfdlrpkj
401,628,LINK,9,276774514,7oifvf4krajzh2pdrwg6uu0empchnf10hq35vbrqivpub3gc2z86cyjuj8z2p1wx
401,634,LINK,8,232626994,050ujvuyb5tbvfeenrysfi0r0dmpl4gv2wd6u6nud8mpfo1nv21pl0os9c5zdns6
401,637,LINK,1,172818814,ccn78otwkoogxl7lrz8ju06bvmpj2fl6lii8odsc7rvcweupwnf9zetnf6b402t4
401,640,LINK,3,642078936,3yiuiyzhll59o5wrum6codqfc4ukmg5794yfc8gz0undfaew5hnpkvekm21js9bc
401,644,LINK,3,638402607,43nhoemuywb28lnub2lusp7vsnh2plggtov5et2ugdsw60z38ra5evkabyihw0lz
401,647,LINK,3,895508799,58yxygkckqec52afdz8hqpdrobkv17bnghqffk6uaibvldeljapw9bdua5qimryv
401,657,LINK,8,736167794,cnxdk69cjoa5fbbodbu1nq9n4lgn573ao2vl7lvmu28zzhnrdnfb78wiso959h7f
401,661,LINK,2,131075681,30kc45kj9td22y5mmpgo8zqfjbxo3a2j65zmvyqguw6byaz6dchoko79g8gf2w7e
401,662,LINK,2,577690255,pcg63p2266smwm4rjvvj9annhg95ttmvfdywdfhp1aetf8m2549gfheaghbgrqhx
401,664,LINK,2,540091209,frjf2ppskkqeuqj2vushlmoafne1d27hbldz9lgxxlvpjsc76u2un5wllr85qr5s
401,670,LINK,1,327268230,2qhgu38a628h3hbdqbhsvpbymic4xm9u19zbc0g78nkrb1lj2nms2pt7nwn822ka
401,674,LINK,8,393934509,kz561ykxh3e4xwuz1md4n5w62b7er99ltpbbza0snoq15xnni17f3wtpz74t5xpp
401,675,LINK,7,479510013,btxi4644zsxegumldcsyckweb2qmf51vp3r3ctx64bud5fyn1g64yq9l1kso1838
401,676,LINK,7,801642604,ug3gz7wjcqq64auumzq6yspxtyt4g2cgo1kor4hcdkw2rrmodbdh2tmji1o6u987
401,677,LINK,9,978157412,18fuoa5fxmyrdiwm8p9o7gg88kvf91qmmcgjjbdooh1rrh51lbb1l84i0rpplby0
401,685,LINK,8,159868927,cnpyeo0lxmfvufjl2ppwwy9mu69vwdn4ehu2vtyekolvoqrnphmwh1enasn9vsfs
401,689,LINK,3,336414649,wkao1oaa3qzlpgu2moqw1sis30e1a6pc5bakoruenuzxb42cve27czcqz7jdryt7
401,690,LINK,3,735180445,h6o89851u9h4di53q0rjlag3f954040wxftvzj80iw0dd1cykuukos8lq2cyjxqy
401,694,LINK,6,276143678,ywn71u64bfgb925dw4jylt2q7ywfkyeub5lxt7i3es9u7d4krw2b191dpi0m9kyl
401,696,LINK,8,844678728,i489vcp2u8wq7ajslpywr2eavluqkqbf7sndl89q0v96vh3mfe048d5gl9uoec3x
401,699,LINK,6,845890226,7zqb4uabooyilj2pfojc3dw6uc7cjsz564lq0f9gjq9s8gv6kj61ox0wlfnae2x1
401,708,LINK,1,78807990,2a3a3sn0ns1qo68bph08le5s0wpo6y0kzqy4njd2rl4bi8u3vwxk273jpnxy8fzf
401,709,LINK,6,112502966,8xuxqzglytec4pkhefqv6tvbhgmx9ta3che2i7v3er87vsue60c9jabx1d4z51gf
401,711,LINK,4,895611818,tb28h4zex71s76o4or33n7ti56psgnktstfolmc4sif8v4p7d2p9cmmlomtrleii
401,715,LINK,9,37312923,daenhv49nu25qupfhgfz58ysbih0452x5og3ktlthj00rtukythsmno7fa3hu1wm
401,716,LINK,6,935247479,01i1hkr38026wwdgtn7p3hjr9oj4mojgqzj7m0oig1h8n2kcuj30t8xwt2toi6ed
401,719,LINK,6,670631451,21356a5gh5nmoj083hi0v5zhwbf75i1v6rb61ee7onq0p9isqahtwoif5ensgkmw
401,721,LINK,8,430022066,83sstbuxcgtl9zdhj1w8l1s3yeagd84l179w4l2usyq5vv0x3q17cm4vkwjy5jzi
401,724,LINK,1,8377375,igkonw1579giwja186ldkud0wsaxyvxwd2iy9y7130gw25exzhapn5d78cs19gq7
401,726,LINK,10,572348638,xffj3t5lec5bidgpcodptjfb99ed3xfpsw004lsmyq4vn3ex7tecxxmyjc305ylp
401,727,LINK,1,306557922,2g6y7muj640nb111klo6v0kon9tu8pasbrq1zz2os7utdeczh607g7l8yq7zpz0w
401,728,LINK,10,731550960,3njt6du6rkzgbb4z6ow8zr25pyznpogh90zfbr08vxvqu3zs5o8ndsi3hbeliwwv
401,729,LINK,3,750319488,gsaa0q42dluzmolkmyyyqv4rmx6kxlwrudtaf0phb1tjbsp551dhy3g93meaygzu
401,734,LINK,7,318901177,qzc2lm9k19cbmfaa8zoj4uc760x4uyg2v4w0bmlsj5kv2h5o460mrngt55pe4d6g
401,736,LINK,2,855369277,vucbffmuoan83xh79kwlvj3dlylr0qs8dty90reganb4bz8tkdil2o6na38r99af
401,737,LINK,5,696547455,kumgtj1u21k2txrbhkp5gtyqb3bl5elsd49li386ht7a008px8vi8vyapofldh73
401,738,LINK,6,476628513,3z9sc7t6h6fu3ck122c8dx62ozq4xusugdtxporcfu0z1zkjao2sl9jhcbovkssw
401,741,LINK,8,464835613,hm6y2bcv8gmf7kh0tgbozpcvfn60pk9cfzg7na56ypfojsdmozap9s6jpo7suzzb
401,749,LINK,2,293184193,0md4z029y8mresi9am0a0948fr2kuymadjarjvz9s7r1pvwwriwyqz4vzellysz4
401,751,LINK,2,855522059,8woeish666qxg0mkztav0ve260wpl070uuxvj195ngduu7onqnhcfhufwwu17tro
401,757,LINK,6,498280033,0soo8e76gaptt9txarkgmmv3tqmmh8leicbjxi4aigz6unt5pp5u2eulvragl1rq
401,760,LINK,8,83493194,kpb1ilyh9h4p44xyultni7rvupkioqy4n1dzywmdxo67m1ibkk064ju7suli4epx
401,762,LINK,6,172485682,asuhxl5rdgiongtxv96tj9brnq5j3pub599sya3wkobby3yc4391hredzjg5rykf
401,764,LINK,10,194090338,s7s6wurz40zu56pcwttjojjjpyn94aiolsasm1tejaaobddwdblr0j5g1ig0k2o1
401,765,LINK,9,297027401,mnpvjcgm8k7zurhf5xw3gqvdf3r8ds5md0ywp9bx0ben0y7excyqtqx5mcrevln5
401,771,LINK,9,58544068,x4ditr0jf1yxqt569jw95t92obcxc2m94xjnn5oz6lg5ddy1wwfzlcgtii272oo4
401,772,LINK,6,906809223,rvzsb25loecphkvf2rq1bjwfwzmesuxdj3o5dwcznidr1x475g1y45kutuehu6uq
401,777,LINK,1,954813562,vr3ypxcmsu3jw13iauy7jfl07b3th2s887eorwiaksyrypewg739m4swyf9v3kix
401,778,LINK,5,413069457,toqk34twfmdkr0wgaysti803gxr3bzroq1i81e8006cq0tbijcdkgl1dg5ormu7b
401,780,LINK,8,919481833,3zijnz5kjbcxuo0lfesu1sm3rqjxr5o3465q47tppyxcu7gvr8i9w95tn1vqua1o
401,782,LINK,10,100287629,e2m4c0rfeo2dzvnnl7e8ihajl896jczy0n6hbxw77e92c0os6i7pl6ie38f3hn5w
401,786,LINK,4,682825542,31ajd14felo0f96xql39urze8n9paujk75jslkqaglvceb9np52ojdk4fwvukq21
401,791,LINK,7,590170667,gsd1xfl7bcsqnigzd9e5g49rbi6mia7vr0bk8pastf1qy8mpclxi75j7zde7kbwv
401,792,LINK,9,180998350,kasvmurerdesu9z94eifh3j39bsbfs3pxdaj7vbnivro0tob7lq12vlx411fo6tw
401,793,LINK,3,18895824,6zb9g47pfxigfw5gqieyc724qj8ett212duf12fuzswmydtrguspjk8db5n7nqx4
401,794,LINK,8,291588277,wq6s7xef7nsifofl81hdqaw8yz0ajkiyqreomciznkxeytgglil2a5mc5bo87zze
401,798,LINK,2,423847057,u7xwlsdopkxxzaqdg5ivb0bk6ft9te0nfuorn2ib4sk8jb1om63eyu6vnw6tclte
401,799,LINK,7,27663434,39o8ss83oslgalhxi7h0zlnoen8rsb2ai1fjbam4u6r9zrdmwgld0afspxyz35m1
401,802,LINK,6,418095238,tzz7ehu9n4nud9evolvjpc7inj3hhywoirhmzvrh83wpv7riuug5i8gkrxht3mvz
401,803,LINK,2,107845591,n5dsqefyfhx5d1ucn5seenrpcead62i8wc6lgl5cn1hv77543ndtg1rb59vql7cx
401,804,LINK,1,879175972,tscyou42ssa1degjz09plzhsn9koporq7wd4okeoiw2z1vu6wcq3pdem1ji9jw6z
401,805,LINK,6,157323163,dx96c4zkt9irqqht7syg9t9bjqyvqu5jtkclhldzid95neffdddd1jdx20uwrgky
401,806,LINK,2,653034656,rki9a8v1jh51rel58zi9s1gx47zrb36ch8a3eefb4lxle61m8eid4mbh24w1nz8e
401,812,LINK,5,407712320,a4soryfomeemnhh41fzjq3dlkt862ow360dpjpcmknc0z1tqhvs7cmf7qg8zfgb5
401,815,LINK,1,985041689,thkbbfs65bgha5yv2k9qrioeay1gtrtipx25swzahuqy2y9vgzoxdgkpcopv1ffk
401,816,LINK,1,399716557,bqfsxkse56b75ybhxw33tuyjccx1otzvssvkmdi4flsp3202tpivc6r8cmodc0nz
401,818,LINK,6,553387857,12y6v9ycadow2djelof4hcf4mlysq9ogvhrgowcu7so4rxmz89qqll61jib0g6q1
401,820,LINK,9,237142214,6zcgaccw1szeml5hm3udj5b5swdpzq3232wlx4663jqnb9a0q6yba2s1qzt8g4ut
401,824,LINK,2,264918942,9hlhvqzj5gelvv0m5hjc9w1nqbp9k6mtskdpx2ympkq6lkcg13jhpcgbkqbvbg33
401,826,LINK,3,579882430,fb9gw5r56nbagjyfhgpfcygnaatjr2z8ik346gj6sptrtix2ysziq20qjmmhdtm7
401,829,LINK,10,123660216,qrj36mowoeihpkw0sycvpy8aqmtl7moy56hw9w15ztqmu834hc2cji51xxr8mpwz
401,832,LINK,6,810200864,fzbzc2t1zzyzpy40m1aql0nq1ppx5wr2ar2a9cbf6hlrcrrsffjphoq9udq9wibx
401,835,LINK,5,612899752,93qtu7iho06r4fb0wiva7pne1e0orjz9o8941sqsgb2lokaio48i317ncgfosru2
401,836,LINK,8,569357070,e6kiy7wuyi9v0rsipwuc8afkmatqpcux35iayq2u0f2j7779ckia5b8p2t1wb7ki
401,837,LINK,8,149281438,1rb8l756u5tpkjvh986uyuthvl02v4hy6vpi90tx9xewiu2jdb3ns6mr3vxkrw37
401,840,LINK,1,524828590,luw5f7thx5y7spasv10n02g1eoi40ip3clfn2d6n1ek3s7texrff9jgmnjya7ax9
401,841,LINK,3,335676176,wl3igeqpan7tum9bc0u4d1tqg06xh2ml9042b1r4ilva12uybcy66c9pdjm9medr
401,843,LINK,3,688001444,iys98ojrpvjjxrzjnm5lhtjtq1o24sjl10gvxsy7ckit7gnvmwb6ogpb3oe1d5bw
401,847,LINK,4,746179074,m7eo8k48e4nsycxtq9cc7vhosgpphittt9e7p9xca6s3wdsksz465c3xo4lk2xir
401,848,LINK,1,408861633,whima5pcy8vgonc0ha5bpcfiupchdtaglrcsnumw6pllz77j0ble8ts0l2wyj1e0
401,850,LINK,9,564059890,qvufa0856a4vtvleqwbxmukd9bwx2vgnb2fek5qtbeku6ccs96ulj97ypus7zioz
401,856,LINK,5,621378608,tht6tt9dtdwonx38t2gfp8hq2lmgf68jfpkr0o7f5u1yka5ea9ow55qkww8vwaw8
401,860,LINK,6,448808257,em7sy4wm40sn8maaqaj91eabqjr722d976519bzt80yf6jjx1u1inafpfsuzjuu9
401,862,LINK,1,457225151,rehhl90ezh9i2uzexhnook7dar0on2qnaiwol4djc5enua4kz5mddxogyysqa8d8
401,865,LINK,2,807428008,jpcrd03fmof7qdoe5uttb7dwrzj9u5m0im0b0lrs0jgxbd87o2pf7qf7gehtzygq
401,868,LINK,3,626009586,ubc29wv6zwx2qac5qcpmf5tefjjn8bmpso41hzsyogwc1tks0ilmdj3czjwune96
401,875,LINK,10,7657722,gcr6m6lgvtfcu7315kws4spj210fnv8zfy7z61hxib2k3j6jimcs663ix0abir06
401,877,LINK,4,698333461,fy1h4p6hi1771u55u4rwpbcmj9pk6w7cofmc871i4lgbxe9njyltbv9atrnwukv2
401,879,LINK,5,171494666,x8r2x1e8zgpkmevxoc8i1bjx8mpulqmwiwo1ykav7f7eb5bp7zsib6ehtdn57q6o
401,880,LINK,8,552199944,9bodlj3fy9viqte915e7o1sd3onmnjpl0okdfw9e03h3q86tmdbhdx6mqts9iu8c
401,881,LINK,4,727586116,vxb4saa9k4l6wc75ftja2sx5sm6o6n7ztxved042nss24uuia0s1x05ybwad17lf
401,882,LINK,5,708850109,sn2d99oniezjl5pcz1x8ccrh71n7es1dfuyv4800rcb8yawwo3dghsxgie8h4e46
401,885,LINK,3,707868854,reeng2catsm50qg4o5sak4s1aooxus1nena1dnch74bykusquj4p9lyw72tb9e3g
401,887,LINK,8,40431053,531ukknzsteg8g9tyzoy35wr7e7vau5chpwbnvs2gf23xafrpp3bm7t7imyd0vby
401,888,LINK,4,537227137,wwceplnie8cfkiqjpmh1zk3r5au8rp7wew9er59ehs4vjur9h7olo79wey26h5gn
401,889,LINK,2,737978056,09w3ixsccu15adj7o4gtgwdmvlzdhxfn2uaagvna86t6qozv6njr9e6mepez6o8x
401,890,LINK,10,586804034,dsbeweremvy46kktn0ve7nyuq11da902gy6mklg2267mnwy2m6amu3ar654qzoqd
401,891,LINK,8,938966753,m6emunzhkkdr1n2urp7d6ehznu0kyzlp6kd4c4zu17ay6j4e3vxz1mt60ysn64iv
401,892,LINK,9,401188641,vlmhsmbe57nw1ifcey1bxrikl4ea6qmphzdnn3evkli0rjdy4ej8n7hwmmbmkd16
401,893,LINK,8,343217589,dwd6rbrtejl96c832q7vduhpor4v3vu9g7ju4ggl6z7dzsvo9w7gzxsnh1cc7v6q
401,904,LINK,1,493919306,a4n0y0j6rtbnap3uuu29coki251m1yjwihdg7molb9hnz6ehuy76wtehmc37p76u
401,906,LINK,9,645620734,tjt3ftcvvbm9guo207cprcuyeg8aoemlu0sxn9sip8juvxztk2013x36ev7c1nkp
401,910,LINK,4,455682744,ox6c25f8vp7s3cw1ssjk7gfggf8e83xrcs6pk763vqxzi7nhj2exxanakustkt5t
401,914,LINK,2,795115049,u7ljwtu9uv165w6uwi1q6hv2rkdae6m48h2zmjcmec8fcayxcb8hs12ba4h05755
401,916,LINK,4,289979588,ckqe4bby5y82cb9axbnefz3j4c5hrsj2vflvhcigy945numtgrs89l062flo8yns
401,918,LINK,3,13814314,cb54vdg0iod1l4pztcdncv4ie7zvy04n3r7khnqazm3z1ktx4b1ube5d8yg07gmf
401,922,LINK,10,245923425,gzm5acxzhdu5qskxb3d1xwjl2q62yy1vrzzkm3q4qemobgiotr2w2qbpbhs1a3et
401,924,LINK,3,119744981,dti7070cqb8b7oun3xes1efynzqv03vam1iwyoqglqa8pv1sgtw99fhxb5pl7ki4
401,925,LINK,9,867819148,202mslzg8ee2t2uzx93lg43mqasuq0wnr5lp75ed1b0kbqrlzmacwrxbre7v5h8t
401,926,LINK,7,575268528,q9wje8grdomafwy4t38snlb85ii9i4i613y1tbsuvxupcusxs0awaxs78yfghsge
401,928,LINK,8,981427083,e6uq2xkpyvuwsupshmbrysc78f4l94m5hrnsfgr0nl5tiexmilcvx8hqwgrr2wwc
401,929,LINK,7,692846265,yrs0rohlbdjj4s2rbzea0wd1owbx52yxgla67d2gkyq2128qsutnlgr9kxtv4u4s
401,931,LINK,3,934761237,3s6gvkxibtc4efb8ix1k92v49d2g7u5k8howsp8ck3ert4kkvrgchaqe58yvx52u
401,936,LINK,3,129777812,vwojei02r4xu07fa0lvr8u265ihlyair6s776n180dzdxtemm6e0fkl4prbpqkfu
401,937,LINK,6,958897784,ajx16t76ta12h62whegawfk63ow1qzdvm3vu8xjmks99llmtvo05tcevg0boguom
401,942,LINK,8,444830682,cspl85gzjdcg42bwms6pfpajadmm7m40e5ferom7334h4g0rwt0jqs86s1nmk1ky
401,946,LINK,1,436944468,ryugab0euzieiimvbp1gvjheg898aueyzc7sp9jc4gfmjyyxlvlteftqlyc20wac
401,947,LINK,9,470503686,7lbib1bdteqkskrdahoxxyzqvmjem95d07si2g4e69kbxae4uh4fyt589fyib5hk
401,949,LINK,4,187639085,7gkpv4b8l65arbyk5uxjdhphv7zxq1btrx744deoa53a6madibr3gvufbjo0s208
401,950,LINK,10,789760937,sbdrxtb6r0h697tyz8iosdf5991q5gvbvxo7s5e3h8bpjhvbacw1hbj5qnl3o36d
401,957,LINK,5,467853960,b4zt3wbgr2wjvq0mjub373wvqtxvbrobxntt9r08tmnbdehzfenhxv54l40logwk
401,963,LINK,1,587231034,75xetnm8w8z93pmidw54cigj8d75smh5d8is1uxe7hxu07ijhz2gj18w02gvpwhx
401,967,LINK,1,167468218,l7yq55wxfmajwhbll99hcg8fggx77r9rqziw0o0yz9462nv6376d3gpvh5dajowj
401,968,LINK,3,664907137,z8kdd1qlk6w2m3bmv7i9uyq8m6pgyr2sg33yadu4t9p6dhbldx629xc0hol1nu72
401,972,LINK,1,138336397,zc2hnziay2tve6sy4aungzvcifnwrddmhz1y61k67uydrm950z7jll4g271qffrh
401,974,LINK,3,546390316,iu0upk08y0vuoha1sdqxmlads6b2fzeta2f26yj3nfrfshng1br1dtbtbmj3ae0r
401,975,LINK,1,995043557,qyo55d4re2a5lnv9ds6o4l1zr040rdmo91i78vu4qlzntifl287itp5emzf2etrj
401,978,LINK,6,335440912,0wn6de92p0umsazvjfg3evbt571kb72owc89v138mwxnaat7ulfpfcuylp72une8
401,984,LINK,1,160391820,pru84utd5ul6h8awp4prj8ltkm72vzcpvjyqjnf8llejnkfzt1wpumjnmztoz86y
401,987,LINK,5,933465697,c2z3pp59eebr3koyrrtd4bak4jc3n4dgjr8mxsexsabkkickoql78zgex1dqijup
401,988,LINK,7,508055250,j4xbu5p0ex7v5jlxjp8kr25xw7kspjzahxqa6crajxev36oohew66xzo2m9ssvab
401,996,LINK,9,623164332,81plkdtn0rh80u4ev41t2ppwawzl40xm6aj2491et5gfxfo884z5hvxj8wzq4oqx
401,997,LINK,7,268294143,3fxwqidf1yaxev0rf7s4kntjod3xefnrrouh3pz0rzd9nppity0mnafhi8puu9r1
401,998,LINK,5,519480867,jvse2epe9k05b67m6nyva93flfc5dfc60vchl26ivyl9h132a1pj7ilmihbfzomf
402,951,LINK,10,170668153,m3gf81293dbjjzhw2dgsm7flrosdsvh7a7xe3ddfzidrvk1id0xie6yfaw7g75p1
403,90,LINK,4,850716328,2hb8i0n5amwxul27t8zi3ztu7cz0ka5by0c5qqqicd2mwmljgrholb9xs93fbfn0
403,756,LINK,5,587849043,d4lqhp7q5mcvzv8gqwu09vstbjqs2rw37e2e9r9torgecoteoqw35i3xcd6t64xd
404,53,LINK,6,250383098,qc9fq2bvb4gtpfmhvw0cjv0reykmgzp7znc8omun9k0y1lt4d0e7qgq0at2k1mf9
404,261,LINK,2,701038308,ztax7jun7rziioec0ht4yxaj7iiv2jy786uhox7dnaudyc7yca9hf3oqtb6s7zn9
404,290,LINK,2,548795034,8usaauav30mbhn2xmuyavmxb2cx2khje1xhe0hxeu8fvonxlslfmelraxou8mmud
404,355,LINK,9,473804657,zo8bztppn0yj20ey4bp76xtjywxonx9cy6c5kdm4fz0qb3wuxrxr1t5g8hhqjrad
404,444,LINK,3,298286077,c9hx0e9fvqac3myqrleitwn1snjcoc36eeftt7zi82rokyxlvcszm2l1f7pt4zs2
404,793,LINK,6,898654172,lejb6l5gt9p4xdnutzehlecpo3f1bu58igpcd70hbdm7s1scsurlvz55fe1vokex
405,756,LINK,6,157321057,sgk6mszknh06ohio0ve0yrq1lqawrnzabz9bet3sac5v8rqxwz7yfo6qkmfuqpw5
406,333,LINK,5,781967663,lq9a8bqon0mvf73jpeutw1gy0lpp1jtgbcj1jbmt5bkoo09kqeim6hurm6qvnnbi
407,592,LINK,1,277198892,hidwa1qwjh3ky6ssfmnnf6eq24ld6f63ibxy57fawxqbktouoeu3e90i3ghs7f7i
408,553,LINK,4,333229557,02luxbdojxp8utfbv1k9d21qnj8fcckjkysnaf9tmy1ihwvsd7bnfa3zqst0ngn5
408,700,LINK,10,646255094,fwcg5me8ofx9puxgd9plgpsm6561eoizzc0loyw5li7tte904e497xi3bp5s73ht
409,645,LINK,1,384831171,47ftudu0lc713l4e2gze82hl86upmoew1k9lq8ckbwwv4k9aliwycikhlq554hqx
410,518,LINK,7,405546902,zitjpt9j0uvpnib56sigf3f164jgkz5wpz1yxmou276pb0vmk0bmk430kqwg4ofg
410,919,LINK,10,108077075,7kgv74u86m0x6f3p78wnv78smgybl055w5ck4nz2xlaf9gv78tml178m2grc6z2n
411,41,LINK,8,470609714,p6t2bggli9f4trour3dnarn0hc8955w5pq6qvkm0rea08stjhabowuicfts126iy
411,250,LINK,1,720839495,h202j5ssea27omzppe8zq0frgxzqpjxq4q4df20ke2fqc71inluaieo8eu7m8gkm
411,982,LINK,1,854367061,z1pcc3dlcmh2kve9equzxzdm3jamfakdxbc3zuxyo3r814e7fwiimyihgfyacjt4
412,21,LINK,5,684823874,4b1dfj9y1eywo2hx1u1ed9l6gfc3zuhrwsrh6o3s1r0sdbrlcs4ttd03eto6pog8
412,63,LINK,4,546136168,4adc62m5ws2jz86vpkcz97tguznlb570mtauxh01x56yt2073i7vhcnuoh6dxhgn
412,67,LINK,4,413184391,skqy0m8a2o5ske16u39wfxd2ul0t3yuxquldxuhofx0rck6vitml766yiry0kqkm
412,188,LINK,3,264315062,cxkvtc8uzc0med7zl3a2ebiupb59b3x7pmjzsm9yyqpesfv5ys5fw8k22fkqsfe9
412,216,LINK,2,817922850,hprsw8fgdriy66d5797yjnaujm205shmol1xfaryykphffzn7scea7e97nrp3lga
412,237,LINK,8,261091507,obg4k63cxcfsdrykq57fbs732b9pkmjztcmdzldcltn0e2hmkct970afx0d1f8l5
412,259,LINK,7,189091127,vbwz6o3ctzy9amvyrfbz6vhp6mpxabqfe0dinxlzq9o4f7adk26jwyye68jv3mun
412,342,LINK,2,6895344,z2aq9or19x0fg04iampbbznqi7jo9tkqy2b283fg0zmdxqpfl2bdodq3umjr2aql
412,346,LINK,4,665326042,c5anjcf25fhripk71f3ab8zf2d7ugqv7eqalk4udar02eo9epp0aoh1xn6ceu6wh
412,370,LINK,4,171479680,ya3o409ny5n5cctehi6dbb6p5rgujaclnjo9v6z9cbia9dptrh3s4bk6c9edqk0i
412,377,LINK,5,412583817,orj3d3c1bibiuq26w9or0i36p0fyjrmr4yv4b0hxomf4idm00sdkdvivbr1z8fu3
412,465,LINK,4,151125032,2flzvju6gc17knv8fdr6vu7d3997mrkrffxj06yd0xytl9y0gxmxa5pidtbywfav
412,478,LINK,6,847401189,txqaag11yv5sv23wu3cbn5yc7zdj76xne3zezpn16dmu8ml73kvqku0qyldfrsua
412,490,LINK,9,172921525,irzu74rub9vkrjewshmhfo4iw1omwxn5gdqi4ikbgojbszln43ltmu3gbdrebb11
412,514,LINK,10,435252567,igoeng3zv75wgemqdnucvbub50l08ssepj90wqxaf1lhr0h2cj0rhq56293pdtgr
412,552,LINK,2,392547156,e35hf3efyaiadbvie1op7hfyawu7l3bli3p6p75fd4zan8p7tevysfq9zfzz0699
412,556,LINK,8,806886980,l4ww1vh5pywohsigoxharw2xpymko4p8h15yz0w3d9xo4fdifvhwdcilddv426e0
412,570,LINK,6,632157635,k5jlka9v5c1t0h8stu1lpho4bgyyt7k5iqb6ywlu3fgt9s92zjo4jbg283brei2v
412,576,LINK,4,431979674,mvupydksnjfz5t735q0xtks3zimn2f6j1vpje2qcfe0skjmbesklvwt3vt7rx0ik
412,577,LINK,5,721527208,7o7jvhhrecfhmaou9f3jo6bfwit248tdyji1buy3ncd200v65fups1okxeol1fk4
412,586,LINK,1,136235474,5tbkzty3zf5pllmyibgcd49kzt26ighd20frefx8yytbk384vwpu6gvz0x6lwieo
412,587,LINK,4,158588243,8xbgu78g2uag413n2kk5mv8g6hduxrvdorpj83ijk6bpysl7037d36m0b2flmazi
412,635,LINK,2,262397411,wbdxmtqv6a6awxx4jgm5abxz6tv8of0b6kxqxlfykxq94xlc564p7za0ealttoyj
412,661,LINK,8,490517468,9sg7boy62jrgpa6lrft4p74wajj6o2lr12vle41u20s3r5p4ufo4214apnr1i83r
412,662,LINK,2,228105526,eis9e3zwu7eqy2at0wlk9vwp9hsxrkuoxu9f0wl4asieqn8jvm28fon71uk1xub4
412,665,LINK,4,738098156,at9obq9c81tm10kb49l7bf3mjyalr7wtqree8zfwxw8h6qg3y6uke5k0k9zikcod
412,686,LINK,2,886057818,cx6aknby6rb682nudyefxcok2b96w6stbrpfeh5x5dg2filjfxwl60sh4bvxtpzl
412,762,LINK,9,437733838,j3ldrcayrvnj557fg56jrtzj3uxam56tlh6ee6341vnlf4k7zmvmbn0kc4du9yg7
412,765,LINK,9,43956025,e5hcrrptzwahmptl6hq0muvtqdn78mxqfbz7s5btka7mnigzmejqnbquspgx0kzn
412,794,LINK,3,97900558,lo3d0bnkxb8ei4rsem8jurt5xcou207i0mdjvlwnryl430iug7p5n2jyxhwsai50
412,817,LINK,1,113629002,qxudfrh4vngkp5a7agnbzbu92yv4p649rosksmoskfggffeygovb5csq2cdn7qzq
412,821,LINK,3,913253219,rmukrmm6r7dtqqr8l667bv1fl2958rt2ocnot779xp067iudeqjxmd4orbf04c7t
412,850,LINK,4,792322757,gdm7j2qh9otrnrsa1lwt11qp1irkld55gy6wv8wmn9y4xzxa60znyrn5ar7djrwt
412,889,LINK,4,933088352,71vf93e7q3yegai6rkf0e82gwcj8w0gr7vv2v1mjds5dj8pz7r7gpkk8rf6mu9ym
412,899,LINK,2,619518370,9nee7ggbn408bviy1ogat0k7t045yg21yg1q11cploq7wn06goadhimej6c952gi
412,951,LINK,1,279523291,b40ied2w8wk0enomo41xs0p1z15lhi1lvjug134gcdz0t145h972il5ehya4fvqc
412,969,LINK,6,50274717,048e509xq8k1ob0ecnmjzu3ax2arzpg3vh4nfvxgw7lrfawy6ve08ouv30h0ixew
412,982,LINK,2,820788301,6izwju7vbuwsyjozwtfmzm0derlie2u1jdz6t89x5siwaox3zl0i8u0pdm6svta0
413,40,LINK,5,604443310,x1u14lz9ahcok33il47sa9we6nyyacmwjaahgq644me5u5caa1gd1nm8c5dn56ri
413,661,LINK,9,346440101,d2c3k8zrzm5qayy7stq97c1b8rdpw3x79hagq4cx2ctu6qb9ejeqys3vr6dyfo9b
413,842,LINK,5,389328727,7qn5fomi9h8ahkcooqxz08d4v4a0og8i8kgv6jfkt22odwa58p60lzz3x8rvu1hv
414,279,LINK,1,558185212,fuf2cpmgqvwnuufchvap1b02km5cad6pbnjpj1jxpth4nbzxxi0d9m0f6y42vreh
414,357,LINK,9,769347821,855l76nmslc3hp2ncz9lz372t4rxevmcxn6s7k2xzup4b0gqyjbndugop9pxmuv9
414,387,LINK,4,426004475,tx5eaiyoafdx408mv3dmhqp2jfrydnh6mu8you5jmaicz3uck2w7mot09e5pk1un
415,333,LINK,7,525546587,6wpxlsa61o4j457a4dgz5iaq8444b9e1jwrihupcxah41snwi62f01d9etxnyh9i
415,501,LINK,3,952368394,nkwnxki34kstax5wi8tg1b5pq4dgfphjpj4yy4j7xmkewtue6cuksve0dz9qqxz8
415,582,LINK,8,126615505,quhpq9eonknid9dye60m6zt6eilv7l5uolzu6nz00x8nqabxvq98quv6b1laxwv2
415,820,LINK,3,852496249,nsoucu3wr1oen8zc89xify2rb06y5nw3c9i0c0jwx7slmxqjtcegv2l8pzzdnfsz
416,259,LINK,4,448454559,6kygikqyhejq18mrz34txdgwvsucumu2fbyayaiuz19sinikb7wstmdla6rv6ih0
417,175,LINK,8,489206398,5zb4obgjpvbdvwzs9whgdmhi3meqzcqf1v173dxlckgfthk68dvr6nfx201js3m0
417,692,LINK,8,258784543,b8bl9bb6xvxdaij0yjwtzndqt80qp8t74w3judqvayv6a989hcuk1xcdjsokqjp5
417,795,LINK,5,217893417,1s7fh51b055ldhdxhaor4r7sjrv1dfx7s1b74ai8cc5tl97tvheccq1gjusnsy86
418,714,LINK,6,593712989,437dvunnzccc6hazfritgex1obgst01ecudvzsonym3kozc9tybhaziwfkj30d4j
418,735,LINK,2,4266949,e0mxfeoowy591l4udjuq143910xqaqlawi57j7obejpuu5i30ve583qou3vmlpi4
419,320,LINK,10,52879510,to90ewb55asv6euzovvzhpac1jj78za5fv0qui5b6lohxatybaeeavnkotk0d49c
419,531,LINK,5,898248171,izdypufs63p2d0tp8uct6lli7uqfe8mwe4ovln01u4c5bcnmeiceca3pespkzsb7
419,753,LINK,9,434910101,i7lo06r4p7zu1qmhdxednqqplfndepukkks41xgcq3hj7zrju6ormjx2tarkxojf
419,839,LINK,8,706704361,jezf7gffzpbi0hyfgo2th24dya5pn3898z9apphlwsk230c33b7qn39fj0lld5ly
419,902,LINK,5,675673639,00465c7hsgnu8ww0c2i6r6dqcv5hyanynf2l82wls8e0kcnemtf3dt7t4wegbxc8
420,583,LINK,2,67809865,6y6hy7yepx62fuzraq8xpj6w6tvdx6hy68eegcph332sqcbzi44k75ktk96h3gb1
421,855,LINK,4,685458029,ptqgfd65xxgi8n1l2ynil2km9g8gp223lgmn5jz6er3yc7ou8zn4k3m2qm07yjmv
422,249,LINK,1,138129585,rmau68y968ph7ua21oozauttezmwcppu1dlv1zhw2ryws6pwdaecvpbaqpjkro0p
422,312,LINK,3,311591108,nwlcr16ldmw4gcniu2lgodwb7ukmkvlw0pwpt1evmr0t7rkvt8hbm71abvt3wfqv
422,344,LINK,4,858840161,6v2gj8eokn2wsmpcvritowb7xko6h2t80hpedjgh0sq8dam5j9r0g6qh199c2afl
422,570,LINK,4,768729767,bjgtm9iqtuce9o8sa46zrz3cwiy3fwlrqiu56r0evdd791ywgys8c3020frhikml
422,587,LINK,10,507800732,hekvt6d1ojnjw4whnejs4v565fj17sxafzeb2s2pzt7kasgaje2hjtjpy6aj8yvq
422,689,LINK,8,477024393,bbbn59q1ss2mcklv0hscx53o4j1g06x23b2ta1cb4eakgq56d293ypn7uxn0oqaw
422,719,LINK,4,759794968,s7v7d5jotdm5eb3slwlfdznpc28vlyw81ti3t5yy21uwf20tt8l85nrgslbox38c
422,756,LINK,3,397312018,fm75t8mbzspmpbt4z27a7os3wga360urr1m2u5o88p2htyilvzphbox53w0q18s4
422,813,LINK,8,437813625,z28wqfsd12n0u1u0x60ka80fxok7odry69f3tjdz0su0myg61tg0vqpseqpkpkzh
422,884,LINK,10,215597295,5n9z3hrxp1r40pizu34tukrrzk7hvd7yjwa5p9dhfrj0zfqlivyuy7jkvczxz8kd
422,941,LINK,8,937155834,lcn9c6mqc3j7ch9o9wjcx2pilo8xntkt0p7v01h7impbcjc9nypsftc4hjqf5vqg
423,347,LINK,10,929379753,3x5fnsrw5dv1bgezqml9cseg8uo56bau7tm6hfumnw5eig00zpq6050hg5c30mtm
423,841,LINK,2,643731275,nj8ttud4ulv5nen3t4x9xnu0j31bljkjx8jggwlffqedectow3ggo8hf3cwrnnzu
424,843,LINK,5,20019755,n3trti7yasnd76zkvec2rr68ir8bb2zxzcxgzcdebz5xqwflkqdp02bid85j15os
424,852,LINK,1,680062900,lshq9cs6uqgdr88cxp4zq04todrsku6n6jwqi4axhh98jishjhg4qf4on9p5swnc
425,265,LINK,8,577481319,c21xcbu08q1cocpm1pj9gucst20u63mzkvd8swp2mbtmzrditec1m3ueegunqdqc
426,845,LINK,4,187174513,luesu025utmf4dk025jmpfsnd99epj74uraps0o4aqy05m9dy74va5fqasa7twr9
427,559,LINK,2,832579160,uy2yaqy6n4yzliyxnfxy93x79juvwjr8an04h5u37zhgli72nm42pttb6ql7pqhm
427,642,LINK,4,843623558,jhcc5kwgzb5cqqtqjbg1gm20q7eal6jx9tpwncfizevkdf4zrhv8aqmtemhvgncb
428,105,LINK,2,164233619,nabsxamrscvnt51jwxe5hvjrl1nlfmfx2sgt2oeglldzjsay0wgcn7anhkha4ncs
428,480,LINK,5,596471014,q1b17vs7gjj836ttda441fy997qhy58mafy5dogsm4y6hzrxn2p1o88qm49kfhoy
428,990,LINK,1,535139539,iklgain6xjl601ryqjniik4blh611tgvibj2yvxlthixf4vc162dswveyld6idd4
429,565,LINK,4,983309332,z6ag2tkjtfze99zwajxh8g03gdnkagcs7n5zprqhgy9c2q0hr4t6dmmctytrqn70
430,85,LINK,8,10582273,tb4r0w69069v1prm6rn7otwbz9g49jx35y28qv7r8d0ve6r04gqduopkfpqgtyu8
430,181,LINK,1,976759811,kf9t75mi1mdpogvv4hu4ilhvfpv8zo5dzlp1aabvp6anohnhgezskqj3j3705sdp
430,963,LINK,8,477784477,pvm0ocazoodmdiol7qkdnqk5jzeutp1v90sbhl6egheh0x60r0ekq72u00ximb7j
430,987,LINK,3,524293755,q7ezmawprlmchp0mohimkov2cnf7sds0q32b6dkl8p5ze028nkrf9adpn1j1ltje
431,625,LINK,2,248619664,camq8zofqoww7lmeglvyrjnhy92hays22pvxxdzkd8qiuckaepow45j6g4xm3jz6
432,226,LINK,9,798319300,2gi4ky5wy2bspydbhhl9enua9czgpje96bktnph47nwpudj5mj7cf9la9702ocr9
433,480,LINK,3,311190129,47aado1nmadetjen4jcfzurzjy2tnhc5e97g82dm4lplmw661w1xwkrvmovvab9s
434,667,LINK,4,545000347,sn9w6h2ltuanvls5anhsjpl91uweslra0rlxx4582tps3nraauepldlcd5g4jex5
434,738,LINK,5,90845775,fbba4ow1zsn6akjzti5xe51fzxsyv8gzcf0s77dk0uks8ag9vh2x5ku37p39fslg
435,313,LINK,3,321409392,k7yfobo7u3hv4gj9i1xwvs0ep1tqfvt6qo97vo9s462b7o0p2t6rja239dsdd459
436,609,LINK,6,576761929,uv6zmab4z8wo2rxfb61xcwl1h5dierzgg2gktppb2n4lm99vt8659l6r2pwtr26o
437,370,LINK,6,776891011,2m9y7uuz6b5b5q8nmm37w68mhvf09h84uicczvudmtp48oozr6zqz93aow4eyckp
438,891,LINK,8,875527412,y096d0e9cv2qm7rq6ylqwgiimu8ns5mb4aywowl38zx7t6uv7xe4d4t1dyqtpg2w
439,7,LINK,6,108858266,3tryp2k5o24vw25w7kysfc0rkbd234mkzw2fhoxllkdtclzwa4k2e9vhwyppjrbr
440,990,LINK,7,557088460,shxzw3tm099o6u294sgcvvistagk1hwvvcjt30u2wermilaqc48vkuhepwteij2i
441,152,LINK,10,6005797,ftc1dj51vblvt1pa2ye7aojlmhzepnrxldyxt18107ijnmcoeql7jim2njse1ct8
441,183,LINK,10,87726842,lopxlv5rpcjt7snsvx0hfhu65aypacweudrefdmy8o5ezaxjyoubt987k6d4sp29
441,231,LINK,10,646075052,9uz71peocrvs0bdxqci1oyr08rvrv4qcmvw8s44ssvoukqs5l87elqq0pp8bhvq3
441,249,LINK,3,593388352,eio25h7v34sui47ord3xm02lfoyq831k56icfhgubye8efzwb8mxurlrlgxdc9lj
441,275,LINK,9,199329947,quv64aenxts7uybyeaiqgxyjv7ym96i3d3y49q3nzh2tda499jz5jx5pnc4yzzf4
441,319,LINK,2,635205938,71bvy5qavv4d30bo4gyt5bvndnbd8vjnfoij1gatxzr2g2uuppa3t6dn2jpqm8f5
441,409,LINK,9,12792621,gcwxgmanmjn4rm0fcmdibh5jmoo976gsafchnzvdh20se957dia291jk5iopfc7m
441,440,LINK,10,93362310,txq0j7jy1l19wxbng48ly9pgv828xi7n1b7zkxq7zbwjqkhpyglemonu537teekg
441,472,LINK,8,623535740,0mb3pcidnrtvoifbspifnwg0xjffy5cr87ttqlm4l47zyeje64xpuot2pk24mv8j
441,570,LINK,10,307200796,fl4zqf7ak6eviklpjiruyiqowx58aa1bs3hsnv3t25pkx6xpym2qbnsanzi8by7w
441,607,LINK,5,866733053,fmh7nu917voufhac4ir5k6gkwojnjz0tdoisx0memcszlk03k3xc8fs2njftm0m6
441,630,LINK,2,962750114,625tsm2wxueq2sfqna1ljeo0gerdvm6o3cefbjq0c9zmxbqrhxyeo3xzpdgm7oef
441,665,LINK,5,211674665,ju2fv0m63tbmgoubr52gkobcbcgci7gjfjg4w3snhbokckq3q5p5g2ka31sp48fm
441,713,LINK,2,71743569,qppld6vj47jzh1d6dpd9p87qkwpgx81ehe8zjn5netzippj6qyvbi967thohhu60
441,718,LINK,1,438380898,0oith5j0s3tlih6uc2c27w9z5kb2owzo6bhgsedsoqpc0l6b11qcs1eopwi0t6la
441,805,LINK,3,446629360,etne6o99768zmy51jvi4oa1jwv302fjzt4arqlhqvlrtc2xbch37dq5scj5rx206
441,807,LINK,8,93608246,50kxsxaafg4htndanyvvwtrig0s84uik1gbv7qq2kqy95idk85hn543xntcnosv6
441,849,LINK,8,20469853,msiiymftbqbsuwnepblveok88oysz93x1fb7q6m85sgau7narof9px6izvxzb8ma
441,942,LINK,2,91184921,eg2uyz5fivx6ipra1rpgq9ub5dt57rb3axs2rwlfic33opalyy9mqf3pym4d7u1o
441,989,LINK,3,148965191,48r3z8pqr56ddkz44orr5f82pqgpvln3jhccl8orzpwrvcnnrv3ugy9pvdvp4fv8
442,275,LINK,6,213146197,ppw6yvi7os7fq87jompjr0eijtbws7jp164utfydjmtfbfz2og22mae5673kvabd
443,222,LINK,5,961239352,4caiaaf5otw2v8yxlk6lyeia0grxudcegox8l8gikzp44g6wjowtasfiaxmbgja4
444,372,LINK,5,108282868,xtpmjjicy63bhl7q7rwjq65kte5wvg73ytfrxbgljbra6ja19axelx6t814nlgul
444,982,LINK,8,882471604,bhginq69k13m1cpdqzfglfo1df9xkzxtpfdjsnjjxyzqc17btxes87rwxh7xkfgj
445,380,LINK,5,107096460,6nubms08n1hm1iqlwdfhk78yaqkbn9ncnpywdssd2ewhyr27g1pjdely5x6yzlfv
446,64,LINK,1,916492411,1280b53tix74ek8z2e835xwkz2v73h5y8ag3thvgpiwj4apniedlpp1mwkra9ycl
446,439,LINK,10,416555790,odxq6udfybf8akfg04lh72hadoip2z8fntnndokv0n16bhuf7pma84z2y67it0q0
446,485,LINK,3,969659064,xxrkwmirwkgj2cqf8auyk5w15ld5qy3hg8g0grihfv8edlpcmkxpmmf2zohdewis
446,922,LINK,8,973235797,epccwh9e7unbt3vygr8ug8cb18m3u72yhopre80mqsdgf1o3v8qf6r12gojmn7ac
447,997,LINK,2,740214644,gg3bxms8vfuihgxbzln463zt2c98czbdb7tzsxlnmb24nx2jbpdr6pr2eyobmwjp
448,237,LINK,2,929988008,8ibsu74mmrhs3t7zrr255qv9dnh3qnmmabusxrt2ss0jeujxl0td2n5td8i3xd1t
448,245,LINK,3,386914858,03ibk0co3llnow3wpbjfxufrxlmgmu1x54lk0asbst2to25mzngfau7sr3sbgxis
448,398,LINK,3,788114977,tvgbwnt7trsb3qjvldqs4k1kgmrtxtnmsm569mvyvjkurpp46lvbp11uesl4muup
448,668,LINK,2,999188460,32knyjlmt4g71369djphgj85ku32rv7tbuwmsfyt4schjhy9n3wdzeoq2o52ty5q
448,877,LINK,8,551210220,ms8r3aziucz2jdx64t6udquwirocirj1ln0y6mpgkioe6ee4nz8lcgwsqbxzmmc0
448,899,LINK,3,956630630,usk62olm2cvwehfvh5gm1igvk36dnaq3kn6ohg2gyur4m7k3lwr2kcrgtufpse6i
449,129,LINK,5,748838800,glszfcy3908zwry5hacoijxe6vy02gcvjkjmxme6vmfbgzx95drh6equlmgvbhig
449,172,LINK,2,656983760,t4nhi7lndn92fke3ceu9bbql5yzycgftmytwlo4frm9xtu6ve4m5eu6e4wiv9dj1
450,563,LINK,9,357433638,dik1mjta59r080q5z8exxz4omr2s5o6wx2xrjk83q0m3s41e9pt42kevqtftcfub
451,261,LINK,6,611514058,7d79xmi5bngrn1lj1js6s16x6oemzx1ca58wntwgs1ovnhbqdj750ftcyyhaquyp
451,583,LINK,5,851139873,79v298gyhi0586bnreuhsczs9vkyto214f7mdicod270v5z7t401c37tlqtqd08z
452,275,LINK,2,809268102,n0kfhpcybz3zhpi5stnwe442v28crz671g1xlehji3ulwg7azzcgzpejou08wlj2
452,449,LINK,6,120064381,2z9wigmguj7sd1oqp4tiymu68it0x1loajx78q613gky1mn77mjcm0f1s73x7n5j
452,649,LINK,1,423595576,n808b5psv3m1j1glc5zeejs58jmalldt4b30qw0q8sfjtjvu8zjg9j5havp3p65p
452,806,LINK,2,890467311,i4jabes64ld7g1g4nv8wesvs3x3zi5u40qpjn4s18i7biq205k9vp2gg9en5rypo
452,941,LINK,7,680347457,cge4n6ishtbc7i3fjhvk6afs6bbusg9bvmex73wwuej6qnn85uou4d2h2tf2694q
453,20,LINK,9,762991823,560ex0bp5q2ewdvukj6kcxelgxa18ugmff9pmi7zog8nkbzzn9dopgq2ru0f88de
453,36,LINK,7,795020982,qym8p6y8zf3r2e1bjqs17ob3eiaoudlw68rrzo98azedefz6jwh3xgq1zqzxjmnq
453,41,LINK,2,626627500,b9xv61zqdzr9yzn8716n4ew605ste8cya3nygni9gpmt7hwpum5juo9qtw9fu5ym
453,48,LINK,6,735392657,ezjxrjuwkw9zzxhzzae1js47lq9n9q8i8py17fwpoj3wnk878tycsqx0zgyq6bhl
453,50,LINK,2,552165473,5ird784x5nk2xrgphnabteeykm4lyt8o4oxj3865l1fh2qvq2lb5t2ex6hbqo8ci
453,102,LINK,4,34222414,lpqtwz8xrgtu35wwvkycurndtwx1y8hefoxgbopyb0qthixbajn49trzr8055l1x
453,153,LINK,6,26234776,wfbchp5xdksgg2ji3k8e0rxnrms318s7z52490j7ba3toteygwg64by3wuta5958
453,155,LINK,10,859963600,vo4ifh1mh7h2aresye02ieoczsaekbp95iex2scvzil2f4hq2qsepoi7hvoh95oz
453,175,LINK,5,557425004,82l7h5esx7f5hy7uz819xw5btwjkbp69fwkealky1lq4rl4w9uvl3e5lu12qlmsr
453,191,LINK,7,121461506,gryenbn2bkv60rd2qn93xhq02ivyj7mamym3h4fwedaseqf3psa88tnny16qt5tf
453,193,LINK,9,982215766,bjxj0zkpnjsvs7tsm1qmbq5c7g94iilkkbf95rlu633jv9kjsqjmr9k069k3wtrt
453,205,LINK,6,64217715,xu47a66jl13wvztj9yqmag2d3ci2b9dscz5i3zl42qe7lubqarf2c8itm55p8hzb
453,209,LINK,4,919776717,xdf3po2q2sodgeo83b2btz1ljdo240csp3wtfasey6buhf2uqhig4js201051xy0
453,210,LINK,7,892205901,7a4odqxge23180s5jnqr0sw5luplvdindktyk8wnd8enoir3ov9k1zu0f4ljoixr
453,226,LINK,1,957706593,ivhu9sah0ee1ba4d4g4izlmh0yz1jvx5izbgin4of738rrvn82ytjsxee5k50lvo
453,257,LINK,8,581642549,0u1uk5115yffdedicwoonwjhjuuybmplzy0ic2xbco8998y3gj1nrxb6ppbi9jgi
453,267,LINK,4,298247335,m1j6rg0671nkvbvq3jorulc3a68fqwnxykzhadw3geb8fvf2o26t7wi7g5g92du5
453,307,LINK,9,742481269,xnk3n1txy7seq39yxvblymz2qy5zdwmibk6o5azecs5k1nvmho8ukglorqcc3u6m
453,345,LINK,3,897829583,8cn7uqz1rahbhkh3pqmpyy1r8124ihjenqwrgh2s0vg5zy7lc13u6q4ot987itq2
453,352,LINK,4,447018302,woa4vs5yg9gszs8oln3i2hpuwrbrj0w9jf6bqn60py89yf597rtpe5e6hn39oyji
453,422,LINK,5,872446626,u1lynf1wyoebfu0rby8hrq1p3mx7opht4qcx5mbeqkz2hzxkmiqa4v996x94ea7a
453,429,LINK,2,293720345,8eou4b90pvyq8bvww34541rdhql4uwc7ovogx9p2du4zd4bb3thsg8i1nrkm8bov
453,434,LINK,1,196830640,15garx18210zapnqiaqnn99q97qcqooh4y52slaxyattw56xvz22v3j85u7japan
453,454,LINK,10,7751853,d7pw9lsplx4dp6n1cl3u8kecwwgyipee45pdm9r73tqrm8947ez5sqzaiws3xkdf
453,467,LINK,2,436547073,wxepc6b4cuz9lt6ap9x4huopvi5uic25agkxiorttw4he2mihpif1435h084a4bh
453,489,LINK,10,575020705,ayiu36irjubw4lf3ni5ap2qa51qthc29x0crl3ayv6hylhervlieipo9pb8a453c
453,508,LINK,7,680573281,k0qvfnlfob94b364h1uj434khjemw0q1o0lodxj501wlqoynqdkdazgmqbtf34cc
453,530,LINK,4,884346285,x55j1q9nsqxvswc890vgp9scx25h5wdkb5c2vkleamw3stzxnlf0keoshhhca5qc
453,542,LINK,7,677173378,8uto3jbqxwewc7u0qy9w4ifibfimp17r76y8yf6ks2vghvokcfsftu3dci5u2qb5
453,549,LINK,5,529674555,euhii8ggiwoze0mxg00f15sokngvkzamgbru0ihubdy8v0xrsoucdlyjdsyqj2yd
453,556,LINK,9,747060336,trp3jklmk24xlcqaco388rtuhutvpxxfyjq2e3wlsub3yzhggwxzau4zyh22omr4
453,606,LINK,8,842523351,olhgx3kinnmfyy7340zumi7ztgg7d3ntzi1aw4vbk1cauf1mz8w7d0wp8suhwihu
453,615,LINK,1,154524939,i5m13w8kau9gtbg7nzdb0xu095nidehbupztw86ewacba4o3chg2u1desho9j9p0
453,616,LINK,4,140970257,4frv208ywf6ts6qpxkjjbx5sysv3hvilvdzi0yfa09w4s40lmpinim9jf8rsvy67
453,628,LINK,6,73653447,36i2vdbkhmfeglwt5hk8xvhf8gliapzjsssu2yk3oqg0bfkxyz5p6u55ijn73hy8
453,630,LINK,6,165643431,cv5rq5guify1r6ffalhtro54vxq5a4ce69dcp0nbhtk6gjrcu4lmx5pxdiau010a
453,640,LINK,3,996815752,l99o6rqbvfkwutelvb77kpvoo6j99kruczuh37gciyqglmtqha2pg5mi709nn58h
453,671,LINK,10,346383488,olzz3wnzhj06npdtw3kr1monlkmglyph8urnmb9pf8j297xemd1dctitnaahgenp
453,673,LINK,7,736462480,evzagj8ciunc6b2m24v3kr3ydvcdy0sty06szs0om16fehuaqrw20vl94qnvb5mm
453,680,LINK,4,191111393,troknxenjr76pf8y1lkzni4azi0xx7u6qvsbgzxqovfzrz2nswymk5dyki3puk0v
453,693,LINK,7,872831421,tszwb0153s3ggsegxn2lw7fo3zzwidy4xhmtzd1d4vqsi0i6jh7d3akjvcy4qven
453,699,LINK,7,574750772,if0zeg747gek079m3gvxt3ka3vibmoq4chrcuaha52vcmr0gj02e8lwm4rxdp5q2
453,704,LINK,5,288384779,11mn06duutmw7ka0lw23utdkoda09vgixjtaeix9g61uj5ok4vdlz18gb0fym1hp
453,705,LINK,8,647478453,25mrt8zmz8g4hx4x7atillp9f8iig8jmvveg8j1phagehoddxqpxqsl7xgu13cwn
453,716,LINK,1,849191378,yzg01xgatiyl90j2acmwc83to739xq0dg54x1g05ov930zbcki82iicjfng7eqqp
453,729,LINK,5,354552609,vjt54haw24a9ky8ixf7y0bx583r2qupiceyddmbna24ejyirbtx6vq8lulffypqc
453,738,LINK,7,916397821,zpsbxqbs8343744dl2qw78fgdilmtvz4qb6uwpolmi2w72alxdcvoavz46yn723e
453,781,LINK,7,483791949,zhvgb1e18bdkkbmvh4nm1sjrtfantakmjqvfslqsn2ptoncmtomn8n9cj53tmrs8
453,812,LINK,2,617045781,cqshm91owaxpghd56vta5lb1vq5lzg895ppt3d2dyecs3sx8owf2tkf987zhnois
453,827,LINK,2,9054977,t21bxy6mz50d33870asefade0r8glqj3g6y6xemjz2a5dp7rnz9cfwq93b2ch8xg
453,859,LINK,8,504687662,x5py3olmuc6c7nb4p6z4whzi4vahnzjoeab4v61e5gku3h3308q2izlhe47f87ir
453,869,LINK,6,973281157,g0tci2fld9udf41eue7zq1fzhvsqg9o2hvqb9lql2z7fby1jxx58yo4qx5uw1bsw
453,874,LINK,1,227446092,8nvxk0y0ov930vqdu2kdd8enrnkv2z98wina779d54fnd129s6dkmh9w0rlao25z
453,885,LINK,4,214392982,4oqaki36dve4zl940rg5olwtsjiqyc3abfsaz3fi36hg6u3qwtojtad5ghe4aeq7
453,891,LINK,9,977127296,a70lyd2jvlr5prbrlfafy8za9heznor6xx7fx6vpxcyor8jfs1qs2mfwz3aupi83
453,900,LINK,6,208862970,do81ij2rc343vyf1ytnd1uz7vcrav4m772jkefc2e9brcpke1z8paa2kawh4xhxd
453,917,LINK,5,538383665,dc70i2bvchjcb3mwsmj857ucv1hay717dnp5q9l375980cm74fciw2bk1nveubvj
453,940,LINK,10,892804668,1fj8574h56nlvun2e3thqehnw9svvf4j11rt932wy4ajom403vedi4995jhd3pgi
453,946,LINK,4,659731296,rff5v31sus1p028hizdittnq1knohrogogiawmb4gqrnm7pf2nyxdawnxn0li2ce
453,956,LINK,6,646270134,uv6o4aeuvacd5xb3xhnqeyc54uiut2d1ats79klf814xu4zn218l3c6mjj31uxud
453,959,LINK,1,226352511,0tfp74twhj1mg4vna4g08hjbqw2rsqbugsis15q33nkg50ui4wpoiopv2j02kywx
453,963,LINK,8,913291854,elxh2qyhvtkn5m40lz9hsaefzrd55rgpd78vznr1y4vgvdunztdt4mp80mbq0lvy
453,967,LINK,8,794438416,9vwf7r9eeoxw29eodme3tjlvni8qf3munr9ia6hfrs8jxqj2l2iiyu872zk75js7
454,307,LINK,9,816382484,5i4v0cvz9k8v702jk8zbompd9oybyure65li7we6mrsoxc0caylhu6gk9w7p6n33
455,676,LINK,5,646311078,loln4dlj5xqmr2igfspulg2pda4kwv1ru3iz1vkyf0bju3uzta0q14s6455y3kxm
456,393,LINK,8,51913212,hobtgw09ownuo2hn6rm8vltzj9jsntnz05rc3qu5vp0nzynkpgsn149cdboina6z
457,785,LINK,10,628108236,0bp932kgf91fvby7ilqo9agwow1njzc9tqxywixs1wj6vuw08s556genvsha08gd
458,174,LINK,6,222662887,1iq086v4efbjs5clgpaa9h9f46ohj8xf8kj4lxshmqlamb8ktdkqlhdmzznkiw8h
459,277,LINK,6,126767114,glgxigibw9o0ewcvoy2ejcg6k0xksgb4ouy0859ddeu3uf8m317dgusfksevle3b
460,236,LINK,3,568176088,xhfhaa3no3k6imn5jxch3gylli5edjln0wg7zq1j7tst5q9cp7vlw5orhddziinl
461,990,LINK,7,991774381,vnnm5ut1btzngm15ridsq64ukupjcng78jjd0tryldfstsepi3rvctm2hycz31vx
462,363,LINK,9,875887214,rl1ityazmadr8i2whkl3p31r9c7iv1ohf5uehp3hmao7918m4wequll0gktmrzak
462,943,LINK,8,299142892,gdfowzn096uwpx44hsiv4zjtekjs5hd1qtjeogx1a55zmxo7s3ypaoxneqpv8s7o
463,96,LINK,10,290309329,x5dt9k3ztqpcdua56g4fdosatubeqkf3ya06mkcm24yyni2mwy3ticqz9udl1e3v
464,354,LINK,4,405142914,zsqazktkd1f4t47q6ltcikmpi8s2c24id0ra7cbjn1e2dtbrfgeivm2pkhk9g191
465,151,LINK,3,809970049,r84jenpr9qxys5gn0982jljii359fhkxko1n2b5ntdbdegfymrphfz82tjz5r0xj
465,885,LINK,2,706045288,ub2fb0qu23a96qewn9eoal79yn9w6wb2lh1vsxic1b1mng64yn5li5tahil48sg6
466,591,LINK,9,239814367,1hdcuzw6m2ltzeag5nqkdjp7tve5sb6l6quh2vopws2559oi4r7w4xrat9nzna2q
467,410,LINK,3,182612512,2k7xtq8sevzzz4xcka56ce9lhn7gljxbwesjkky8hjo6tezfkix1gtlbi5zwnf1l
468,852,LINK,9,344991807,0183t7qfdbmlazm1p6noy9i4p0prg0rewuti5ke8finbjpsz5k62vc9is238g5gf
469,255,LINK,7,786937981,6oudr0hb9qrp37m7oi1t0zjl9grxspo6ijx35s2mq9o6z7zj9j9to3c4gqqqdmvy
469,991,LINK,3,909475150,3obi3io0tj6lgi8cnun426tugoqp3h7b0ovp95d6y1e3a7xcyfryoc31tcslr58q
470,807,LINK,8,873168011,t4es8ewo9qb1jnd3gw5s6jx7yf7f3wmittcwkjy7a2tz07qb42s6o4iuxo2ph5c3
471,57,LINK,8,964835291,vwuh16ck63wk84zxcc1o44z4wlxpffa5c3ay0n8ov7f45nd7zb9yt3qm7z7zelod
471,83,LINK,1,332396811,3lxzfnl3iibjpdw3kt4trfvrqe7o904p11uhqrgaod36mx42yzt02zue6yka7igt
471,108,LINK,1,874383996,4a6cqb9d8e9fgmu0m3ljrs1juyzvjwota48mtmqat69b2j0nmt1snm14xa1b5ick
471,147,LINK,2,558433574,1v6kofd633g2gl8qctwrq967f18gk8a6rpgpb6cthmbxts3cbq1xaov39taafdir
471,232,LINK,6,250199856,n8q1psox5r4ijzz4kklj5ejobfeizd7xaspjrfomo1hea5gpkk3boytza4teo311
471,234,LINK,7,617263389,qzzczjyvkskamgoksmga4s94306cccfyr1ekcsed5md0maks8l4nhuy6808wm3ze
471,343,LINK,5,498388171,xbxmj0rwot38y3oa0bopmes32hmmcswbyp88i2dqrjvrwbr7u5o2sis2tyt9lzs9
471,388,LINK,9,86073022,i7pjcqrjopigek6kjlbyotzacq646b9sjb6nnncnup0uf4okvnxid3lw5gshdf9v
471,455,LINK,4,571524982,ym6mmopltiuqx4pgnihcy62e7xfphx53azje8qjcsaizahen05lxu0ij3wjt0zgb
471,494,LINK,7,887875847,0g7se4m4vdae5qob1byp8mbskg7278686tjqqmvj1lfpcom1zljtujzm1tzofh7k
471,636,LINK,6,981051210,wqek780ix4ifofy32zridoj20h82458c4uq9rkqhpx2kr8u1plcrfi5k5spm5tpi
471,771,LINK,7,524030750,dylba0v2cuqrnxm1umshi5nv8xxtwoyqewkwdof6szp1648czwakdyyssumbt5zq
471,801,LINK,10,670028164,5vybjby5jgrp8fc82keorkgpav655o5626tcwqox6mefnwwlkifhsb1obo80lycm
471,833,LINK,6,508093543,7joc1bvbdwkqp41ftjweflu9msh98j7a4y9l14cbttt41ixk3nrgugfczf3ponmm
471,882,LINK,2,112096514,l78itilt3vik5m2crdmkg5d8sr5fslliyvuyce4xgiiuqm3qed2yzso19sh9u2iw
471,943,LINK,9,633667189,u6t2r0kzkpw1h9popnhle3nj9n467gd5gvb80061ext1sw4wlms61asueduu2va7
471,983,LINK,3,400264643,zlp7komxe0rb5r2zn4p3ufqdbe8cz1xr770trpw8j66mikcxyfod0qq9op8i47d6
472,47,LINK,2,347463535,f9ww6f1f6k5wp2nj4eql1dqplhcjzffd9cow5dicagivzt5hkd9my29pv38i2aw2
472,124,LINK,6,906664811,7c3dn8xp92shlckwyzu2izpqxs3dwvy3udmzcq6aiapp9zfrum2p21weq55t6qjf
472,443,LINK,9,327860723,1o8v1fruk5nde6cs6s7y3asrapcrbp6hmmuiqjagb6iuam292arn57p4anpryr3y
472,526,LINK,7,273596294,80rwk2tlmgp8tnq9udrnr9v5c89watfgoihidzje64baeknm0n8b82u1fxikkumk
472,670,LINK,5,188521232,0vxf32ufc74mklp5svyzl9k4uojm09c048lt79m1ut1kiw6f03sx4th1rzkmif4n
472,671,LINK,9,963408490,qv99n3wbxbyp617d02ozzmu01bx2p0fb8me8413k3dhu9alajwcnvrcfpsniq395
472,741,LINK,1,630138039,xcl6vbq277ncm1ginjvcs0t4fxrbu2k4kf2k35zloei4fzv7pqsf9nzkciwh6g6m
472,798,LINK,7,366745057,qnwo7yd171oopbu4ekmmi6is5osc6q745nr7ymfrt3yty9jcru27he2nowrnxyve
473,153,LINK,8,734481785,xj0dbjaat2tfxaej9nosgc34t77lz56wxc4px1ahtu9jocba2139cmxnwmfdosxy
473,419,LINK,4,524068247,0o7jqofvuj6yokom9y3voldyc2jpr558gqe6pmg3ecq66opza1o48yjs5fle8qt9
474,88,LINK,1,53512072,h183z7xr1l2p4ydc0tqeo2klfbr1s9012di3byy51l3j834qy7uvscec3i7v6o8t
474,140,LINK,1,561683368,srclkf6j8qtbblxnkjsnf2n0yt7pp1sqck2m6ooie6197v84dbkswgdhwjr11eon
474,318,LINK,3,529233931,rpe5dy2g7cj94tewm1ddodpn289x2g092anzog6l47dsarclilb8l3k64mzlame2
474,946,LINK,8,592086715,b8hxfuu1yojcrkbaqdfquoolno4112sql9fae59w025akg8c0x321pbi1uztl0qq
475,385,LINK,10,827881243,gm8ql3r1jdnh6rxps4o8ufy9was65ys0h1wsjbqyu0brkyibbzo39lkad9yomy8p
475,597,LINK,2,863564064,oymv3phbxdhrtd2zjy407glce4rsm8tlqaj00tvbw7xz8brlmzblyavq1koerhdh
476,351,LINK,5,398739083,2htx2vflkv9qx8p2scjx0t64s2fdrjgfxvhh3nidjcm3kiqq28vkohr4bk6mwx9x
477,267,LINK,7,614417911,bwm7reru6t8cm03osht8b829xcm03lio60p4063v1fr6dihmc6zzuj5f3e8tbxmn
477,752,LINK,1,621834397,5z7sq72297srkvnt78z4h10w1r8t5zlxzdeqmbsa9ho6psfj6krhj16i6moh8065
478,492,LINK,3,40841858,i4589u091n1sbjk6giwv752unq5vww9x1mq0f7ab1nn1epuaeeykw6wfy52nku5r
478,547,LINK,1,655620049,mft3cadlh61hi5lay75jntfaa2omo005qpqdabbuwc2moc5f8mksti1l1s9kcyy9
478,779,LINK,4,479846844,xcpgybrunqbv3orp7ifm1rp3z2wltk42g1lxswmp5wift1i38lp2gxqvjib18fp8
479,764,LINK,6,185668068,0x8sdh8ymhixpizt26vl62oiyigrgoe2udhnjjmkago5r1sbabf3rl0kn9bql0t0
480,563,LINK,2,1174403,gt16lukv7jvzcd2gdz5e13ox8pg5t6bkposmrlmdjn024sysw9gtuw36engsfftw
480,941,LINK,7,312581533,xieao2d9hj5ydwtzbqz2mohzlrlqoiqpfylsqbsusmcosn1g73doaldikactn78a
481,484,LINK,7,878083217,uyic7murdnn9v4prd0g51mfzkqjdp3w2kq65tocwsdnq7qnjzspw42oxf4rhiwtj
482,547,LINK,8,568899032,nl5baigi3szys8krmzk1w1btq4x8fwyk1oe7n9s98izznbediqboqqyk65g2nde4
482,606,LINK,1,842858871,7t9fcds8c6y3ssmzk73w99u61l8d4qf3o4psdyuk4nev5skvm5nfqokhdgsk6gac
482,664,LINK,3,587382901,pzkh8zffz4igs66avh0da797b0ml2hcklz2fvj44xqo9ufc6k5r56v8cjtxys3dq
482,771,LINK,2,983053774,e4ykncl2pnzaow1hldlry7g9qaw101vbpciemdvyu320e0yq2m92aej79xatl8ho
482,861,LINK,10,958692707,dr5392z4ynl90akwev1vyjw3efmxsmtmwx5dkpjndgg4t1jbzc184wokb0pd0jqe
482,953,LINK,9,383885482,4rzugpabnaqiafjr013o0ov7ud4hxzk73k0b17aj54tfy74no2vbhmz7gy6wk1jm
483,18,LINK,4,992467762,tylutmwkliklnmtxbr6m6aq037899zydmeexjqq9cs3a7jijrrjpthknncrk7fuv
483,245,LINK,5,717495238,2g4hmcs0eaefa25hn3vdiyhefejtj8i0as05d0j5ximmzgzk29zpvoknxo69gf1d
483,321,LINK,4,93118409,jvtb2t3i5t4yvef10rynacw0dxplg1zf1owhphf6xd9ntwlr8mhpqb9cgz3bdmwj
483,447,LINK,2,522197007,2rm67ptnqitkxkhahuihs725sv467xgjt26b1dj5uc6edior7ainqfb72nih1oz9
483,611,LINK,7,582810639,8uqwz7vni0cejza0rvs2eyi05p4nh908hgd7bmnpnp6rf3iia0l15ww16vdnwab2
483,702,LINK,5,826328711,iat5c6lzgkaa8qatzn8bawhjb84g8gq7kjpzrdokona8e9t2uq8azoiegqaalcis
483,843,LINK,7,102999553,uvs7gru7xonhw193m8rpxwld8kp5dhuz9tp8fqvqh9gd1el7lxanv1m50pbs7t6r
483,849,LINK,6,435024400,380ivx5zci2okwp4rncoqr68he8oplxn6if8rpxmu7qwodx2nl3behxneaiqcusp
483,851,LINK,9,970682108,l9hlhmghbxj3r828yep9jb4ebc97ntyhbp7bc93cp04xc6xnfnpb9jm32fjyudk9
483,864,LINK,9,65789897,ob5g4v2vnuozw1pa1h31cc6v2za74r3fl185lfcob89rs74ny5yonz0pgxdq451u
483,992,LINK,2,229011365,i1e0ircnsubezvxo6qb30topqizl6w8x89bbni186ncn0afh5ulzrrb3mwl8cvjb
483,993,LINK,8,882562819,8v129ihlm5plmgaaoo4bv6w8h0tggcuwew8zboz1ybi9d6pzh2kebbzywo5sigpx
484,196,LINK,5,424221215,ywtdf2w65nbivkhzszcvwko1m81bt0w0hoxggtti32jnmbw38fxugk8yg6tjig8w
484,275,LINK,1,704143197,2ao1xppsw6xxa9831sr5ywr09ptwk16nfbpe8q01m2rejcl4298sox1j1dsgkf44
484,400,LINK,8,358480062,r88m7fckpbt71598p8tvzjz4t5porvsn8yd3oowsg1sdh6e4fe3rchja9znx8th6
484,758,LINK,10,650354707,ymflj6jsbsyg2r8dtqphzdi9p40dd5heh3zhqd0p3dd4sv0tgkaaaf4vks6oscsx
484,887,LINK,3,662120594,wx8w3k82d2ezpb4qfb3cqsaq33qgaa0ymjn4zebqtqu9ult205kcwznp1j9il578
484,911,LINK,10,639380873,82fuwqp07yxbwdobym6zcva02v3o3i60tsi7rfmdx2n0ejtjfsfmmzw9kkbkmtrx
484,973,LINK,6,321205704,84nnvtdsdxb6u5tqmp9ywe8sg868gf2vnqtub7bo0mogq19jci7r4ifj060ogiqr
485,673,LINK,8,789462029,9q3llpidz2bq9pm4nm7b0yajfa5b3ro64cwvj1y6btqjgz995n6ic2szlrtnsrit
486,453,LINK,9,864490932,9kwcmdhyauvqnymcw6cyg1pnzdgshtwmvaq6wq9ps4urxygt0fl9hwvxnr5s00rv
487,139,LINK,7,821652702,dbn4yh07gmfwm8wsf6x7079o2lf6ezy8nyw09e5d47ny9mdtcwadfzifwccum8mf
488,481,LINK,10,54362969,w6m8uqc88h0hqwvo6oed78wxrmpa2u7km013s1j61p7xo4putslkq6nb814m14ni
489,490,LINK,8,6040683,4ze1f77eb9ibaj2xqlal4kz6nxurkj3tfer7u92rmbhzbhpscgmg8jj93em3srjj
490,665,LINK,2,302091162,5n6kt5atx4wninj0m7cwumxewsedb0nca4v1gm77hddxc23814vfqkt4hl20yxza
491,238,LINK,3,393603135,tyvyze4q8nsx4ytxes70cyc5ikddrdl6izs956ywk1w4rvlv5lqq7un1y5jut71w
491,332,LINK,8,966553105,jijcipfxw93tt1qlhujt5257k5zce6cg12xu5y8ld24q1rj2aqays81toanxafk4
491,825,LINK,8,791293394,kedk2wfuqwnn1z72rr13etsfai3oae724xf70mgafasu4izhtq7ypncmufijpctf
491,840,LINK,9,340784574,vrsm8tm5ry5zerydv1eatzhhlmjcl4d22v1dqqrtsz4jd68l8wlvxayvjeqrfk5y
492,450,LINK,5,197532253,0olzv7why9filrrctoci8pm3i0pyeq6u27y05z5lqfhjo6jlsjheeyju9d7hsruw
492,467,LINK,9,525369049,ht714owzhqsokydsyfrt18jhe9v3o2fz95v0jf56c00os4kmv1psfbj34132iiqa
492,538,LINK,10,238906286,dd2ifbcjq4dayg6z5fzeohxcjcmeih8fr2lxp9n8e4fnm2nlbdwu29zmgygfoo06
492,623,LINK,1,724182465,ozd38rdtrznwzmt4sfmk7dbqho4bam2fkhwbuzygem42yewqcsavdyczag6ac9we
492,701,LINK,10,913618160,dlaqspe7pzhfatpd893k8l11ue96kq61z7r1u7imndz01av2k0j77ru1q8xb7w6c
492,874,LINK,6,322774281,159wx9v9m2kl40pdkxyi9t307a3c9y90y6yf61lpyc15qx7tdspvsm5tslzglkaj
493,53,LINK,6,440958678,eo78uifny6prgsbfy4jhj3o3brcrzcnm2j095ze08atnwj6d8w9utn2hsf6gi60f
493,142,LINK,6,2135276,u4pahmnb8jkeefxyw6m5di24bwedjj2cbzxngr0459iwqla21s9bbihrqet70nrd
493,393,LINK,3,569885381,kldbmmar6tlty8g36meeokz4o5vihmjsy2jxju1lg11l1synzxqsa4pqo6eb2tx5
494,284,LINK,3,106121704,znoahgmi986ema3ehe48vciowr9928bbm0wfmgtbevqmoxw1tbu70t94u9r1wgqh
494,322,LINK,1,260861025,q241oa3qcs2ejrc9la2690dnxuvplw0bha2p6y8ty8p2mz5olcz3xsrj5628jsrh
494,453,LINK,3,649934720,4vnywgv4evibq7fkfxlrnyk40v8i1j6e0dlpezbw14wgp2bot7fbb0fjkbnvwvdv
494,513,LINK,7,837104255,atfqo5brc2p0snj8mjg113vkvgexcf09tzjltvga5e39kxw58qkru9kozftdadnn
494,713,LINK,5,643360908,fv4i87h6ht2pkiydnevl7gsylnl52wsxb9n4ghs27maa40s4d943hloahud12ax3
494,874,LINK,1,602252119,kmqm1vcd93345rwvmct49lmy8esvbpnd9c8pa6fkrdp93ohmetyyy0lmhlmguz64
494,991,LINK,9,958207562,wxw7hpgmdmwkx631yknwpeqtap5e6iqf5v19r0d9zkln5jl89jrxt2w40l75lezz
495,672,LINK,4,33312310,n7slushl1n7jmwapc2b1w5uh258mulq0ua5vg17va0kl739d27elr6eb82k8xch2
495,763,LINK,2,227259732,o20ws5nxm4e9u0jiaihy1z58a157mdtafvyqpf7qc4zt6g3otryzby36jp6iicfk
495,859,LINK,2,739077616,yttr5lvw6ycjgp45yaivvsalrl35q7z3o5mg2asl0uqum0l7vlqghnrfo6m590hh
496,626,LINK,9,977325722,ae4495eyf3xe0lwhjn22jyvqnwjaisia8ps70f37lshngkh7qfkmnxssbg4vyot1
497,611,LINK,6,422950073,ijaeyi5me4j2lxz6wumglvn3vslfemjnz2f5k164g0sog3nu6o5zc1k8bb7sjsji
497,923,LINK,5,543519517,28ztf8hvdy9m5nilmvp0p1e86azrtiy5othnpn6y56diubtojxtnkuztr2aznbyv
498,348,LINK,9,119320460,h8fewq4mmg2sajekmpzpmhvsdgs46q3xv2xh80dzdglxa4qrw2hyol9nxhy6tcxv
499,340,LINK,3,695166975,0et987dygst4ty5sq5njgak7t0yfmxmuuq0i7rg2w6dwug8fc39mwd1onqhi83pl
500,133,LINK,10,991880972,oijuvpooft64dl8shiqzwt5fnmj3g1shn3zyhngakh48kuk1jlf63r6ueyajgtfh
500,248,LINK,10,29990170,fqz9hnueic0ru96ex3h6itz12anvq95yfo2d7y5wcnda2vekvhhe8s9rcmj4errq
500,938,LINK,1,189372980,wc4bmxfzx7i53hisomkkhjf52pxnf455dsq8hcujmiajz6d21qeweyg4zngdreoh
501,194,LINK,5,352376296,yu93rw5d30642ienwv6o2d74bb66u3g0n0yi2dzkpm34y2bqfsmt8vebpkc7pwzg
501,567,LINK,4,100685007,j0lan5v4u5xybirgtzbbcb1defcujz1zn65wqcml2sp1v7kb6vlnb2syei4f2fng
501,824,LINK,3,860120873,868vioa1k5yjs679ienr9bc3vvejn7h6tnfei5q18vgrzg2twec2rfa8562yvew4
502,128,LINK,10,861610684,sbvpt401olnqrufl7j40f11xgi5bmht4tdcl702pgbyd5u40w7s4yof9t9636jfs
502,614,LINK,4,473095576,z0n9rcuelhm6vzjbaoxkpfbh4qe8rcibihjskddf9vm6mo3r7a4ker2cvmytfceo
503,602,LINK,6,632394312,to8xuvtideldefuln16rz6izy4kktapv4n13kp1w1vwhs8jn63o1h54t3zjtwr2n
504,600,LINK,6,156939125,13279cwb6g0d4o5ml6z7751hteqirroo25vk5ru2v5ez3dop2bdvy4g3bgxc4lys
505,580,LINK,3,487929209,4xrfw22fdp2fd1ax52zofwsvv3o3xnlok8hdcgy8p8xut21rc9p6whf2n68n058r
506,1,LINK,5,193819924,6tqyxvmwtm442vvd0xjn0bdolskkpb8f1ldufa8ivvyun75jgvev05sivq00dxmd
507,145,LINK,5,482398854,4rqh4mlsc61np3nv0jtnbncfrqe6quy4wyqr8u3x60hl1qqaj4l46i0hd796lctz
508,335,LINK,5,168657780,rf40weh8im5vmclyoa4ut83stuglep8151hazjyfsdpzchix2ua3aela748bfsmi
509,210,LINK,1,856178403,ylcat671d3kc0sofqhbbrc6c46nt6b1qbnx9ci4s2r4424k30o332p9d64gac2pe
510,469,LINK,4,121319406,4cyvf4ortrlpc1uzvbsrgaq8ataelacunzu6qk7pbueatqh77pwj10li7n2kxzay
510,901,LINK,3,624790876,36wtgxwjei5uycxwg1661vz546n5oalqxbbawee759351ydkx0f9dpo434bj9oxq
511,374,LINK,2,709352141,78tsl5n4f6mtyc0sp8ttngpjj4pv2eanwpa3ggvtqox42expiihuhvc8azh8so0c
511,382,LINK,8,467471330,02p4hg03j18agupkwi1x7zjmunnuk3f0j19a3wfl86i6a47npkis9wqy58y43e6i
511,446,LINK,9,822532687,5j9he9z1cngn4fvdnfcq62ahrtf0md4i5y0v6qiz57gcezja7mxte60jhm40pyss
511,485,LINK,9,558295830,sfhye8okz0cn9teuywq8ksislyoqzzgg5674j0ohazxodlexcg3c6zocz79bassp
511,733,LINK,6,29783330,71cqht633uhpgxgchqs2p221wura4pzeb1s0yk71yrybor9x3g4fu2liztecfqvy
511,963,LINK,4,946272917,780elmg94uebjbly14dib4cpb96m1xljm7asujk7m4u0yce7o9ccme0z1gqdfjhn
511,998,LINK,7,969444392,wlv1yboqcg58m1sy8bsue49gff6l7o7htgwt6wwlgny36nn8o1w2m572isuz0d63
512,92,LINK,5,437211742,ta2ldni3o37kjk3zosp6y66c4e697fg7ey4dqixl1wt4sto24927kurhwcsq1i8y
512,982,LINK,6,47487797,k6mch3pj8g9sfv5q6d51uss00apxufjgnwasgqmvs2tmeq40kbzvb9vewdbzqjks
513,82,LINK,9,345871266,btb9v9n0fgu09oalsjul9z3ovw8er84u1m3p7fwxmokn33onurehx52z4jqa7w4s
513,260,LINK,1,88697987,f5zlowal2kiknoe7efeqg2cbm74bl7j92a30iedaisaw5hk0sraa3xxfucwzp1kk
513,679,LINK,8,496480489,qviqstvv5piol51fczy6ha45onkjc61z1tj91h1qkh3wvoimstxen1f9sb7r94lz
514,746,LINK,8,407075966,i5f0zsfx7tco1stfxtcu0ubb5wo1ek0w3uzkog6y3b6xli6epotk207mkpy87maa
515,965,LINK,10,754767586,9pabb71pwmmmtb7n17dp4rq3zbuv0acravx7l0gltd2ya0hk6qehl1flm94tt6sg
516,648,LINK,8,692682640,bjv5ea72th7htkf9wfm2btd5vesxj3jhmkm69ozy75xx5m0xgpu35c8c88p9ppdd
517,201,LINK,10,578405026,u7784uw588wzy2aq1lfz36r5g4dbsafkkzal0su7mvcjmw3p4gt3un9h9lvgc4h7
517,318,LINK,1,275030227,pp21tskwq3up95cn67z45xsazd93819pfx038a4xcwb53zp24k6dk0jkipiaj8m7
517,473,LINK,4,665088346,2hdo5qb5pl68ods6df457atfojoxtzdiriv1y81ihco75cl520bgugrrd7bnzluu
517,945,LINK,3,903257252,0x64qslcgh62xzqzb0d1x0jdwol2xei576rny78khdcnw3kcvidtbdq9awt8xd77
518,348,LINK,7,829531749,4ipu2hsq59xgo2esz4pjdvj5018bu42r9ff38gfl5p6rxzdd5p4zruseb5itahur
519,236,LINK,6,679456085,02b5t4ghdtf0zhxs6mhznejns1q0mcyamndnikd14jhbi6aj3xpapxcnocos5b8y
519,256,LINK,9,67757568,r3c9dv8kbj65d4yl1e4a5epw1f2yuajs72zcvajsnm1zvv2besvqfynzbe1nihkc
519,945,LINK,9,39274961,3m9rl2ctkaj0g9ioa4jdusf0wmctjdig7ld3zgtwhmjnpbg3bp8cdf24ze2it6xn
520,220,LINK,4,629170970,7jp9jyhegedd1xnio0aik55pn1he7pstwqjwk0fmkak3f244zmivbyavn0hsfso8
520,966,LINK,5,160006594,mg3k0p7lhit4bb52j4qaqzlhjbf27goe6g7m447skvmi3wfaj82215ynndsl1lfs
521,723,LINK,8,183644200,pjmvhik4jxvm13qyrj5tsnrjezxcibe94pgtoyswanfoekqq9u3kzvetmljhr6u2
522,623,LINK,10,362768216,5hxgfy1b5vt3pr4et71pf5mggzeg35f5mw8i9myxeen7cmfm4lqw7p4zbsbk9y82
523,23,LINK,4,581620988,oenh3ex8vy25zs64xrewx7aw343l912em2748ugux3r00tpaqn3jq02cm5dkd4gp
523,83,LINK,9,317124485,du0kha4p7z0n0h3hjl6wmzfymezybovzsa9gexxf1tzx9gjyggsygnc7ulmg7oai
523,97,LINK,5,19930861,o83r8kb12brv3ull5ca1lw9slr0nnmm61tauzvjg7ej0tg7xq8apkzydnemdsc9l
523,121,LINK,10,172912844,s0n5ges3bedwjy0u1mij6lf1vrltby6mzrwi106zga14e9nznrxm1ankflhyf0fq
523,252,LINK,9,118046483,l7o7r12srk81gvk3u8gg3lr78bi9umo40467oaxoyikhr2a674rlclnk9io1737k
523,303,LINK,1,996428128,lo0ctyppeqp3412c0juvpbtcrszl6hwo10s0vfx37nsb4tbh5jwcsd7t0ml9it9w
523,348,LINK,7,808228181,6349c6gd4vriz0wk3087o1w1ru1b0qkltnj90pa1hr55y684oqudlxnjdnunejbt
523,358,LINK,9,150453106,7bh9rqx37t0mrzls6s2ecvtgb6wa1h6f5gdkqzi0crtxwuuyey3m7j2i81n7noyw
523,433,LINK,5,776475233,kbngs7wwqv5hswtafrsd3sq90gxrg97pnwwohogcjvws2zm279rvvl5pxg2a87d3
523,525,LINK,9,233019937,16t0wesynx98gnzaf9p4nhpgachnw5d6249nq42779ua1gg1c3jsaqn970hojmzp
523,555,LINK,10,22630965,12d1iyc24g4n8aort02c5emendaiszkrta9s4qxy7pk5v8oj2zyri7nwsh2vtcau
523,597,LINK,5,212745901,0jarm3eynw9gxoiyrpz22px49rk569l47kv4104zho8f675ig3gicmfutz2aqlxg
523,605,LINK,2,326258483,b8b0hr2ffbu4qcbv2ct4v7f0q3p47fogy7spctkqmvsfgcxp16txpasbfmagibbs
523,621,LINK,1,460515974,6nqz4uv5m49f1s8vdahdya0a0m0b1e9dkcdi4bm4rsc9qszh7i2zztubq6ec424h
523,741,LINK,7,63899295,2elcl2c6xjpmj2sl6xv2xe21xg9f3im4xyev7mevh6nu9ukz31iecmmo4bbz1ibo
523,747,LINK,4,601268498,925hpna8i1d2pbbb9nua6wwnn0pi9lf4aftbwn8izmwtre28rlokcj2leqpgjfth
523,819,LINK,8,18833734,jwhjswax62t9ftla221xcjb2rj0hgscgrm2lumhkit6u9wjsarbybmrjqlo3se78
523,827,LINK,9,928611154,421l6hbdsj0wfhmll0f4rx1r8ttt9sdg885r2t114bgt8cwl1ln47wzedapk9ljm
523,837,LINK,1,862937974,29j3f3wtkxngl8yyrrnefgd5t1rxit79gksefzec0fnbwi52lpw6cpf1p3sfo3ci
523,848,LINK,2,153279396,unsjvs4d9xhda6w435315asdny81nmys2hnobzc9wg2e9xj587nr23i2jtksrp75
523,853,LINK,10,708767183,qmnp8k8zd5dbrlz0ovage1eancolbkoxjujzlcifydkh77uosh63ot0430gqol5u
523,869,LINK,8,933354202,pmfq2umkg8b35cfwka3mnvsn8v2z5jod5o9g6np9b13s2msi43ud9m3jqkrgf11p
523,921,LINK,10,193904782,628btc7ufjazlzdhna9hpskyhbvcz5ycs6w9ryihbv4qq3dv2wnqmvyh09ts6smq
523,947,LINK,3,570759978,573ywoj7hljcrwkfc71ylnlfzt9f56pt2x0rodo2p2d91wcatjq2mma040x68rro
523,974,LINK,6,304377073,ozzb2pevzvy2wqm5m1dn5hs8tlsrxmtve4ukpt22ynimt0qdti2s6ijxommsu11q
524,322,LINK,3,535361818,iv0o582l70rznq6kop36zw9cq98xa0nfk7bply28a2rkgtr600p706and53n552j
525,40,LINK,2,632842033,n1xumlar79pe19vrq12zxdih53nk1uqkd5r7n07efh6hte3o2t0uftuewf7gqc33
525,88,LINK,4,523685967,x0zti311wv3o3ynf9nlt8vg284rwdlpt6pkivqopo9b0edtg0xgmkzicyounsyj0
525,150,LINK,7,945810405,h4domwu98xitxtnj41ehh3w72r2w7ykkvw4fxmzleg55j1gpw8gq1kfleggjdg6a
525,253,LINK,5,674701664,o7b1ydfghweazjtifgclnyqe2krtvun8em16s0pky4vwkt403pj3fmtdn92bd9i3
525,451,LINK,10,290449943,yrsyc8b49b40ql2e1bk147fs9xrrohzm9n8y2hcu2xteq7hnxy2k85xrnwernarc
525,505,LINK,8,267549582,8n71ds6tla43bgvtnqx6e3lkfc1hf36lqi0sf4a9w7wf75nwxe2rq13fe6nijrvr
526,56,LINK,2,982751451,ig8mpof3e3fjie59xkcr4jjbax4y4n0uhwe7023cgetzt7wy2bkvum608lgf13sx
526,183,LINK,10,386705181,e4vc9fkrkxg0r77wjbvxrwbxpqukxocd1vr93qyjixbbko1u5wzgum1hpjc2psu1
526,875,LINK,10,873317539,8gwdjdiaq59razzqu945r16owf6hpbvt5m7aelt83mfrifwf8esgg0h86jvest89
526,956,LINK,2,477794073,jp0cvuab7wrh7ru7mfcqmdi7025zxr7a5ze09x9drtynq1p1jsvgtdad7b4h2cn7
527,429,LINK,4,257702200,8h9uq7oyzgic0xzpzgmbfi4vk7cs6rculh2uicdf4405ruzxgca8sm0elo33h2jt
528,466,LINK,9,41659864,jbm2gs5hvueds5rk5cw927tfmnrh61t8miq6ah0e8q68lwgbe70c74w2ho92qxjp
529,821,LINK,4,284213826,qjmn9tvb4qajub5wq2h8f8f487cpq3zkqlr6ne41zfkg2k95c5rd1nql7ia7nhu8
530,100,LINK,10,717480255,01az8gmvg8zcoyiul03ff3p5q1gksbjs496pid6h7kfj3lrcv1xuxddwln2g15tr
530,151,LINK,9,107941036,2jqghm0vusi4a75bb9uq2624eeo1ulow1ymz56opdlcri2yrpzmusacyolzofjj6
530,529,LINK,10,764901235,0j61ylnmca7hmscvavj2i94lypth6primb0c737dcho312obwf7lklkz3kdcsrdg
530,553,LINK,9,107990495,3d0cs3s5995phohzisqsnbg6jedqfsyet9fv5k31314ew31z4sgj2hekw24zu3ca
530,940,LINK,3,164847544,jl581eyawfp5rsc1v04uljokp2yvz1vgoxawcolq9t6zasub400euzq4aljxgdet
531,915,LINK,5,838262348,nmp2uggp19wwndmv56mwk6305mqrnargup88szwwmpws0dyd4up8tmd2lxcl3ufj
532,702,LINK,5,651064484,7qzxd9nw1nsaal0k28a2a62fhu5a5k7ikdckxt51pi4ggmntlsmnoq8ocfnk00hg
533,278,LINK,1,496796961,3f1m3abolyn4sxbw305dee9t5szwa31lo1qh9p9xo28zo3zeb6le4r7ofhujo3yo
533,504,LINK,1,953658464,klzudnidwarjrlyrbozizwxvp1yrzmnnmepuvipeutnz28y2elrwx56xnu1l2l0c
533,622,LINK,1,426707712,hl24i25fpnzsy0fh0754hbjjc93jj01d3d177i8yptarc4qvyd5urdhmv13m5q25
533,867,LINK,9,123753871,unosyn7n8jxya8qqt7u4agi1o6uuwfjkihhvuxjqv405jdr4crxoizezjx9wskon
534,218,LINK,8,841698967,pghckjpg5gqfab2ofe1owlodz2j8vq7cqx0dou0c4acwd9qz7br0s5d5372h6kl2
535,311,LINK,9,417180517,pcr9os7mvoch4p50kcfi5xf3cyn16350dje6aoafaaup755afw9jt952ocx2uwrw
536,55,LINK,2,946998602,hig8pir1auna3x2gw9bef4x69aufwkvun7ei80l9jry5gxeli1p9687f7ecwdgcz
536,166,LINK,2,925472435,bxzsn8glp6ypio7stldsdz8dbdfvs42un72gz0z1g5nzjdojcftr4cohbaz1hdzu
536,347,LINK,4,912636949,ha7yz3arjl5qxsewu2cdn92qg94ohc0bc280ji7rdc1m5vkoj7ak7j00qdkscj4k
536,939,LINK,5,336182285,twq43ugodg6bxbyueu6vgcrmqmf9jayx740i8fd8mrakujr85j3cdioh5dfmds3j
537,475,LINK,7,422596952,59xb9v9q3ve066gsfmmk7vkqs02v6funpxoylc05s2cubcvowqfg74656i29ttgk
538,412,LINK,3,339444172,87hrqald4lbm07fshiptkeer6p55xh4dc4ul056i8zr4bj53p8u9didc2irx3u7y
539,65,LINK,3,38852704,ks8hih7dwsdogmxhrmg5a4zqmf9660vwumtejrbhf2lhsq20qzic61i6e1wzk77p
540,293,LINK,2,61916584,f8lzene1pvwgsshwosw77djf86kwyea7mju5egozts9qxbeha7lb0qzsfkxa8e6n
541,363,LINK,8,764110586,m4mqzos335ds2b95vvqsecm4jl4khvrfrgcrysfnt30ivx2bhd85umvk3jyx6t7g
541,634,LINK,4,642281651,ahjzk4zs9k9hi50z2pnzxsgmr1j3ctoygcvq6v8759ldqshq42dyh7xdqk7sckcd
542,432,LINK,8,726984950,he7y3pguk9s5hy9p19qfamqto60z18sjnvzoagphg3qpeegz7wb5g67g1qomjuvd
543,414,LINK,5,283040169,84lghi47l8763cafprobbt03wye71o7vy3tbhur9mz09sxku228ay168wsavaz3l
543,467,LINK,6,246594078,zvi9tlygppxr79txs0yh9gyjsao9db4bbf5xq4wfg76ccd0t5kyz4xcsd5tk4afh
543,519,LINK,10,827731522,2wjkaabjqlvko3iyvyg6j02cqg4d5u4i1l0im4kryrpp231cr03wmp378yc0lpdo
543,654,LINK,1,328638820,igss97xwq9iezl1xh2is6bmtulg9pwr9b2dbab9ku587y3og7ywzfgqdnzz7zq3o
543,697,LINK,2,345924108,00izzgao7xc9l12e0cf5eeoq9v7l4wvusodjw5y41pje8j2foz3ikvu02hs8fhtq
544,881,LINK,4,432053670,o0gnydg6f7g1xf292cjx472widrns9v0bzkylnn0852j28imbvygpfwjy7wqpiym
545,333,LINK,9,712013540,3ni45ujs4ghkrbtd9rbodnrv431lq0seo53nx0iceygjrrt8mc4c94ohqeevmlin
546,18,LINK,3,982665300,zkfgomx51x9augpmtqi47b1t7p94khayb4be7tny2vvoj86pya0dmavwr3wafoh4
546,508,LINK,10,296212251,zihvaw8y07672ijf2vsy0sn9nubpb79uv2jwk45vi9n2rrua4qqobblzrnbxgshn
547,84,LINK,5,867539946,6362wbn7n8opfo2huu041evk4p02y9tufgt9yjwb9o35djr6qvkp6mnvfbtciepb
547,110,LINK,5,993149853,8z0iji00rcj9o5t0c50dmqrimt9qoy7r2teczr6mz69gfme9wi4ddme6fvabgrfm
547,137,LINK,6,688100484,h5ltsuge92pwxjfmw43f40wmslz4lcrwyzhl4mottrx3hl9dch2g4bcagsw5xgq8
547,201,LINK,3,880686942,zpc8hkbnywyzwedl6z4bp95ajfin4uurvoq2ugtduter2xnjdx70te0mig2pkewu
547,205,LINK,1,220618663,j2z3dgkbahlxc0ko8ecq7qmfjm0t6iwibpjkb381jtdahkmfm7zjbk5cupdtc0eo
547,226,LINK,9,265705928,ohi8h2t1qsc4pjo816esxu5miymsfiuvcz512pc6fmmxmxl32nyj1jo7nmah7ch3
547,256,LINK,7,823639138,hbnsya5vjcjyc9r5ifhrhngcrxiztxugb44glatk5v2hing7judz7yc6jgjp4s7d
547,281,LINK,1,420782905,oefyeltw2ucey6k0iniw3rsvnsq3p5p1okowke7no2dhypok3ovmuo0lc1jssceq
547,282,LINK,7,681352371,e34xoh40zw62mkmtsk51s1d84d0rux6ps3007syikthto95vdnj2ch77n6r0oe3l
547,297,LINK,5,628419619,bx6vw858k5r6xegivva8m7tafaic49xzg1vkrzq9lmer040fm23jjs63apjso6do
547,307,LINK,3,930436150,65830t53ixoj4f03m9dglxo6ptszr49ayb07f30q9xcwluds99vmg12ml1yssitg
547,312,LINK,7,920788524,htuarjpl6002gdqeritwe96jb21x42vr6sk5cund3suxv6bhbcvkp5szj2tdiwtr
547,322,LINK,5,289049234,jf5wo3qk034gl5stthi18eubvg0k00bsqjxmpt4niwxwo6ixv5n52fcm8zr6vqq3
547,329,LINK,8,966587383,vs4zzyk6flu1mfmizw2uq4w54xvmq7i0w0dkc9ighgyza3v6rjumx7ugj6ju3ak3
547,335,LINK,7,608020003,f37suqayty3t8sljzcj2f6if8aszyry3ynburee1f0c56lcbkyp4athw8kbj1j0o
547,388,LINK,4,78940452,u64oonbysqkf5zwlsncq1s1m9d0zetul8htcyychmlez4harvgjbmotr7s1r9phv
547,417,LINK,2,599591125,qc2xmffm274gtoqoej92vy7yyhju82f8n1dnlnxxfdv5abirikmlf6jjxwa6k0no
547,423,LINK,4,25058288,n31eulyaqwu20706xgo53pywo2bdi999s1d3rzpy7xjoi7tfdh3fquh8ecks4dr0
547,430,LINK,7,574441367,yfwgkos0c3jo4jo3u42o6vq0faxumditxsk5gelajkmmgr5pf38n3o1jhel4krko
547,493,LINK,5,216274819,j0zvphnmxlcpmiy7ttb2ry9nhgdmqi04tpqq1bqjpy4h3047bcv1a1avu4i76byo
547,496,LINK,5,189720037,zhiehi3x2pzqbbunfbnqrnws2jfm7wnd49zun3xyv5v4ygbaqojyu4omjgkgth2h
547,571,LINK,9,576443877,ny0z4ifk1wwlpgpsaedsptzuq9o24przxsv8iuxiuxrut07xbx1au1m60n1wsjt4
547,595,LINK,4,739971037,va6muw2mw1jon45qdavfk8mxgittfbc5udkxwoalroiy0uej7tmr3wvahdms2fbf
547,606,LINK,10,889255076,38jdsmzcdht70f6dcwtt4sw9cb74ukj3nxwr4ed3sw0xoq8w8svi0c7whn0t39l9
547,607,LINK,4,684911980,wmnfmrvavx39z2kigi7p3s01qbrw1qvykmdipaj53x34mv2i09qtjtdaaz93vhir
547,630,LINK,6,122005981,wtvl0bo7iuilqvrtwc8lrv9h5anconul7zrzm090xdwy6svu9prd4658e4fasl97
547,656,LINK,9,678050413,7s6g9p5rf1vwwee2c0dtl41vlecr5trk14e8vf4f0l0f21d3wglwtp6wicu5seb3
547,677,LINK,2,312559841,ial6mkvzoau0crq1jkj3kpnlzb23gbt94uci7sv9fhvd6cn4190sz8i7leod43rn
547,705,LINK,10,232540453,iw2jnqxedifmevjaqeigiu3h0rmhnhylsycruxxj44y4hnqq0lf7dbq0cz2xg21z
547,706,LINK,10,342243101,iu8ja39phfq7yxxyu125e196mg7tsz8txz69g021w9c5hafjm267xvll2vc81rqh
547,757,LINK,3,793592597,jwykk15b839voc1c1ka18dlyfxgl043fez9ujxig8gp3jzd1nvzr2zwkyo5zftx9
547,809,LINK,7,935429439,x3uham93wnwusz1e9798jw82nhjr9aup2pzx98v5s8h6yuh0qr824vahiuq1gel5
547,868,LINK,7,647799825,9j3kf8z37370f8g7wgxki36fhuyj9sywd2u6374vq018kyekd0rtoksjj66bzvnc
547,878,LINK,7,231473590,d1jq7je6gg5s04af8xgrs8kc1cf2jcdvk9l1a9bxmvla7ll34k77xs0ujopf6bvd
547,882,LINK,7,477670747,4wl8e7zgfu5fm6ody4gyculwboiquzdh1d04tdu6oszqluhvdv3lu4q43khk3lhr
547,919,LINK,8,813504321,f75unl3r0qrhjhnpp5nvob0npohpd666yu4maa1bfsn07ts8jahwpmq7sp3h8ugt
547,938,LINK,8,77887124,xk4boffmxzuhsq2fh7bfuzpfkf7jtwtcesq1588ru9upmwotxpngyll5q5pxk2l9
547,986,LINK,2,52549468,svnk2f474dapkp14ov57ul2cvra1k9gur7sf7rdxdf5i5zl7jag9zd46acomtfyb
548,561,LINK,1,70756309,ex068sr2fmeci6gz900u0r24rut0kz9iqfbxdr26fyfkc9mmia26o22bob4yahcd
549,51,LINK,3,597349278,015il0hlzrx32tcj24vykgri0xy6xly2y0ywfkb28qar668bfjj7jq8h0gx51idj
549,238,LINK,10,788924058,i507200yt8ycur3jpzy0qlvo1yfy0e8fiu6nx02ryezmna1ek4rj5njdhs7zh45n
549,538,LINK,4,526774236,c8vssq4h98wyyr7mscp52tj26vdlixlq7qtg5hdlowqrj7vqxickkqn2s09lvrdk
549,558,LINK,7,147559454,susk0ef1syxzazwdwe2qxdpd0uttzpr07d8s696madx7kx4txmbk53b75gt9fj7d
549,644,LINK,1,875170801,zxzrylvwqav3wj40zk7nw5hqmfywxj1n6qmgpwbnkz1zis7atf7llvgo8jxxge1i
550,939,LINK,9,850826330,llm5v7xf9r8qxzsvij8ptoz3twfa8uhvflcru5o86fgl30acr0ryptcmmkmg2wa9
551,751,LINK,5,47247011,a6dkhyv4z11bxov7z3qf3mmjf93xz7lfuivbjk8wz46qkdb9t755ehcwoqlaxsok
552,278,LINK,7,471630756,q0k6l3kch7gppukrxm0vcfobi94o52kungoyodyoozg5lw59vvvampdu5k1hb1gi
552,380,LINK,7,890747959,1ron3lwqco72o3gtlm8xx6b0tri5opxngdhl9wlga1jcpciqon1w97pts3bcw79q
552,544,LINK,1,447725317,nh1fag5kdwk4rq8yu3kdtg757thj5lhml7ktneqwtj46xn7gohoqq2tioo0fiine
552,758,LINK,1,530399631,dnjbcajq6atujorxaeug3vodbf509m19tf4dj1hlwfsd1nas21x3u4oxs2s59obj
552,759,LINK,10,620770357,xshl8xidd7gd6o7k5cibkyuzn6vylia2uk9uxouv9ltdw8l05sq38t5obzz8ien1
553,730,LINK,6,53809728,mpqlfegxdk7s3nn7y317wlnxfytcrq8xpiti4mf3cq33y762s0cvbu3xkhsu8r15
554,713,LINK,10,20919786,dlevcb11w0hoh8j9ildwrplypevf3jnnm5qefznw4qmg7z69nzkin4l0j8pyfc2w
555,458,LINK,8,74589514,cl3ps5hswanksdvi1xaxhdumd4xv7b618tgmshqs75dbrlziynuog9woj77vno8z
555,983,LINK,8,153133993,kebc1rxf51ks04yh252hfxn6gu163cx7icnohgqqc7qvn78y1so9shlahwp19xmp
556,443,LINK,5,611824943,5o0zsgv7r1z3f4asi9rc94490ehbmc55xy9ocbs9loulel09scvabdg1raec3tbu
556,535,LINK,9,947398169,oaaqew5fsivinpz4rk4tnc24et66omfjf4th8wzsusrnv9zkwnv6vff0apo0l4he
557,41,LINK,5,233383395,m1hn6kfvxiswuk27t003khbrv8ulovdutd7hxlcv18owodsrheu4pe1g74c64eq4
557,46,LINK,9,82795588,2tk0kabinbyb5loopguxqwiaf1k1yy89bnxo6qejpjs70t3abjx55ea1nj611wlg
557,158,LINK,9,299137283,vf7ubvimqtqfjq8imz436tw716v06otn90dbwwda0hfm61z3r66an0t2ndshlxx1
557,165,LINK,2,535949686,ufg3lgfw892cttapeg0tt1ikv9lforqn432abnjut4f4xz7w4mxqoohidgfpaipg
557,223,LINK,3,509131163,eoywgyrlowbpk8ozrkfmir6mx5h50tjzefg0vo68qdfkrj6499xczgenw75nbobo
557,305,LINK,1,425449754,bivyt0fb91nxkqj39d7ati8nh5uee199s078qe26kzalzj9ow6z6qeq5d2bnvwsp
557,326,LINK,7,939770919,p69uv2m3jhp7l2simn9gx8pi9j9hkvnynosj77zgcif2nwwrecfxobzfnfrb00nc
557,331,LINK,2,284306749,y7ulnyv5oxjajtahgg5ugyzsd9sfb6p1ot0xbnl53sbjxxwah362c924jqfx1jep
557,363,LINK,1,373612424,dx9shclrozxbvo1345wfglp963z4b3e5blplis4lfaf13eipkhzc98gh7gjct6ah
557,445,LINK,10,180361579,s66ivsmhgfr78h4jp3g1lraaeedugofs03q9rbo7lt6g0hz1qrf3jfv6atsmn353
557,451,LINK,7,872854985,of837fbo3q0y1x0cpkejs5kasgyvrqg5gf055pg9j28sjzwiglmdq2qaemq5txdj
557,464,LINK,4,402626967,53gfgoq2botzrlk21z4rd0ou7khc9t73131r9jofnjshzcr9lveza2fu41mnz636
557,614,LINK,10,826516895,qc0zqw6rc0yu72tyyyp0tolis9mt6o2qvzi6pafow5l9ja2i3iruis7j1neu4gr8
557,645,LINK,1,85597296,boy8ww9t524w12k9oszi9id0svrs8lipsubvfqubl1al1lwgfnb9bbwd1j925lxi
557,689,LINK,4,722820334,nmyeokxlt61rgny3djmogz950vzry3nfjg6nqzeb6n8bff1mowpecrjbxjcxmat4
557,730,LINK,3,416394855,p0735r081lssgg318t22iibmpypc54koew8uc0q6dqj0upx9y7bxxb177da3rani
557,758,LINK,8,250556453,nrnooaf7wk73zj9nx4zl2agsvve8r79a53n4t3hnhhu7cksy7bym1395vy8c0dav
557,779,LINK,1,530258270,2zxl6mhxk2c1pao6ntrkmfm5icdf0dnhhw6jvcj0mmijevg0kfpuvakadgmwequu
557,810,LINK,10,994703985,p2gsmnsht2c9f5v9t7yds8f9q5tehkts1ktsjyu8k3spyswdnvfwt7yx8zsh33g2
557,827,LINK,8,466099172,13ia3ifjfd5c57zic8p5ldb3a22h4hwsvg7bvmkt3asxy949mmghjsewkhyzrns3
557,829,LINK,2,243458655,ljgtfxbt3597ljclney0qmzz0f7s0yz40a0lhrjw86q3f8wigz2mae8v67syrop9
557,834,LINK,4,279304019,mxomib8nugonum5sxk4tiy1r2n04866jy02invmq2p820q8203ufkualorbbzcm1
557,839,LINK,6,996242259,pqsmceizo2belkxnz6oadofs7rffllppwyl0qh7sgrk4yqi67397fkdvcyxhs3xy
557,875,LINK,7,75616091,pcs9eciclketthcpr3o94ekkg86l7t1j3d62fj7rvd5e5b109eembbl7nd8gytk5
557,901,LINK,10,278542524,ubuhom2ks8cmv16tgrdyfdfyu3iwmshd7b6oj47dez93iqlxoer2oewvb621ud1i
557,926,LINK,2,655467096,wzxe45rpvhwoooseirxk5v0azh4c9npwgq4sos1qf96ezkgt8m53ouvr7fxn4tsi
557,939,LINK,1,880774792,0fkt0fj8jikd8ttwra6lesm07qo5zs3wzxrt57jvrl23glfwi8v4g6s1eyao90tq
557,979,LINK,5,105209496,0pw4g0uwz241n0b2n9fbu5bqd0za3py4ywc8kk5sqq8rc21f3sffy36n64td9lou
557,991,LINK,9,576205016,it71lggvbwdlugmx6qhxk3c96bze29pqacd6nfkmoo8ihjczva5nkx0myl55lj2f
558,906,LINK,3,428721576,4yqt83kpnbp9wwoz4g22vlsxckdw0wofj149pkfjmt1wopx6rumyr5h9ifwms5v5
559,992,LINK,10,698442785,fg5lc1v7de2x722ga2ao1lby9c952qh0q9jh266nace5i4du7qk31lygsgh9mbr7
560,495,LINK,6,690853895,289pyah8wp7nh419yrg59pmpoyt6hklo2ref57nkbs5degvap8okm8eooqt2193r
560,520,LINK,7,100387894,dbaakv6ar2ucy023fxtjmdqaj10ogtj3bk41le0i1d4rwtintd276uadfqra6p4x
561,871,LINK,2,664151258,4zpwiops8jcekoj5mk36rumwpeli20c46irjgpsp53b23js9b7mgwn298qi6a9wp
562,494,LINK,3,448716237,8qiatec3pnjxcfv0xlulehtm3y4m58nvmhsepbe7olcvpww84pw1sts53uhs3ln4
563,89,LINK,4,703419717,unufxp2kcsldsvtdb95sbw21do4mu1q8r2m0lk0y4xl8szc7myx833ygkb1ej4l0
564,925,LINK,2,274404327,5hy42wgwzajx19i4qq0vqx3x90qhiycun5bywx74pnkld61s8woxaxmmnlj1svus
565,507,LINK,7,964450932,bv1hkl7f2o3a7nojeae91b6osts0qs6au4dpvux60wb3pkj12tsrnsvs43ba34wm
566,398,LINK,9,546264625,8fsp7evff0udyb7yd6c8t92l4lfsqs4fsex22jhxsz7xof5whw9u62838vmxqdhg
567,299,LINK,8,949284438,jev3slc41evtnq8fbb4e5k78dc4eyii5osnvstemnxe65f17w7gx7twya6adyqhx
568,530,LINK,5,806630357,0vgp6410n95laomujfl0qimrvw22wal1nrnkycj5pydhzh2c11svmplx2gv8q1h1
569,150,LINK,9,437624457,s3w0m39gub9anx08namz4az6bzjmru7srw8y8p5php4kitniy5pokmteyln40rr4
570,72,LINK,5,247314919,lctg8e614v85mp3ce4su4v4lly9rsi8zxhxt1n5hryuahro7k18h3j9pl0egt54n
571,519,LINK,4,877989796,uaf5spjgpsm7lv0gvkfnru5721tnn0vioj8ttvsypo40f5g348fk378y07y177r1
572,790,LINK,9,866635625,wla6y5he70cy5xolity18hul96vb0t2dlwz6u3ppij1dj4x46rkt29mtg46e5jfh
573,1,LINK,8,224826543,0k9pdsrsf9brkih251aufqktvq2ykbedsldvge4td3417uy1q30csxsg77w2v24a
573,41,LINK,5,645734879,qngiy7nvf5x07w79or4eqx3wxg0t4ls2pk5e02l04sjlckranjjsiptjhypol7ri
573,42,LINK,10,374717630,nrmz8n4qhwmceqrgoc7yssg27fgp23pszpkkcud3x491penvcsvi9ht4oflt98ex
573,46,LINK,3,128865451,9wcl1bvt1tglsc1x1ran6idlcgnqch4jbclahr3nptmcj4dusqmae1n6ypgnda9g
573,52,LINK,5,675287203,4waendw911mabahd21bgszf55t687shh8fvs2taaij43m4qqp8cu4z3kex14c2zc
573,62,LINK,3,1881772,ij4e7yin83unlblnp0b8nkndyncon6jfhaz5jb41qw7p5ssph2gqv0oncf49ihmv
573,140,LINK,2,185271880,k49kxk7odx85e9tj2k10dy1qywgrpwztpgk3qg8irdvwtclh47raniyslirnik58
573,333,LINK,2,905054225,wumvgsijsudbre0mze3vec569m5v7r4ji4xl9wqgl553ns7zy0tl1fievw4jf0qx
573,355,LINK,6,57459784,bhj9ekh2kgzsjxdfqp39uf0q2gpti6ko7xqyxefss91mh67zzlprqtqza6nm2sw3
573,397,LINK,6,104674046,3m3zq2b7ufn612fdz6mhxqdjso44bf9ia55c0539i81ggdu6ckm81o7z8dl6q2ub
573,468,LINK,9,104812063,e12ed0h50ujjd9bcq8xtryu43xujc2dprhodshesbch2gp27jwznhbhs77awu8kh
573,484,LINK,7,383404918,smsf0vea980arx273u5a5dwhqsndihscu02orho4ha2tgqex4eee7a99r0w6pmxa
573,522,LINK,10,635258396,hves6yhnaigr7hf3lf1qh05ocfi0623uw2muisk41r3v0hd4xlys1lg3on5zbpnz
573,585,LINK,1,776560666,nbhez2c150fqxuvsm9gs9su4qwu3zsbvlk9cec2a1x6nwd7tzmvzpcu24pl1ikm6
573,623,LINK,10,495413752,916skr8f67t9u2halhfwq5y2y9karqquwkbcsp6cjux6n43a3z8pn8vvpy54f57l
573,700,LINK,9,663844239,7b38wdwh3bptus22b0phygz57zjjlxyneta3v3f7bq8270ltfhf8ihjnnn1ix59g
573,816,LINK,3,764006831,vg7xunqa9oig5fdmlrvb8x9foyhfb3b6x4oz0l4sdj6eabnzl1vtzsfuftkh4qhb
573,898,LINK,7,776609936,3cemk8pctfmn81sri4o65i43xh0tg577ocujfq13s05aljif2jnlgmj2hgnb432q
574,0,LINK,10,911448713,kwuxzl7r06ikz0gi3b53clcnzc5mb9c0e1hjmxwsslmd3bf27ed3gskodyjunlxt
574,8,LINK,10,464431794,uqpniwg6lgb1y6u5m6ly91yak1q05lwa3h86fyfv1wlksbrpes8ia8jo97mljz1p
574,11,LINK,10,437093887,wj4w561z1z1c9wz112kaa3izo5enb9r75wiwzgihsoe8nqbscgkodxf5nycgulvv
574,23,LINK,7,556081383,8u725q7n9bolc7adrm7btaiqv3u82d950d68wmvg2qu6w31z4n965wrfwcqalirl
574,45,LINK,10,954457775,b7s5mai0vmc4spgoaac2sjezrr1wmtik3mgl21y0ont7v7rhinuui9jfoemm9nbi
574,53,LINK,9,232406375,xfb3purnu006imbu73bwlveu03hc7m9i9gd8v2s9f29nqouq9kna6lizo66eucso
574,68,LINK,6,44217416,unr1msh8cjfkxyey71hrjc0djpo7dzvporqqw3mv9aa1270wat291aqkwwg0hf7i
574,73,LINK,10,689816956,av30e0epi7fw0quk3oh27gg2erxgodv7zfqxwpjl2gu3ghcu81iybxvubygoj902
574,118,LINK,1,516329682,uilsytmcwqby9e60waojm7qbvtjps1h1ku3vk81wwlveqqdbuytjb9yir4fekr0z
574,121,LINK,1,492835923,b4x41uocw15fj5jofjm6psxghm5ty0ob1r9gkzsyuhj3px7lzggw0or0tc40wt46
574,122,LINK,2,806354500,tw0pgy8dvt90ebu2oywgmnf81yafepl2gcgxlra6utv5zlnp72ih99nt4o9wtaqf
574,139,LINK,5,843509839,eqxycqd0pz0raiy3uwl49b25qs4yhmn89w0dcpaz4sqna5iczdu0olxpn4sgmdzy
574,167,LINK,6,171510620,1lklybxmxdnf48hzbn7198mrbmvbanv6i4n9rz97obr9nuivm2s6qcuas23b9b96
574,183,LINK,8,242386048,riq394awoysg9iwtq9tw0gq3j9c8zxrwy2uzm0p4m2iezsf8g8ze7p0wjl6lqoir
574,219,LINK,6,302207868,ek7krs18hkq68eemqph0r0mc26o30cv5wk12u7wv5sbqqqvskomrs1mtnv4ag9cv
574,220,LINK,2,355488695,94jqxqwbbc23qrjl55d8bnreo827x1rc6vnlbscoeyf1f5srkzu1js5o9w6n782r
574,262,LINK,9,646749863,syszahp4dgtzqcuotzy9wtqfnhmdw88cqn5jb4j5d9uwwi616k3d1zpbz5vrdih3
574,264,LINK,8,326929330,49ypkcm8ix1kh3wled8ayzfi20vkpr44vbxc8uthe3n0syvm3k7vvc3fxo7ndco6
574,317,LINK,10,717425512,gaivf2a0kewfne28y0v8ehq4rvc6lkvysta8myf6sesctrvxr5oi491redm40wvp
574,323,LINK,9,629211340,ctd118eonz3e5z5anlccvq1a0sfrddfhyrflj3vhogbcw27kxbarinf0d9iwj5bt
574,353,LINK,5,868166940,xcq4q4q3naxy3hqoqn0uhjf7cg6ml2d4yuadlj4mggimpwk7jtg5cs1qj58fy60z
574,360,LINK,2,911323687,ee0fxlkx2xgspj9td614djkh3cbogc9bw1idiybke7ki5339zv0crqvmqet0s8j4
574,362,LINK,3,238112739,six419v2df1y0mnb5t9enre4dqhhoi7kzkmmtiyb9f8sgnnj2rkua3x0obaolhce
574,366,LINK,7,22869753,o3oh1tmet5moe0145umgwh8llog29rie8bg9jzea3x9qnhresn2dr5pijrexze7v
574,369,LINK,4,46467551,vg1amkkqjuxullw9yxlv93l55fnjlaoze06x5rg80ttp33l6lqnsbgeghek46g4i
574,377,LINK,8,381669887,bwp6tbifrszuumkrkxwup909gnuqdl3eu9ktwws4v08fe295fpcgid3l9qas1ea4
574,378,LINK,1,948420514,v4fbipca6njcoqju1jk5ex6okpf1wyhk5djbon77zyr6mpv5lt94ml2xj38gymis
574,389,LINK,8,341771845,frqm6nn83hv3sm7wskeapnz01ac49vvk662lrb9wutbb93ep9o2iaqvqem72ep91
574,394,LINK,1,953579925,ur26hcv19unszgnna1m82ey8og9c2uhw1n5wkmv6pm6g5ubrs5o76ajqajnhgquh
574,399,LINK,5,566799473,351djzwohb2j8lxlih5aqkm8enph1l623rm3lky859dbzlxr60thxkdzmrkp96kr
574,412,LINK,4,300897502,4128gkdp43jdagva2iiaiiv8mvqcemz3v7lhmxfntem9bvctirys389pfnskf67q
574,420,LINK,7,318552165,gsrnewrjtddvzcgcukdq0bar131fakqzub2uonvboqnty2p07oj4kjgx83yn6sxw
574,431,LINK,1,229964380,9u5bl1eh56oecwt6p9ipt21p56z3da2sppabler2v1sj6z3ry7iwn10dqgxco22q
574,436,LINK,3,550293241,oi0a93a7xy68td1cl17rqqt6w6hndgheayhkn1cx33z992k0px6gh0bpy5ti3uob
574,450,LINK,1,635177377,vglmofbiprekvh4mk24pp6rjoqvpb5fa9mf9al9nj7t4v0hozljo9rtyk0o3i0fs
574,469,LINK,8,691423958,g0ns2v79m8x1dqavlxrwodzgqzfnhosy8wt5habja0anwyrhict5hio3s0purzua
574,478,LINK,10,436453614,z07wsfupwp88oey18z1p4g0wuo4k3svyxqxayfjik6mz70ie6f3ofto9yz27v85l
574,500,LINK,2,719781754,2tfrt71o1a1nf4ikmbrrful7qxbetcc5hixxcjodvbt79dgeo13w4l5aovbvb5ds
574,512,LINK,9,647269258,xertjbenzdfuk2ktd2xsniqalx2yzm8p9hshc3wmaumh0zxrcfkrhlgfmlu5isxw
574,533,LINK,5,873607412,krq3xa51z2k07g83z773ylbfoqksl7jhykfcxaiwk5vsjrfbhw5me9ld3fqwnnod
574,603,LINK,9,80328059,d413lfn1lg1o1s33hih2c0s8l06161uaoguhqsvjr32s47itmbdpnvd5ia66g4up
574,604,LINK,5,778344673,i9n7tow046dweolt3om9q7lfqi3vdxj6tqwfgjdeuyev06oxiz7ufkiqp30mddh5
574,615,LINK,9,711810476,5yywqwk52dmuhryqdasg4lop220zh6m17jezgl0j073h8zujz6zctc7y6gbniwho
574,666,LINK,4,548852022,6a5nj0vtuuzkkm3qd7gcjd2roitmn0vgmegr1ivtpe3267mysbi508v5vsa83u5a
574,688,LINK,9,656965319,iaymlwcpeoez8cee1uixwds8e9dvkwfhd3wo8z7iv5utggov89o5e5e8d72x287o
574,743,LINK,6,473374041,4yut1hqr16rpxisrr9b5uo1jx3yv0p1csll0twps8yoq281eruhypymex50rglhv
574,750,LINK,7,622558025,zwwiamnwhlglsk36s3lct4zbhzplxjfaf6xvquwin41ty9jvddndeiqmwnivt26q
574,763,LINK,9,485462943,gt734fx8ueuqqxmfjvnvpvtujbpx867q5cmekief3rrxzs4xvkc5itio652uf41n
574,801,LINK,4,243099910,ihlig3v9kg02csumvq95fsfefj7o77sbdju28gzb707d24ld6t5hbxs5a6wjf3o4
574,809,LINK,2,69289414,ljxfugfwytbk6w2fx3d1dfu2uwb7c4d33nng4ut31h6ylnanx5r3gikz7wflts3i
574,811,LINK,9,735530847,uq77fywb7yn3g5vb75qo91r1pjro8rp1kqxrhpd5w6lbnyvbo7o6in6m9fddx2ev
574,854,LINK,8,80157084,nwg1shzptmtgqp1togpl6kk2dqqkyzlen28jzjhjxfzling07iljb5olplf1dh5c
574,871,LINK,2,265459245,nrylnh8rk50nox8c51kbsv8z0zivio2ij25g3vt9wyz2v6kg412898hyky8keai0
574,907,LINK,8,605840364,5d8yr4tfpud15yet91pxqdf4uwj3j7nvoepf79kf0ma0mtwrj698x8wia1ivjucj
574,908,LINK,2,527411679,modp593shweaczwvr7imlnyf45wkkpezanhx6taltlzpz93pznb6lbck4m8lo1d2
574,936,LINK,9,930877271,ksjiqgoncsjyzpvnow6pzz7syk3rj4r5h36684ir730qjbbfo4z6aktjtp9ig6za
574,938,LINK,6,50731388,9qu0npfpsn6s3kne24wudy0jx4oneji1vaaxp1422s483mq47p5ny2fx4d75od32
574,963,LINK,5,896225092,ksvi4we2l6faxko3j1jk8jptpm8u242u3fmc5q1uae9nbqdv20utndpcva0qr0jl
574,977,LINK,3,783344288,wgm8rvsp6nmu444qiuvfbwclx4nxp7pn176x42xjr5o5i49la842roghxuvogua1
574,996,LINK,6,26948611,g30gpu11n5hi6tlpspk5dc9d4g9axh3e0jmyyva3ea846n4mv0mtx9xg2bpx8wow
575,5,LINK,9,915411270,4zxuh7rm5z171xdlluu2lkr3vskz1yvtejgkjm6zqxi11bnw8wkkjt3baqj60iyw
575,200,LINK,6,362318206,u42yi8ihpq4kt3c124mu75tdip1we9ulno6zkok09ijlyjojckeussr7zwgs7idi
576,303,LINK,5,450756532,5yio0ocacontflpylud21cfb84u268qzoko0tdn9x2s1r0d6s6gtoknt99h6fzmc
576,602,LINK,3,319189169,8wkyoare2ek2ylg820sfgsa8mr6bhjf1876r5oa9t1afvi075nlinhqc2phcs185
576,825,LINK,10,130871428,busdnljwnnjs1thpjvwbpw0whx9bsba38o4whpg0okuz0tbm6mog6mxvbe38el1e
576,847,LINK,2,719934338,6rgfwlr3sd2w7ryjobudd99bimfp2xxdjw5dhl8kmykkpdk4kijx3hwejrfvjy47
576,876,LINK,2,300241983,kenuxyba9th9ae0mgf5pk70dsjkdi51v0df6r50sybt8pf74n04ai6s4sp7olrd4
577,503,LINK,4,300406346,y0ri5zjinm9w3dwn4mqltvzz4cdk3zzkcxfcyvxawq0aag4doic7fvnjpfzfkqpy
578,717,LINK,7,209621050,f4nei4rtse2v89j431rem4n8clacyk5tftlopttwdl3shq8allkbu4yctql79jq0
579,691,LINK,6,813085044,wjdal1h7h3rpsz5rstqoxebvt8u4ycfumwb9jd03hwqam26mq4q41siy2pvmyxmi
580,616,LINK,10,280289196,fooab0feyoxj0fq3yt1hnery4wv3nndodka9f3rw0kd217pn6f4dv3mrb1jgv9zr
581,432,LINK,3,726414961,47ti2vt77u20m8gkmak8iz35m7tt14106yyit6o6gb74w5f5vt74k0t552ew7auo
581,801,LINK,1,921601854,w9cqv55glcg2htbq9xgflv605gbyzviv909arldbc2gyesth97n9s97qx5xqe09x
582,28,LINK,4,216795983,goim05l3vls7iqq0muegs1cjsjso3gx6iyvkj0v2m8k1a07i41prer7pprzms0wq
583,552,LINK,7,290368838,mog9pe4s70e91yeqwe2niebhcmfslldkrly0nlamnsiy8mh89tc4flnum8nfo8d6
583,767,LINK,10,225388406,e0n6nm583o8qstg10v4ttjj69nxpxzdv1amc341q4i0t2yh167fag2d4c1zuthvl
584,145,LINK,1,481005412,dumrkzkx5zkc2hwewb9gvp7lr2g7o5bdpezcmpmmpc5u6avz6wl1l1rzrcqu4g1m
585,0,LINK,5,490657469,4zz24qho2j0mx4ja3po4yzxeb1k8b1e1p557wveqmborft2elrtlccvbdv25jjft
585,8,LINK,10,288776458,dmjbxgeshnydty2hjhud0a16hy0fr5gdx4c2afb5mrczs71gzi3snxc2x18w4h09
585,49,LINK,10,950096857,cfhyyloydyvjlddw2iowb703psbxahejqs3vi8424bsvgxamo4oat4eu9dm27avv
585,55,LINK,10,539864017,ttfyz5g5e8cel3quvg4mvfvoueskuld0ksxukse5r8eyha4qk0pxmq3v6yjzgayb
585,59,LINK,6,286924348,fn690cbxrnih07lit251ku044u9itfaylijvwovdsb02v4d1h74nnqxc0plaael8
585,68,LINK,6,619320607,8vzbfc029uzazum1z829syzfbl1dhz59te47t1m8c7qlhf7foq9zphu2hxrza4ml
585,85,LINK,4,722672483,yu5n8rlzgy4eglvdpsdmr0yf2aurchcy17r1v7bw87vdclv9egwdxiplmv01xou5
585,86,LINK,6,315307799,l3sh9ftp7snhmbv1yw5y36r9hcbdvg575e7ln2eme82xaf6iun80ujnucusp9wu1
585,87,LINK,5,401923909,yuziahq2jb3hn17v7j94yq08n4yglpgi0winyddpi2d3swkc929phjqc2sgjnyo4
585,91,LINK,4,788075059,pehejlsukt61n2pblvg2fl2444kcmsszaevt53mqnoqp7phvxm6njilx5j47vbk1
585,100,LINK,2,567175456,r3v61n05qfhud6uubjnbi1yrq2p2o7hohpf4io5rs0xn9t4p9tejamvt1y3f5gss
585,113,LINK,7,627792251,uot657qwuslunvpq6pr5s8pucl1geuchs468wz2u9kfp1ic9xg9evt6fnwzaz1y8
585,121,LINK,6,217483958,r4xc5ayez3moi8we9kwegykcj6u2thycs568cqp3rbfza90onhn0pohfzp1j5529
585,126,LINK,2,150129816,hptqa4efa0yh3xztuxuydf8sa3rjwyc1ct77ml26fe709iiyji0er1u7ac8pzlrz
585,142,LINK,3,126171874,eui3kdbj29edb6xrdk5var4ptk34ruwz8vi5bbo7i6ft8q425rftahcq8vm19hqd
585,143,LINK,6,994065236,644xed26uzx162t3cfgsgmvfc6zctbg7rkcyp9rkr1qw85gpqyl9m5ktbhe8scoi
585,147,LINK,9,283767294,4nq044tugs6ikmj68nfuhoa638ifzqi3jcuyp0xza7qe1jrzp0uxyqpxhjeqmb15
585,151,LINK,1,705487944,jti6npdigdxymt979rw8schekkpqfmqobvsov5mznwss1kul9ykw5yn9smlvchex
585,160,LINK,4,613693647,4t2aiz6g5gwffuz9jsna5h42722xcq8c16fnecildc9j91m4lumm33pdl6vgwil1
585,161,LINK,5,825347020,2wt7ektgy36flisb1hbtsppuylld6vo3tm5nhzac1hm5bv1kn2r6go0j7neyporf
585,173,LINK,7,979886065,810g9kq5z22up317k7t7uja4m8er4b3trsipebrhfrvwsmxjhq2s25tt88s47xc9
585,185,LINK,5,231868595,9gcmt0a9aivelp3wmwvo8c3itx902oh59n1y28debke5dvpbtj28qmwndmi5h48x
585,186,LINK,7,232850125,etuqju480p69w8933ylhn1v47y803wzx7dyba36muxox41tx6v7yx6iympmlspgx
585,191,LINK,10,154900626,paeqvj4796yvq3unl0kxm30d01hlvypnc5ir49b4f8904awnl9uxom9m1n5y55l5
585,204,LINK,2,339112376,zqahq33tjs58xc9o5kh5mi64w3cpz31661kwi9kqwhxcepy1cdviyp91vcxh7w9u
585,219,LINK,5,463288537,wdxf0v81cii5x7dgj38n17oe3ois2mbqmm8hla1wtwqr0bnkx1hq10yvdknky8z0
585,223,LINK,8,9364239,bvew7lp4fj4rcu2vpl0mh7d3ay0tbhmumsmi0rizjl9i3iczdre8hvah34dggsor
585,225,LINK,4,24796370,qf08938w4cwbsgswqfe2cqy4ph1hgtstmnwr6ekpjm9jsn7so1ew4fvqcvc0lhiv
585,232,LINK,5,164641688,6k0zbmgr4bloxfzhwyf0tn3kt3p72toenuujlvqy1u0qot7dxc30h4so9wedph70
585,238,LINK,1,407602857,agdj4qpyr590uidv243zvsbtvxflzae8pjo5k1tzroztq3h0if1ttvkkffpe657u
585,241,LINK,1,273374948,jtuxxxigobspspk9w4ies5g7p43j55iksoesct4vrqm3o89yjbxgpktzm1ewmi2y
585,244,LINK,10,214792311,a3ydaphyxwnqmw8w3jjyzz209xfka79xvec9xskqgcwjqo9l7gbx4dxlg6ozy46p
585,251,LINK,10,494732650,6s2zpnxof67vvbr1xbp4a8af8w77oadzi5w8ym0lj6me0ts0axprqnael5sjrxle
585,265,LINK,9,350714065,ar3vsuke5zvj8t2rgja08fgol4ktumzuq1ikhozq1wv741soajhyconyecnje4cy
585,274,LINK,8,369251800,3la78p5k6lvayxo4w0drbuq0450av5rx5a0xjoead6uu0ao5jfec0awe5ncgoxv6
585,285,LINK,5,759045211,twkh2fr05xx1vxwux2hmp94pvelzvzrswsmwlioocp2yvyv6fglruw2ef6v6rcil
585,292,LINK,5,699405365,rltv2jbg8qo4jjrx1fgs6layk0mu4vzn21c41k8znwpsf7kfwakk9dze0j3uup6j
585,306,LINK,8,337366187,q2jevs5mr5yye9rti1yy5gt97fra6fb7h4xvm81yb57tpnk2vbn2yf5n9smfn9lc
585,307,LINK,3,829209370,ip4fa60zxk3zlmkqdj1weq7e4be8yzv9eeujwgqirnopqh7179zmhz4bp50spnuo
585,308,LINK,3,355983020,p1rxrn906q4j6aemv1mn3z298o7rixelg7yxzhqi3uodwt2fxgum7qxzcyzrebj3
585,317,LINK,10,921559561,n13nsidx6z147bjluhuq1dqcs8kr1i2jaoj9cyozmvtwgk6gn8rszf71a4ee8yog
585,332,LINK,4,82455759,zd9fuwb2ml1jkpjs7yrptumjwuoiv92hwvcr4xpe4ucnxqe4k8rmte62vkwy38iv
585,334,LINK,8,205252259,ebo38719ftlyuntaolnivuitta2ssf8rz7se43mjz2c8exbl3n3cksrgxqo9qjoz
585,339,LINK,3,254344103,3f5bvu4fjaiojhkw3mawaglzuzz8zedpd3o4w9qqyqxjikky4yy1aipdfshrzlx9
585,344,LINK,7,472180069,5r2mvjjtukg4zvpxzwos12ihfhc8agh8omiubioe0q0gbu0oxf0qo4izs5g2g1km
585,345,LINK,6,473325692,8cyl7dtbpjydds37rvtpodswmt1m2htl91lxa2nmjasfb9c1u595h9ydxlefirtq
585,349,LINK,3,208109401,8t0emaagofqd22ccjoqcvzoltphxdrfzvot6gsndkt6425oq8io76hgzeud0kusu
585,353,LINK,5,105297913,zrib8yjhjt8z4y5lxnd1ynvv1onr9a0c7ocdb4gmfoo2lclgrkjk3cdvfxj6znew
585,363,LINK,2,963585757,oawk0s2v2lpkmvi8hvd67be5m87d6li4jd01mkj0ufi5xozyndee1tlxwmu0h2n1
585,364,LINK,1,954666457,8g3s46aoa938m3ofda177fzqfkgdpi5mfudowzpsl480qwvsidxjf21ka9wdzhk5
585,378,LINK,1,101198648,b438vfx2iomb5n0znilgtinab9re2ziyv9atpfoujnx0pnufuzkshk8liwbwd216
585,380,LINK,3,175924430,uptpv3djgrql594y3jm8qfu5fgzq4ea3440xw0mhuy7ty5tgwf2oy0j35kwdw3oa
585,385,LINK,4,810105320,gv080346h33km0xvm9nf89pl9df61v0rrc6luhyb4woxrw9hfcd4odsi1qizbdvo
585,390,LINK,10,991564343,r7m2324knum8onaavuhb6f9lpkqxkt7nnkz0lbb6os5olae6bl6fd8dgtrxfdkti
585,391,LINK,4,791011586,u8eee0w0u9a3x1ckl7i06zmbkk4bxifol4db91e2wuqxr6ylxe681mdu875mcjko
585,406,LINK,8,710224034,jw0c1v3s51vpc8922ijk6827rot0fbllkcka96nzg8uelsyuaveb3yn10bnsaw60
585,420,LINK,6,847437884,ezv1q3m7jimd9akd2z7c0whwc1ghhf157vpzsfkvg944mn6qgnfqikhqsre4389n
585,425,LINK,9,420961979,xfbwq5bbvdv30eokzn7t5mukptnxg48j4qevjqfgnt1v3snvybt36t21vv3e67y9
585,427,LINK,4,945601311,7xx3r6w256kyztsj2ham87mklqcwv3khklnrteci988ietg5ok1w29vu7jz73phl
585,428,LINK,5,905232145,264azbw59rr5d9oeb8xd1bn22gl6d30j302cu7yflf015hgrdjt67q9n86uy9c1o
585,429,LINK,5,625474260,r1htsybubnjwe9ctmn6q9boce4bnc4aawmlw80ptl7fylq26l63e9mg5lm1a0lnl
585,443,LINK,2,571873659,js8d7seeoozjv58w4gd3cgs5zua8vd144wtmp26679o2ztpdfj1awt16ol7gy7q0
585,445,LINK,5,5392394,sth4wmgmhcj72w9kvlzzpi4htods6o641prwzajfb950vclxfl39c1q7qntkuzxd
585,452,LINK,5,665380277,6nlipyu454o7eyx1lxr6ny56n4azvw7zdqang4mhtjzncvh7scaa49g14jqtge8k
585,465,LINK,4,845737626,vsibm5hugf99i1dgtcs5atv4cs5bqk5vs89mnevlsvi47kqcy6st7wednf7ko3m5
585,467,LINK,9,260007378,gvbpr517naehlr7xemcz4ihstcz9559k26yhlvkpefx2giqx1zkwzgkwbnqcf8m1
585,472,LINK,5,78293616,pdo70w13hr1l57qnbstr865nj1q8jbavo8uvpygnh0dseajz9pqtnhly2hxsxl8h
585,481,LINK,9,583370843,2h0s67nqefcu0f30cjam0q211ur1fvd4434p8wtl6tq7z9q4fgsh22wjdmjx1eee
585,486,LINK,2,254543763,1cmsx7mt91nsq6wofbx5ujb5lq8m5i13dugyfrpuvo9y6t8o6ptbz4nm36u6z678
585,497,LINK,5,265560890,2h5vfoef3ak5vn1vt777u15ckqp5o9lf8vkjhvr06c1hsur5jt2cbkrvr4z59qmg
585,498,LINK,1,62395846,8nw293fi6t6hkf4suk7iz9xbcrql680wg15j29ua7r08nat0qytmnv2wq3geplhp
585,507,LINK,4,514656559,zai06pnuq4n0uxir3ofxixia55u4vp5x9l0zb8yg2hlw1uczv5z6oqzisyhy6l0z
585,509,LINK,5,42617984,txw81ppv7jb7d3aj0dyyp4nadbqo735j6iz716sjj15djjhoxhihwnggh54t23kq
585,523,LINK,4,193931623,yeu46lwc6f2twacb9pschvz6fbbvhtxqe7aq8sm0k63rrdzjut7yfq6qyv5cdltm
585,527,LINK,1,905248312,sq32dqi5w83bdisqp6b95ro8n69cc0ea7mu1c52rso7za4rdvum1q1e4g02cz6wh
585,529,LINK,8,873675962,jn68uwlxvv3o7j3yk1bny1lncsk8z8b9vbm6pyot0x2b2rqq9o92i90reajdjyat
585,532,LINK,10,709943664,i7qv3sfa782zn5mfzjl284r16y3bu6mcrb9pv33ehncwqzgu709slm9vb0x5nwk4
585,533,LINK,3,356381218,tjqp2y3d7ki4is0h71b6lw9omd8jsr17wroyz221245uzl7nybhftmczdaq8xfqk
585,537,LINK,6,251859107,naj20v70teapeofd4vujlbrndh1f042e7prfwxwlhjerm7ldb8pwr7gsvuus5d1t
585,539,LINK,3,837258352,xay9dp3om23l9cfua9qlavjorl34eym3zb9cmxilavxd7p16ji8zl9lacux7gdkq
585,545,LINK,4,100402471,lsur8y2b7lq6fh7mvip4i5udtkb7xct3zwvsp5ozjl6d7kjji9s6ckjpxfgat93a
585,558,LINK,10,297642102,gbjiixruhrevbk2y98l3l24qfzglfkgffz5kerj8zh0jdgtk71vqo06gp553acuu
585,568,LINK,2,678079723,92x0ulsmzwy1e8b5mjwzzymoysoo8bqpi9a82rxk1r3u8hl41rvabaermgmkg23e
585,573,LINK,6,963999947,ru90t4zgrbdt8vgpgw1zdi5xddw61ge3sjd62m3az0piospiutyig7ktqm1875mb
585,576,LINK,10,911283080,7f3y93qkh2irex7oganmkeyrh09uw0ijdlz1jyt3lioxk44xcotqyexyyctjisq2
585,580,LINK,8,14353175,5v4sy7kbgxbmg0iea4202ooyj8i4dqa78lz8znaede00q99uyylf6mlk8ksj9itp
585,584,LINK,3,608855952,v56bkatw1extsgh2xbhjqp4reif593o2uubb0efv04o35bzllebkkbuvgx4ovn5p
585,600,LINK,9,884910045,v5gszvxyd84ht24dg6qsz1tcwdc1qog2xn553oj3z061w42u4pyyivxib5htzbhf
585,614,LINK,3,34256312,f801inlh463qzc6bhx9n69v87ubx4nomw2cdb1vc8pb6lthcijukv51ver85wfqf
585,617,LINK,1,781325722,haczpnmh31smctcdhxqtp69pkgwut86mizhle1pgk2tt6wvrelam02gwkqzq29sy
585,620,LINK,7,734401066,fn5p2tez0dtcfcs5czt04qcce4scxwfhul98b9m980f4irudhgi4yul48ms22i28
585,625,LINK,6,648574610,0np4xn3tfhe10jgueid6a48dfutay8sjoj9lb8kn6jhy6qg6jnm9tkkkfkoh1ugy
585,630,LINK,3,857099017,hagqanf6xvry1z76ubai5fx8z535px5lojess07wk5kup6hee670n5jc3c4scyun
585,631,LINK,6,331414094,bile6d4nhfjt05sdodksfeoi60wjmsjcoq22l6ta7trqclr5wkq5xm2kz6a2xki0
585,644,LINK,10,381099931,fzfo5u4or27wirfqw3c0eolpir787vn26u21j871615lkiz39zfgx8i7xilv4zi4
585,658,LINK,6,217879973,q5ldc0hsbdhh30qy1rlmqy6nitem57wu20oqc5tgjt509b4fisexrcj5qdcfgxbm
585,666,LINK,7,551904192,hhk91tdj9pjz571qhgjksptzc8eb410b48pabx7igwtrkmhpd5wwdvdmvfy687gr
585,671,LINK,1,830743817,klqo45grsu9fhjwwiaej2kz5w9om6pk16lb5gsql3wlp500bx0a58daknp5us2g0
585,672,LINK,9,901639853,bphzzr059umm6nosqfefvm4008xnfs7jwz6wl78fi6vm42szg7sz0rygmpudgi5u
585,680,LINK,8,916325875,7t8uecfodlqbuh941ofp0ndiouyncigfrlneaffwk3j587gvu17vnznyxktv364h
585,682,LINK,8,982252987,86ai5fh180ddlzssnus0c0ptpjo051uzj9jr3f8mvd9tctiljdovwxn7bi4xg66f
585,685,LINK,7,767151980,x5qpjw808na8ojhlbwjshh00wvjg604jyo5y76ue5gczpfu4le1n7w97dmley3gp
585,689,LINK,1,116349194,nn5a16oubcjsh0sbyxvpjgdjaha8golefob3yd25zjaw0u6bcm2h7n1kkz1h3f10
585,704,LINK,3,182462989,qtmhhvq49szzxmdfkr4orlxzr7low61f3atnqs5ip1v0kma6f7upjv3e8htizfst
585,705,LINK,8,638267896,6n5azipovrlpo5bvgp482izm7pq16a5qrtvbvz1iiuzpn9yr3kzndfozb2fvc0wt
585,715,LINK,2,407863529,lk2ran3427kdja6jcka97vas05kbqigm3hzjmxc0kc0qqn1o1sdvmd2opym2vllg
585,717,LINK,7,691335901,a1lyaxrdqiwhxmfm1fss6pl7yff7p4k0dsdsqvulbijaxbt50cqoge155hcrk3oq
585,728,LINK,4,350955399,fz1n6qllh79egqmhb4qwnsfcahccwyzhx1syh844q59p1gt298q0hg3alsy45h93
585,736,LINK,3,216297040,bpd2k8eyqnzhptjbzqg85w82kk7xneo0uwpgj11u137xa2gwfxpbe5qwyiarohcs
585,737,LINK,10,282988540,g597n93l48354nve3azldofjvf3peu2hbdweeww4sgx17m8dajvsjql985j357r4
585,739,LINK,3,692977414,fdeuj2gr8sdj6hhcicpwhwql9vri2yej62hu30dv8tlorcgf1r62nvu2w8s1g2on
585,745,LINK,9,878520512,6ju100zqyhb9bq0mzp8jqzeerpxvrrmdn11k50ggy7s0yr3wyo0vmys5p0imogmi
585,748,LINK,3,925322465,p1l166o5lgxcl245iufrv71fr1mfxqm7g159uq514o7reptfs9ga5m1trh5wm7il
585,750,LINK,7,659480307,o9nprm0it4d5z1e73zt3cscpd79n5uv5oyjji0qzx5xokz65p0wtww8t0n8suyzo
585,752,LINK,2,845424972,haxona99tskx7geb5ldv4m6u7ia8wv24gilhrlpqtfbta53tiw81x7zpibudycn4
585,753,LINK,7,522761729,uizvcwhir29ngvn7akfccpgb4qdh81s9y4eif47yjc5x4s0uypg6rttnc40maavn
585,761,LINK,2,836693859,t2rueogx29ttol9trcqftimzuyi5znedpnnpwzowp17sjv7o3w9hcjt28pxra5j2
585,768,LINK,3,958566325,r7k8d73uo4ojq7rxp9e6r9u0iang34lf1iwlb6hx8vmm3r5royrddip41lez6vn6
585,771,LINK,2,739580104,d9ry5ebivu5meydjnlifb8b60652xv3ahw5pnbv3654xc4tkp8rr13xv0ib7eqlb
585,773,LINK,5,434176066,jd9qsm7unpkcv58cd22qdcu6ls32xfi7bu6mq33elhj64z2580t0z16x0lmbuie9
585,779,LINK,9,672092421,ywktpftug6gay9xpej5tsvk18wmhs88ok05y19o0rtk3800sfp02h0o17o7l8ja4
585,790,LINK,10,706330345,q174kyarl1bzdk6tqg0j7nowpje52yi4hpklj0rp0hffyu8jgglkar00cqgpwjso
585,799,LINK,4,470284930,fp5fr93xjxfkneyk1wt5d090x0rn8fclh5cvag4hhmtz7rhxq5utremzbjbr8q71
585,801,LINK,4,652519467,65pl8zxsdg9472iyfszrkta2mv7v0jio139j6qb82c4ndu9i8qlvt4loyt5j1bru
585,817,LINK,9,316866826,jdzw82tfvohinsax4zyb7esfn52z94ob74cbrjcc4ekhnv3vgwmphjj0d3kf2mlh
585,819,LINK,7,302467590,s0q8mpoza5zrzy9otyhnm7gohhlaer7wgw21uuba2h8basl6uqdag78693oe53oe
585,821,LINK,7,462346950,19tjyzegof3mm42c9zb6l2nekhn753wneky91y23xaui2hmccm8qafg7vkv65ys9
585,835,LINK,4,285168277,ocbpvw0deq3y07kej1nwzfdukud395wn75mi3h56nu8uv4qlc96el19pk851q96o
585,837,LINK,8,655963426,3j4uzjyaakqs25xj6r3ktu5051qfjdxra44lbt7d1oorcjq62dr8cp8xgmyn8tne
585,844,LINK,5,334960304,0mbqt7nezb1x58gonvhf2o85rlzrg6syh5u3ag4ug9e6uzv8rpsuvbdupicxyhih
585,848,LINK,1,107644108,gbhiezj5w9r9tfbeblu1vuj9nbt97bfc81nrvphp49wa4j4gv9fzvcklilow91nq
585,868,LINK,9,594463361,ilwve2dypj9ifmp9i1uzkw3flpvcyhdxjt7ry3xxfq5zjl2bywi6e9oh10odng4p
585,874,LINK,7,114592614,341k27v11emolw0sev83vn8a64eavyqbew35yz061ypofs64zxk6wiy4ekf2k80m
585,883,LINK,2,711043217,fa4b23d1cy13vycj4whw7106byo53rs46s2v7x1z6yg5pcpnhxugcwliro9s9a12
585,890,LINK,4,202298476,jvbgs2r7rkgxu8eyxkrc72skp8qymklf89e768dquvjtiwnaa58qo7hbnzsrb25o
585,892,LINK,6,472721660,2qstfrak3uocqko8t3966bdwqhcgmzc3ki6pffb1001e4ciyj5wmcijqhert6h7l
585,899,LINK,7,147898785,bi0ul2oqz35jjm5vz1knceq3c5oq8vzy9cipgimi1iye5bj7qqmd2unmww58sp5r
585,902,LINK,7,506747212,xx53n9e524m3zzrz7qp444eor79r4cj1dv827l7xdmk3l1f33wxqpxs14eagp61f
585,905,LINK,2,353517161,96kmpp2vdc9c30f1nylmu2fmidlxpj3xuuuhi5timtyt4oo4u7wi47kooqljlgpm
585,916,LINK,1,56425759,bbjaow2scv9qvfqlqzqccupe4ylj6cvp3a7tkwzxovxwqp9aojdpywyh2xgt3d7a
585,922,LINK,7,956607694,ug4pptjsd769yol5av3yqt8c4pdat90x1owfetvpsx2p9jo5fw3y53i3e0l9v19t
585,928,LINK,5,30530804,gvi28ondg66smmblq4xeyoynbnwvmqt0fn4vcymtm219s9z4bj9fsxzeh9h5gb0n
585,929,LINK,9,87691844,n8rzai3ng9fufnnvj8keg6v2gpqc01p6xncoofql7fh0wdg99kpanz1lbhwrwh0t
585,931,LINK,3,185707583,pmn5yrndkhqrnf5l93amk7xceugkt4vla8i93ivtrb4s2bacmk40q8rpufhfrek8
585,933,LINK,5,397446138,zu1h6ot2mycq4ov947aset6pqs4uheyawc7rx1n9c7jsn5uop7jgmhjo9regq2q8
585,936,LINK,8,699630058,1njjrz1xunsy4dng1nbnzv1orqmw2yvhkghz4tx20bdwxn6dllg0vkyn350kcbkm
585,957,LINK,10,750530354,1ih2kvcze04l3yzx2r8hxzm5vmr2fvyrfndqxh2l8vosjlxkzoz6xip90vnfwtwf
585,979,LINK,8,129309825,s87xet32qhl6z0irmx6b4e32bm0ajdvby40utz3m3ev6kokutgu4gwex1dtf1lk0
585,992,LINK,4,42117973,1isaot01190fwetw3t8p7l6vauco95e6ch2idxbw3ph9jusu0bqes5qtef6ec9lr
585,996,LINK,2,924846096,c1aj7hugqgxb0rt7bqqp4e7yxjqzuck6jh8ezlgf8m8p1iaon3qyqw6ixb1aapf8
586,344,LINK,3,503034542,zrxs24wjnq6c96bw2591fv1wkze36irw2dmdx7co0y9jdfvoxkikf85tfinxx0an
586,355,LINK,9,772876289,pgpk0uwx9g0ah5n4vmtimnaqu69mq1yfki9zjhca87oxzqey1fjyl9a2vbs6uj8v
587,28,LINK,6,963442734,x67d2acs54ewbfirgizowtxvl9mt0bkplvppuex0lro0dnv34qnxphbkwbwk7gvv
587,83,LINK,2,232914006,stmktsqrltnnfxd5fjbk8hwygi6gwpepik61v6ebcaclqbnuzujzveo2oqx3xokg
587,104,LINK,8,979536185,a3echr55acgou25m3ytz7c0269ydfpfqv0urmvgtp4zl23tmhb3bdnmvbft43mmo
587,108,LINK,3,597740205,eqav0pc6r24kza4mgcomf6efz4dk12xk2ungjpw052xerkv9si3nhsof5tf3nzmq
587,191,LINK,10,814198090,gd46wmi13ctp8oa5cmwrxxss1bd6q2u34w6y931z63xfgw8m98qup1th17zh2o02
587,195,LINK,1,340077911,0c57kifqmg6g4eu22blwlsknhg0i7dq7puo6p8e2il64mfnws005ydql6mxsc4co
587,240,LINK,6,198165090,7koh42vofwldnjlkgwrpzocjhor4gdw04eojt07x8x8mpdhq2wopujpal7eug7re
587,254,LINK,5,342716034,pmfl2zomye60t21mwvhtwrbtoizzyr7wc0bmfg1pcu46tdkujiyg9q4216j59up9
587,304,LINK,4,97531243,e4avlgydypms65kwsymlqzezqbtpi1sk7gmxswpdw54khdw90sc90omivyk04ucz
587,392,LINK,6,68435644,cs6g1cf1hx2wjdk3s5t2hvj2cu2maz5xsnx8fy9adpvx5lxal1q1el8tv0xmtpqn
587,441,LINK,9,274219077,nc5dzj2qo809wzjcm92a7bi8bq01lbiwi5he23ekput80inwr3pvhf91k4r071sp
587,456,LINK,2,192102967,u29mt3p9bcdygcza71dm2j91h1pqs2je7w4qy652eu0xefexulhq70rnqsryivl0
587,519,LINK,8,834176331,c3bvsmzw8ghvudgbqjlmxxt3x6fngii7ko8hibpwg4cbpc1bro3e8pldky343ax9
587,564,LINK,3,748115248,egwjsy37bjzwnuunl0xs21fd1amlmjuscvzhzjh7tw93yv1dkyc5f28vxlxyga3h
587,588,LINK,6,424980399,hl3r3oydjtmyhjnbfh39crrpctbpcrnqfz3ps4e0ye5yhagiuailcf3j9t40jn3g
587,599,LINK,10,532616876,8ob7wl3q8rfgqt2vq6ilsz9931rda0lw0m0qvrd60jyki5opv30l63k5tyc3074b
587,692,LINK,1,107030470,3dkda1pxx6fk8afpjf50ir44x38gb8ejup3di9ky40uxk3ud9a3p3omfdyglrgi0
587,694,LINK,3,820139863,ercxhzo7yk5dvfkopx76d8coyy01l9e085d6c10oiat669zivntzvniuhebbrgvh
587,940,LINK,1,387056461,1zj6xhfk9f4cumi68idwj88xy1u13a0atoozd16zzjaryqjg83eoq1mwqmamua9y
587,947,LINK,8,878867491,4lsix58gmk8hnpltqfn4thfj2jzjxgh6oyepci7o6z33ugqbcl5cjkbu8rrkbeap
588,566,LINK,3,275366054,kib6h69o0h2cpd8b8u0cxwoh6owajm50mzjf53kb0f0xi34f09foxf8n7ifib0b6
589,92,LINK,5,528777173,vixn30v47q1q1ye514rvwak3rfgay0fis8v97qlldaseru3p9nxmqv6hnu6whmll
589,165,LINK,1,439184257,1yy5sl7cezd3lpdpck6ljfkuj5s58m4zadu3dzwk3wawtxlxkw45apj2bhyyunse
589,254,LINK,5,605670251,cllilijh7mms155scfaqyy48u0bqc73vxcmb9q8o8ujyaalm12jzbuj7hxajcbww
589,978,LINK,9,400767527,vgbkq43f4469zz4tqj9c8vrupnq2pg1icm9ubvp71mraf1fd9cngd5c0pa6p8e4z
589,981,LINK,1,702972093,i9yvz10lz9rq59245ixtet1bunlqebbnfv1xwihthfudfycsc8oc0egsr1x9mok1
590,711,LINK,3,111735095,qlfsm8prbgsnn84sibck9ylb5u4ooffg91kqdmei9ovk4wy33sqwzfdxa2l3godw
591,10,LINK,4,572335003,ezuvdt5meq1rjbul4fh6vnppbct5i78mr19xbkub9ttra5g6miks3f12qga6zkkz
591,29,LINK,6,353463470,3vwfth9u9h0814bk7dzjos7gscwi83qjhvqiflglepij4fijmfcrnjbzayln5li5
591,33,LINK,9,715096934,rqxj5tjpec2kxbxdpm4g8199d5uoef4qnhdy4r5nf5irefm84o7q99bkuxcmti07
591,43,LINK,1,230728626,33ruwwxsgps6a25wuyckpvpqgrbtrj0np78o2olxdgztmkcqmb7ml1vyvd09jbh1
591,69,LINK,8,126835235,1h50d5a1kqnsr4s0aan4mktv99ji2r6b09rxe3s6y3vfyf774uzxn8etj84gjlns
591,70,LINK,1,513605088,vyjux45udhxxfaymlqxdwyjn56il1bmu1oblevet9rdai93gxvepnh81d2m0o0qy
591,97,LINK,6,760445112,qj647bo0uqm4e3gomq5wztno5o15yxvd5nc3x9d93v6iofvqgf75yc635hrw0ifm
591,109,LINK,5,956477135,7trpnm8dwpf1mqmhgg0tvircbnlwrngleg18mp9u5p1bsg2gs6fea7lgclexlx6e
591,237,LINK,2,815453246,9snw1zlskb00xa3qiscro4dg3e5g9bxbyj8zsyun2dqmxdmstvspinhnln61vkta
591,252,LINK,5,224928121,p2xjloaehfset997rjs88xktkse4ouorcrhytk342sbl3nylmi5aof1f5tmoyqbp
591,269,LINK,5,156102570,rqnabtdrvrz96clckhtpf06gooqi9bvis7zk5468d83bax2ffubpqnwz0t79420m
591,291,LINK,5,188914698,igfxt54z8yxv1e6npnrv0mgdocx54qbqxie91sx1ecot2hp2uawb4s3axtns25a3
591,297,LINK,5,537261393,cx30r7h5o55iowg7izwvlfobpgcswkcu863plnsjulo3jtzuqnj32w01hl0ng0d2
591,322,LINK,7,551204172,21gcs4a6m9abj07hhij7b2j9nxda64wr2p3lf7v2vgph2o17xqe72sfk03junltn
591,348,LINK,3,231155285,sov55oxtwtogkb2jakk8b6qbxuwp6rrzagb8yyixjpptl64gc8ynvvcdgkv95jb0
591,435,LINK,2,51469438,7her96k9pu9hl7herp24nlmwq2xoggvkbbkj0ga2lpnob7zjxcgp6g13unggnhpp
591,468,LINK,9,945719412,b962j2n4mfjygp3ewc69wudsjo4j17ejqtkablvr8utf39r3sgkpyanyixsfaug9
591,497,LINK,7,419142362,qst3837j3ssqwme5zkyixtzwodxr3asfey1azjml9j9lrulhd3i9lb1dga7oiaxn
591,521,LINK,8,259201895,f3gglzs3ycnn7c7k0bh4y4yatm8hg4c6ihb553nv1rdhz84tlavdw7ie4gnw4cml
591,539,LINK,8,821842238,sg5hxl620s8j1avcyx9cx2of8oqk4dg9m1grd75eao4ozpuy634g9ospf7gcjc4e
591,542,LINK,3,307192871,tuzilir40c8nfx4hjds0y65aak2omh21aub9mbtq3mk1zeyw3tpep2cg1w5j6nbf
591,584,LINK,5,929097133,yioc9jam5jncjyvs3yy7dwu6upwfg0ts1dkbgn27le2eirczddq6bs7gi9r2fne6
591,593,LINK,10,407960857,xn22k0j7fgv6uu7w7l74ceybq1sc1b7e45azevbw06kuc6s82jcic8c09nyy5inx
591,631,LINK,5,887608696,rpfs5eid0ebifwvaqhbvzuvc2d257hnds6um5nz47orauj5jjo6wxuq6kkdecjvb
591,639,LINK,1,478265636,0r9vjyy76ag4q1ef2mlyxgu2aek1mx5a1xmjhk7wk7ntdrebvr911244b5qlgb7s
591,660,LINK,8,373668572,frwtcfr33clp9vc5guh1o8se3n0gy6ak4vyftmhyzscm2smhtp9owz7jbr4m6kd1
591,663,LINK,5,425215772,0liauljg95vv2wys50at5redl6xq36m106ox2h7v9etrwytux174gmmvhudx4l0o
591,719,LINK,5,627618417,taba5lqjnhqo1yh2bkqhtixo20fv2jwwws0odyogy00q5mzw3tlqvsp4hgxuahih
591,725,LINK,5,300517160,bv6f6ugpiunwtt7nczblc3m757grlo8qkis2k677bg74pokdg545qgi7ibbdcxc0
591,731,LINK,3,980582435,8dgo3w98c004qpxzbxu2uxzd04sa39ncms869votlh8j51802fozoclzj5d8t9k1
591,757,LINK,10,155530654,4tssxj27jquutxoy2o4h0didxafketarc72z9zqyjsw4b89owv17uyeiqg5lr2yo
591,767,LINK,6,303353058,wri2hduqm5a0fik53egtclmoazyda3crqbwydgyjh7u7eesk6jqmfq9ywyk6dhb0
591,774,LINK,3,518447396,aw560bo9ujs0r4gxbw6wfpn1cl9n9ka67n58bfd6p6zth9zpm5ouavd4l5ucnb5r
591,784,LINK,10,281208013,0ie5zab5xlf89wdwreql2n1hrcr1d19botow1q77q1hu06q3142qvmbm3n2h13kz
591,799,LINK,4,471838976,egk5f4uh38off26wzqr8x8ud13u3ve4eyu7f3y7rwieblocgfhwl3i3tvihlisdq
591,800,LINK,6,174951661,dsi3bdwc6u7j5wk4axyzjkrcnjpas15undvsx0rub8uq9ldeckt6pzkp7faco8g6
591,809,LINK,1,601072449,nid27mybh73jq5w9qa4e3gblcdyojd1hm5znc9ewj81mbrohzfoyzeotxgus1a46
591,825,LINK,7,113556717,m4bws7r9uaszbqs6eocw5gvz3qs5o78gcans96h3c78ilucgqwl0epb5pl9t4dea
591,847,LINK,10,847197583,5l86tmzx7u8zgc1c25uv7hpx4jq1hfinh0elnk885bq9syqdui96xpzbragruw3g
591,851,LINK,6,17149125,18iucjiv0coruo1kdves8tps18fgz7douemal92he6v5orasddn6xvvp2w7hr1kl
591,866,LINK,1,752157304,j8jlckdv4lzxyikh2u9wjlfw4qo03scw8173lxbb2fsco565rd21c75xlkbjwx7o
591,881,LINK,10,306009168,gtwb672kgpz6c0pquhk4597517n1thx423xxn22fxsy2d0up4de0nnmgs70fmh1s
591,935,LINK,2,122097339,5gteeh07grp0ysj0af0ydkbm3xero1ybtbqjku3pc4eq82ynyg22p87l15v0bwbj
591,964,LINK,7,696939522,yyjn4yfugj8zv7c9yqahkww609xvehbcq71vjz9p5u3wljlfzscvr0t6p0jndzvh
592,314,LINK,1,83070505,8rhk5ia1vx2v7v8i7wmj9xg0t0hmgpbwpyv26o6wd0w2w8qdfm3yj0ox23ex1nnh
592,765,LINK,10,776480906,74wnddt3jx3a17cx1o5shtd3qlijm9ufaib91xo65maoeelyta9yasvikixvwezk
592,849,LINK,1,392472221,i662a9sxjkbfybbkze8ge9e9dinl382txnb4fzm4x21566qs0virairkf02dqo02
593,28,LINK,10,155817411,4n3wxbi05nf7x8zjl9nmk0l72ihhibelqo53yrjpnstvuvn6e5loe3lywetp2oeg
593,32,LINK,9,48089402,qlhbropdyj2ta7n5lvbd5pvd8h7scmq40vna4oyg4eax19b1nh685qt5k4668p8w
593,40,LINK,10,557010290,2gqlioazmy28oxp4ryz2xwmphegsg9h9so6hp3icdht0qp8u5bx1l4btcgz9y73w
593,43,LINK,2,792973588,uocfwwipjvbheqtgml0iqq4mbx7f432ssrq7e6hqj1cc0nc9g54auobq7t91umcq
593,58,LINK,10,625967084,ua5uuv77t3z7bg11n9imy4a63va2byy5lgrike1cooaun8jaj1trgiv516fct1fy
593,59,LINK,3,337202135,bp1lxjs4lsg10uxvgdw9w5b1985izj76fcqoto1c1bfyynk6lsow4yogk8bpio06
593,61,LINK,8,713111014,39wkjg34t5fhlpyiajxtvpmo3vi23j4zhl2qwu89i4hp8mrep4srvd8ffeavtd26
593,83,LINK,1,162024563,6cspsrkbirwqnwcgj5lp6ssj3ip313h2i1yruyfcf6yrmd9xss6o9lpp3wguyj2l
593,86,LINK,1,250171443,y249gkihgs2ece7us7dhndxdua7jjdx4ja1pzz7314059h3nj5ozocwakn0yrc0c
593,90,LINK,10,253142583,422aoflypswe9w1n8l3xd3n65kp97d69gz8vfaj6zssr34ahgc3lc60typ78dt48
593,105,LINK,6,817182212,tqdpxbczf4dpcyd9j38pkueegtrcltas6llhz5n77yt6ihiugmrbhxrfkz7jkyf0
593,119,LINK,5,563541953,quhjkv8rzmw437ou7nnrl2egaoqjs03cq0erldngw5vpkw0dj2m9q9hhf9pbwx7l
593,131,LINK,8,953683050,qn3o7fjut56lydddnt6kfo3ig7qeb5xgpp01hd52fz9c3gb9zrs197hjeurv0fhc
593,136,LINK,1,990502839,niyrgit4u0xjrllsg580tbbqsw665cqecs3bggqxv0e38hdcnj5o150jz9waf9ql
593,149,LINK,8,856532749,4hsvlekrxq4nxim8x96o8rhosjvpj9t8lq6dyejzc9hc5oj1k1gwtdgb0c1ztdtx
593,152,LINK,9,24282134,iy1fi1a71m2qru7xg1p1h0jbk81od2hk6erqfdyo8bghkq0yogwl56sodti57y95
593,169,LINK,9,687642999,bky9imdf2q1dl6h8ns3aa5m08u76uw17rf1ed0m7j51x89srz5znlx5d1eknebqv
593,175,LINK,7,477119326,8ctrx8e3rk24sjd62730udirc0nr3bs85ljfmq2hbtp5knkvt78u748z3fdm7bs3
593,184,LINK,2,328252897,8afhgse1zo3i37sync3zt2xzhkbm6x1k6x2pznxhgnxi9zlkxsqisv5rabsb8yqw
593,194,LINK,4,297138239,id2csgk5fx5ceh6p7ga8jvwm77a1sk21gypzsywszd4mmwznkyd3tbz1rz9zxs7c
593,211,LINK,5,592610912,ckbuazhexzcpg540z67cr31puiz2lm5s7h0ygnpdjgckdqr0unriekzkb58a0gmz
593,213,LINK,6,967461451,9dqigl30xh1l1m624ge0vueww23ewdrk0exu7c6kwrq9xyczb8x332tvza9gerum
593,215,LINK,5,641034672,2kbamihzbiab8230xo19y15mh72170b2ne2woivijp3ak45a97hbi2dd6z4kse7t
593,244,LINK,9,937417095,rl5nzw6ss7rcli5llpd3vc4eg9djo8kgm6mqoa4bxopaxgsst5052sodu3pa7sjo
593,255,LINK,6,941540155,r91akjrohp3og4tp557nrsrs2cysdn4omd3446d1zmu0ktpf4hypfoeyjun5q3a6
593,258,LINK,9,919490102,519qjq0tspdjbdsaxzf53i436yji0f3qvx7i7t73vkuy1w6vsobzw3x8y8q0d58c
593,260,LINK,9,996501585,ss16ewury4plxfb5b9ejap2emgxsoq94frp3zrwvqirj1ye8m5cbecw9yy6lz1qb
593,262,LINK,4,556658336,5p6mgk471fge1prpxhpv8jvpq2o61ak1784i7ivsby4kb0j1md2t3fv2issri483
593,275,LINK,7,856522938,dq41d1zawjnc0rb4mzjlfx1dp9atnyrc2zgw9yhrorgn8mj5g4yrmwtrg8lt29bg
593,289,LINK,8,397449687,9ksph7d57rj0wopixwruo7bhhuboo0lmd8br0fmtv8o0dizifdcvl29607nawl8o
593,294,LINK,10,800938837,b9jcluzf1neyhww0qn7zup6tj6yrxt94r8cz250lyklnc59mwbfbs2unx0ydc6gy
593,303,LINK,10,438844269,08piwwqwccgr6vkxxc3l1en5onoypkzibgv89e17j5non8ahg8lfq6h0to2eub3a
593,311,LINK,8,705248103,fdzw7rnptw8q1s89u3e4vly2o4qb4h3iwlf0txwnfy1vszj7y0bm5zydch0lqs3k
593,318,LINK,10,363658000,h0pv3cgqim0rcc6gfdoz8eeo2cutjjzb3arcgffrhw2z2dzs0jq2y6mqy3s9pkyo
593,325,LINK,6,652215887,96u6h46quw6b933xnabi2mt745r89y2xz9p7ih7m7rgrqv22m3fj0izr66sb5mmj
593,327,LINK,1,806604561,88yvu8qrlst5g5ibzaa8nefgluck0xg3qstiwiehn011o4mcm9bt5tllwzmat3f3
593,330,LINK,9,52135468,27z0qp9n793g09s6zxdyfnczbkxa8sbm5lhp7fpphz2hqkch3siv3n98eqd1hpa8
593,341,LINK,6,464949235,hvd24pkvq64p33sytiou3qo2n4kvcwseoi7o8hkzegi8luqhse45p27kthqamcl7
593,343,LINK,9,664667324,6fsxfyski3on551yepasz7h7sq371ixtx2ynhngxnskoiruj0wht7ya0ndpyhupf
593,385,LINK,7,310563798,wucc0kqcb96vhwoni7sc8o6u0aum6c0q86axyjz44nuqg4qmp3mw7asjl73y3ip2
593,397,LINK,1,181230615,ca3073jelxk1h8ww9bewieinj7m1flbgjo0jrlqlzfdrnqhhpwxxruisr11iskoq
593,401,LINK,7,877499415,3jtht6kdd3oy3gkaz37z8zftuvtgzy9c1squzumibfqxup0j5hq4535fdsmiuetk
593,404,LINK,9,527682794,7kzzafmaz4920lzdolqnp196sc21mpb0h0bl3ctz0wrfgryg86slxrhitn2ut1eb
593,411,LINK,9,495574879,8fzzaxerchzapd9j73ecxby4iuigvslqpn9w1922hvcaepg0njhm5e3yvp2j14q6
593,414,LINK,2,573545432,fex5dz6585f74tsxdh4j3cwd7i8jbv16wj6zzl0zl2thqx1krrxj7537m6z4qek3
593,430,LINK,10,650221551,acbmfwsu5qnqt634wgg95faemz47frhkdcyvry83tvkeorjnk4nhaca9je8vrlp5
593,438,LINK,2,155569669,m8a108s28czbff0goskphg8o25lp9rvxrle9oilbannt0spo4t2dwae9uv8clats
593,478,LINK,1,341731300,uuvdngwljc458wm4262uuzyy7srfa6jcozfgn1j7kmrulbvixyb8zlnhu9ioxfzf
593,479,LINK,5,768000784,wqwu0nrjolmpyaik7p5s4o4fotd4psp99xgd71db2au2hg2g1f97oz9qnuxfbgcf
593,487,LINK,7,458639767,lmyyv9kww6lk73v6qkd8ol8mmeaf7io4xdvolx2nths9sccj8m4xu2l1hiwwq4q1
593,499,LINK,1,974457093,jmwgvlch0otj9m9og5l0rgkyho6rapgappqo9pajrxutams7eytsozzremscj0sh
593,509,LINK,7,787307655,g7dqzfjbfso398iuptbe8830bn27rt5gafeua5wlvrhh2i0mlqw1mkpvqxra9xih
593,514,LINK,2,748217932,hwowjskw7tsvotyq3bxvi9ubqkzicnqd25y50hlhupo51z8gurrj8f5ol9vvl9tk
593,516,LINK,9,649807740,tem8r8xpar0kzr4ll2z11bloeck96qqgqvn23zw19ki02dv00xtowsiwzztg5wab
593,517,LINK,4,770040088,s1ucdurj2fllam3aoom97cy2kx1yqzsb0hv9pay5sulq84uz65pdzeoymww4i2p7
593,525,LINK,3,736727916,fq6rh6j8dq8494akx78kk2yzqn62thri38ixhh468hd7f04qvou3hg53hbo8tdop
593,542,LINK,4,297190214,cu5jw8svtd04n1hakckm4pkmtzds1s27vqntmg6w6b6jc9zo2dg7xmgu2zxyp192
593,548,LINK,1,645777079,y5dwj51idkvwa11obdgqgkt22royj6p9x329rpwcckg3z67tsocysu2s4whjzpvh
593,559,LINK,4,592672754,j8bjiaqhnhq8370p1p9ubnf3yfuup190378mist4b1ceualau7kzsqg2gpgmfd1l
593,567,LINK,2,905111945,69l36k1oijmkgui66aoszoobkzjobwxhm4cvs1hj4341r7qyc1wpxcz4jd93riz4
593,578,LINK,8,605517911,zs9iq3zlhf9qh3peaehnzc5x5lgmlrl1klk0unrtuymc7hxt52npu76pg40wbmfv
593,583,LINK,7,942759728,3tb57x11j1ghi3z6n6mze9jeh03tkq7kifeg5i5b360l2g53p2h0n9pnqa9yzuwx
593,591,LINK,7,389137271,3df6kok1jvnxxb66y8eoijvxag5trv47fqyceno62thvfte3cysoo0jycebde7d9
593,598,LINK,5,650598824,cb8jj270ms1cvjl0xwbqhwe075bx8cahjyc3a7mr7giqattdqupbome35df0e5wh
593,601,LINK,10,362422849,ip0a17s2rcbtl6r1no2jsmzasqbfegeqvv3yigsg6or1wr1hecmssp8wu8f3xwjm
593,613,LINK,5,608140909,nkivvuwe38r7rswdp5vkkzb4lj9ev92qr5omm6w19ceuj4725hcrznj3uiph18i7
593,628,LINK,1,43689941,dgtqjt45mumbvwjksk0z970twzf18z5bnrwtgppgdmr330icx31vknx8cc3mpgd6
593,637,LINK,2,588265738,f58q4re3cu33vfnjth0o9vxr83dvdm6i8qcgmw31dllnm88yg7ypmedwpq2wkaab
593,643,LINK,8,704016006,mjxc80kufom9q3hs1r1mtqs8e9ltqc8bp9bny4an1sxr6kysqhe2gfhdqex40sh3
593,655,LINK,6,904716307,hxaxrce0gzr9zxjjm3l4kz73qrkspc1wjgbt0hd7hgmcewdqfce5hgshrfjhuov5
593,661,LINK,9,306436558,bss0722m21llxsihm9x5pjc5zjaovtqj80u9mq6llchlve9kn50r19vnzj8pjv5z
593,682,LINK,8,917355728,t046qyj21bdyxm5kg83eydso7fimxoem3jy0yw537tfrszpikjhbj94qvvsl3w48
593,686,LINK,1,885422480,vl55n3b9s3y33h1t3bfcix0pww454c067vs0cyml0jig9o8pz2hhzj4yk5zk8ky1
593,692,LINK,3,267709402,2f4xuhkxke1r2nk3its6k84k96zff2s3o09auxb8qkukm37smmshab3m5htvcn1b
593,704,LINK,1,57262468,7wgf72dbowxei0gxzrcr1jww4h9cpung6l32hs28mp36lfbg7jpgdkhhzm8a9kap
593,724,LINK,6,359809121,4uj523ss02kqktessgykzr775m78tcw1qidaycs2bhkoxpi06jz8vl5g6v2tpqvt
593,776,LINK,5,240371304,aj5hmc2hjbnoag6glr5rg65loyym2g6ca5jr0s1pf3ivz1y6srnyidlr6us6tevx
593,783,LINK,3,151426933,r34wafgotya8l6yoy8a156bp9i1p740f7hjqcqnushxv7p1kdk3ds5icsoupgi82
593,785,LINK,8,652267443,o0l2qamk25qe49r8twmig3hh2lpqv7gwfnymxk715g2dp957d0sadpqr77ca20mo
593,796,LINK,3,603389806,uctj29ayyb45fgyd0yjoqkfrpzskbqlw6yhget0sfn2eji6n0rau1c5nsrghdj97
593,808,LINK,6,721108842,gernqfp4n1weo8cwysj9t1le7bltddbt5cumzx6yseudhjtcsdk5cpzxhrhl2d0i
593,822,LINK,9,245876856,xr35qtvypx3haq0ji2krosp6s33w54ikg7pzjxp6j27vwyv58tgnl92gv8ow9m9p
593,823,LINK,6,679171450,rcjsod576rnco8e544o3o3hy7ri7exfpae8gt44f1npky3in0k0vuk1ga4623ikg
593,828,LINK,1,702165340,4ijacargkyshfx1meibk899i4p8hcpirg2ros2y7vndbuffy4o34k8vnwjyoll2z
593,844,LINK,8,117350707,p9pjjx8hylpcka7lxhuwfhouc1v5d6apg5cop5fnl2ic771mi3fnxhq0eu1qgrg3
593,847,LINK,9,645233458,l48lqfantmg9djbneocu00tp6f7pximgy1hswt8eym7e7b1du0f8blgnpitjjf94
593,858,LINK,9,544566594,ldz1aj5x3jja0erk89t4obm8c7lrcckw9ng84e4v8yewzca6b894flwt0t2vcyk3
593,862,LINK,6,641788498,q0ulzgvexppqbrze43djy9it9txrakdyai4u2ima6v4plpl6agynxv5azsjlv6l6
593,879,LINK,6,33625848,ol234h8hqskdqofjxqu7pbuxtgoz32adp4n1gk65mnggp27phgsul169cj6cn0jz
593,900,LINK,8,457674238,6tt9tpbl30xrfa5neat8k263kxx9ot2yrsckjzb3awv82196eoy4xuf7uygghb37
593,902,LINK,9,311818885,ytneoutjrak2x3gpcla9z6s7aeg1zbjnybuq6vrxesk1v7j9qlue5weleuibkf1b
593,923,LINK,8,993178040,zjgpi13uh9t8bzj2331ylbtt9odn3vpo0dwqnzk6y29rfcqlsfubguzy7wtsm9z2
593,944,LINK,1,93223,u7dtag1x9h8qgss3nlpkjdn9r32ayjxlgyrjviqi90r9wunkhzi6cb9617x90egw
593,946,LINK,2,353031400,hf0vtr5k6pmhlfud3wghtlarpgxidpvabe7bub3c7r9hi0liqnhrk5djjwhvug83
593,980,LINK,2,216064266,jc2nyv9anb59w09exmtg68r3krma0o2aeghaepj6srz98yo1e35uduza8vrbuwmv
593,996,LINK,1,316825162,muymm5hztlz69modgy6iqqh5ukffpet3mjtmuuzwt7spkrok2tyn0vyciggosqhp
594,111,LINK,2,946023055,bcdfxki71zwwrecuu3k2qx1ijhgd7n68ivx1s2cafbyp1lczwry7dwaci33kll17
594,206,LINK,4,836788589,quaw7c1l8wc9radoajtsave0o49m9s3toltqadzcdqrwt6sdbxvctngefk9310pm
594,266,LINK,6,685821067,jhlc329omcupr98u3coqhpiwfm1ilcr239t9fmpchuk6hyzjzt4cld1xvn9sftcn
594,447,LINK,5,382945243,i9bcbustf4d6qsnlvwnfk5adkkgg825wcekx4c94q5k4ym87mrap4rjummr2mfad
594,501,LINK,10,841839094,lmn7hbdr34q7k30pec79bqiajxixhydpumo4xo1hg0qeftr627ungjrwundmh66l
595,484,LINK,2,501226354,7594wt4ydz8y7eqrw6tirb52iytoafn1yrzsrwjhpg1xenyvbctq9x7z23fqngc4
595,851,LINK,4,86049299,26j17hgsszqhzb6154a2be5pqc0wyrumtfj7kuol6lp4ukklys8syrgpk8ti7b7f
596,417,LINK,5,578022347,17zvlieh4o9zw61daoa65xgnzlmjk79q80emdcmu5qxlizr3dkjfwn4gr3q4pwbn
597,564,LINK,7,296935456,vgf6cdeveyrf0uqhfb6ih7wk2sivg39qe96nm8z3fscm3v940pul925sxlhbhr7d
598,0,LINK,1,672816217,kok2qfz1wjgz1hzmrierti5dsmdugfv7t9vfk9owtjb6xl752cvyryh0ix6ouj4p
598,652,LINK,6,109859905,1ktc7h1yk24y89d19y3d7ootfuxw6xh5ikwpz48bgyduo68ob0rm6yhzgbski39n
598,697,LINK,4,678846021,0afoji4o0guf94g1rqfuq4tapbdi591ur1bokjg5zcpkjbhf9mkg24j5f35dak6k
598,909,LINK,10,567345115,xnb9pu8143a2glgwqfi8mahbolb4efupr1fhie97pd3cw8w2spmajv1mn8hqyiul
598,991,LINK,4,334857203,a3xk7phl4zkjsww4rn041eqgplvmf7taw3jx2ge33hwkwtku1b4fafea7l9d54b2
599,160,LINK,5,839869321,zvg5o253mdykt1uh3xu18t6dfr8q98hpmgkglcoflns54ojb1940yuari5wj636l
599,355,LINK,2,749406214,ztv5lt1m09hu9epc3lbwguhneij9736lgca7no5ygg2j58l8rksl3xg55sl6xfi7
599,564,LINK,7,594214633,mb77vk0fxs0ijd00vnz6uq1j6r9lgay1lecrvbzcq4n195n29vlcs5ffikfxbesr
599,598,LINK,10,369220550,xhhv0iiwd27tw5y1ebaadmy846yf3bu7j0s710wevvd5lul2avlowxc8xzenao6v
599,853,LINK,2,602624470,yz78m88w1htbariuhsa1h22vzf9tunm4c793jtdby8t3j7540yhbtjnkmpc82e9a
599,949,LINK,6,753532595,0e5z5qaho90nlo8539kv7okv52bpwk7552sgcvix7r9eopw3bk39ygqnbna5fkbp
600,280,LINK,1,491039159,egrvf4pm56f1ejltss6lf5yb20x0bsxdqi1xpmk6e0gn329xdu68of41s196oihj
601,409,LINK,7,219342779,81x9x25dynedal7tka3pr4kf6uaiam5n8g782i67kwd5t92kfis4cjec9lhfsm72
602,382,LINK,6,995767512,2u637yp76bx8dv1etvrt27mtzoge1inimnwt241iqx7dirnq1y5xuj22nwhgx13u
602,428,LINK,1,878323433,m9o4aofl6vk2au1zvx1nuuvjjudi2k8vtpdp8hfpqrvnsp8lytyr9h6hzthbtp2f
602,541,LINK,9,823009827,lrlcd774mszil1tzxijenxebbf1aqbk52at89e2szurbkonq645hd4ho7lf71i27
602,657,LINK,10,185965042,7wkydxfbawwrqidu3m13nkng5bqms7nb2a075fkg0ykj4w7smbrwakdb53eusfap
603,981,LINK,4,891439921,xses1n6igeoxmf2jqpebb6vy1duzlfn1wys2kfybxdt0jld01jq0klwv4oshfg8c
604,131,LINK,2,397998641,0mv9mn7pd8iuj1m5hrxu5urozlmk8yln8csjf7lc625fligy0npl1tk3cdtmmoyg
604,203,LINK,5,260532663,3z183dwcuvie7jboa4lzzgshvt0c5zlglpkje98155ph732fvucqw7e8dm7xjhem
604,944,LINK,4,971610080,61sjdpek4ycvzpsin96ymk3udy7mzqeuieh6d2cxj61xe2147ndqo9gfm80w320m
604,970,LINK,4,923649165,hp1o22z0mu2fwz9077ll7smgn0ns07htljkjpa0sqeee4ricdz479x7ao9rgtn7g
605,872,LINK,4,782930274,9czwd2txkdnd9wwbfncuaaqopvy99gg63ah3z57tw72bfyavov5aoveojp8bfo21
606,692,LINK,2,977997129,m3sfzbdroqz8e9ylbgyvpsfp2obt17mgirn761by8q893beoshpduo5oxqpvd1gy
607,271,LINK,5,440777429,vz313y3hr3zang41penwb0mcb0htl6xy2ymja4csupizhcosfvdr59s7ntulqb26
608,492,LINK,7,127446040,ilfvcjefdtdv9m9y8q74fy27bpk28xkdeimry6yivtxmod6r5qqhq5rnsw2258ma
609,557,LINK,7,33791932,gvj72cptqtp6z3q0dqgnmnunlqw7k4iz1q019a3e0fy0hf8udt07qu63cdh96fag
610,17,LINK,3,383576297,3zsv1gb7gbbbntz76ku0xfxtiwrmwvn2svdsnn0kc1xdq1h8xmeugvjagnvhjzkm
610,758,LINK,9,772949546,6qvlu4qy0tvd43x72j7wpf5j5q8pxa95kbko9xgxepfqgcb54tudua0kv70a0dhb
611,139,LINK,6,343294320,uy29lugqoc48es99cm293xxzfcig3zjjsfuj8c5v4xvdvzvnj4gpfniqm856lpob
612,898,LINK,8,36657454,lynnh6hv9ed87lk1hci6nmm1xi0gefgw9w4we6egv9c24rt718ye0open4p20ndc
612,965,LINK,8,446078631,u6shwipxm9xq2su2xwo8h1hghq0zo4fln13ohckprk2zqz2z1rffyl5z3kd1vrq4
613,905,LINK,6,801255309,wlmlo51061xxu78f5esnbmanjzs4uq6f1n1l26n0rbvdydbi8rf3lxv6owpwjn1k
614,450,LINK,8,422972807,o6tk2klp12rptuwv9xooim9vf7w18o8w9id90emcmvvvcd9liyypb0lcx8noku30
614,885,LINK,8,607006537,12ui0rjpos74tqd270mb4pgke7m9c050pqzibxwr9ddog9cv2cg8y02i1kbldhbi
615,723,LINK,2,798024217,2echffgubib8v82kcaim277smqpbx64lolu4s5v6f3b4fo3luy5ycdc41mq25js2
616,438,LINK,3,847774807,yhzbboafyu61tetr4lffbd856z68a50dk3p0jt23kdlkmckbnhf7agm9gcxtpd75
617,155,LINK,1,44169196,mcav2jqf3ybehq0mmrx4ckofspu61wtuqeqgfpq096c9nw9ao9cdspmcju8ihsi2
617,284,LINK,4,49108575,tty1jlst9q3x59ag59r29rf2lnzszw3imovg1ok9agba79plqvldz7kxn2vrygvq
617,332,LINK,5,976500633,1yl0enrxwxuacso7u5o3rc8bfe6ymqiqba0veilacvo4fmpqknsmknb4k3eofutu
617,417,LINK,8,594547587,l9zt3rj9l6ts2sqnp7oyt6j97d4pfll2s0me9bcx4br60r7e311tzxp582m8lktz
617,439,LINK,2,110337595,mymtuqplu0ax4j7w968mx0alq59xxh6d42z4p49ybantmxvapwovbfniaxkehs5a
617,585,LINK,10,156566031,8aarihrpalev6x6m8zmoa8bk14lyc6zd9nhakkh4ts1sbx0imiw3yn84mlkzurxh
617,625,LINK,2,629289652,lkhdhcckxwp1z12m0j3o6fm7vc5udfzylew0n3x77xz9i4fy65fypqo20mtucv6f
617,716,LINK,5,466091780,nuiy2bkr5mn7jywudq8ct2wt05ytiz1uust913a7ur2l6w8cxt09erqr8bauxrxg
618,108,LINK,10,254688062,c15c7hfkl98li5z5vp3su4kxpx07rnxnb12ek2bwdsrkakxq3te47yol37muy94h
619,692,LINK,4,642230260,5viv8mffg2hbb3mt45yle94lor19iqdltawp35zhn7d2zn86e75vd7wtj1agyw8d
620,50,LINK,7,63166968,m0odqs96iypuf3qbhgz3hkf7619a5uouy7z33dwsvnv69ohlhwgfed84dpu6o713
620,98,LINK,1,592253603,9jn4bu81bjf82zxe9pcrkeev4u0acvykkg2sq9yryjw5z0wakdhs87csl05bp69s
620,117,LINK,4,186326390,vi8lsjnk8oxp0be849dhtbkmrh9a10z7we1b1i5lm1zyhg38dx3yv4uxo6qr0iz8
620,268,LINK,8,108199056,ekaqx4zfm6spoa3k42iyrtqwb8p7koqhs81t2evc72qgdidnt0deynucr2igpoa0
620,361,LINK,10,129765648,hvakbqn7v0534wjufc1ed0k4hpyfdnc3i1dgzy0qb7rez4nbx2g9sj5z2vr17xe2
620,383,LINK,6,836383864,evcktnoh1355ixnuqz2wpgr3agrilg52ohf7iw65gnw1cb0t1jnpmnkfkgzi7oqm
620,433,LINK,9,576797403,put59zea36jvg27ewhpioj6q3ywiacuyfngh5wxfmirvmrw4u0uz60uai3vzyeu0
620,660,LINK,2,573851711,19g5peub6qqys9yyt3ofp2l98fc6s738lnsdfnx7xi26ou1cv3k5vh7qgvk48ku6
620,767,LINK,5,93852147,11ajnm6wwv4a6d17mo5tm5ta8skzpsdgnk3j3wwyevqkgnw3a9pszvmnmzrq2yn3
620,822,LINK,9,439714183,t8yiq9nanvfx88cjaarniw751028tl6fbjlbkxbwar9b17za6boal2tr8s04nm0k
620,895,LINK,1,603129134,nigzjq6bwfcja8gavalhsp8ox17zwrjxszkdismlkyurlpcpl2eavwtk1t719oiq
621,711,LINK,2,744282231,lbf3dh70dxkmdjzpwz75hemon6w09iowu3luh6c0aip7917zbfsu9ywxxjykrlho
622,85,LINK,7,144444898,njrwqkcrg4j3wwkug8ymiddxqrionkxlkmc6qbeczxl3zlj1ajn41sjhbn817iak
622,87,LINK,5,428990155,9705uafc4gxzhbaso6lj9y2ikyuix5ujgsst273b6hwixab3b2k6rls3mjzwd73g
622,153,LINK,3,617287529,8v0n1jz2i711ekxpwrxa8od26sf1f345vl5f3moh5iwvd2iiehywcbvkt6mh4exo
622,165,LINK,3,114703766,w8mty350tmmbl61f2g4g8iytf61fexd6d9syctmmkv7rw8tn4qutvlh1379cjset
622,195,LINK,9,42220030,ucr70b7f71gjdvw0v56meslub7apxwvf84w038j6szkyxsr6ibo5zblt4lz6448h
622,245,LINK,9,587141756,2zi8njiav4bzs4h6tjg048vc12pb5mxnhblenqbzj8hiscayhz64tlawg761bowa
622,331,LINK,9,198819092,7tsqj0iluiu5nfsobri70rmlwv0kwjq50etrpqtpvv4ewj793irtbbflw23skwbt
622,358,LINK,7,957017568,6rd4lh5kfmqg6s12vfvbzuu5a5ms5qx9v6mfzxsw3vks5m3s3v40eden4aapig2b
622,390,LINK,3,177522484,cq2tp0gp0gzcowbky4axgsuwo4u0jjn0zplfxldfh2s2f8fz4tcy5a2wp6dy48uh
622,394,LINK,8,309651829,1x0nc40kqoqs0mb3gxbswnfwu8psne9utdh55mm410tlnkmtpn6z4po3cnk4o9c4
622,408,LINK,3,927944420,zzau1im01jkxhmt0sfjts3xx0vzgvndt5qcilvrzjnueezsnqxp2rv7qhjbafnm6
622,439,LINK,7,917832491,3093kx0s0uywqlc3tdqshvsj0ee2cr7lozupggta3pnammabwnt7zvgft6uye6p6
622,503,LINK,4,125541830,kf3v4frc1zhnpd290kwkg0hu9yvlonmgl7flm1dlwnep36mew2k6zee1zph53563
622,583,LINK,9,969631847,3dbxhamcmq7sxn7yy3meqh1mth7jnwawez6pad3awar59pox5k8tndeykz40nkmv
622,587,LINK,10,743828810,a8irzy756e1koyg9zkaugeec2aww2gboklh7jcxvch54h779whejot1spwyedjlz
622,662,LINK,5,160465602,jfjsa02c85lf004ijbpjr2nzc0jlotu77poamkjxa3f70pwnpefbwk85hq88s2tw
622,685,LINK,9,116844821,r69ldfznvcsscxt7nyeof5yuttwm1wlk7mm8z48whw2oc3sqo8ppi5lg9meou3jb
622,713,LINK,4,725778027,dq1r368woknhbet6q234eaf51linedmdmlw1xfja8u9eausoltfqql7wyuf8l2jr
622,743,LINK,3,525132448,59uj5j0x4a7bcd1hty36dzf1xa036kmhns163qs7l5hoi4sn28xih9hdh8h5kdt8
622,772,LINK,9,614585528,s1al25f5fvkdhwbm62s3x434ubh9wieh09ijuu6ybb2q7mdc5gffjlgjuy1az236
622,848,LINK,5,467656213,gizxz7wyjzrau1nm0mka1859too9eycwpbsyythah49fpobjrjo2thfzxa4r269m
622,886,LINK,1,939579752,inz4acgjbzyg1pw8zuv5xonzippf1bhssvtr5wdrx0hbv0dz7q3wvonklr1zdvar
622,921,LINK,8,203064011,u365qv9jxkua4a76tlanoj0qa64joi3ndghu9nmyp5j9tdb18xp5hs5pq42zgbma
623,104,LINK,9,994294274,ts9xevi021w5hk9kml9ujshawjpygp16kypd1z67yq1moe54akdwvoful16yita9
624,406,LINK,4,588797284,p1w7j1dxnx085x5m9aopjb3kpys7t2cu3xy0qv0ey89zttuokwp474pvldsagbg7
625,24,LINK,4,879778006,f1qlhx5w0dz5io5s8j9odayphzqep7tf9iqjuuqqhj0hnawkioknz9x5kr7vz071
625,36,LINK,7,818668189,z1yp5wszt09ctbwg1ldzz7yex0mn6teuohfgh1nesr6r1cbtvehgh1l7z0lso00c
625,129,LINK,8,391803261,h57q26wn3e0t5nqmo0wl4hunuhqdia3cv11sy22ryvd82ngvy958jbqy6ng3865d
625,161,LINK,5,878914969,x1mfhc7uuu637bht87pe0ggmr99iy6tdoebzpouxh3vv44kbk840drwmha2kt9my
625,187,LINK,4,791336416,d144mv9v66onqkgrlj3zw2ynx5bst947b8mb88j591xtpfkuu90mpwat159bgf90
625,288,LINK,10,390347897,vttpt94hey4vjhygmf87s0ym8npu4c1ofzk2cese5x10jb51i7z718fvqt3fysmt
625,295,LINK,9,202713947,ktazeub7d1mgs82qrdqorho7279ztf71b9dxw3qyshxkpons5oykeh5xosw4kp94
625,366,LINK,4,397987169,i3gx55mlvpbm1kt60fp3i1tlib8y4nid72btqhosxjdz8vpw2162p89rstod91is
625,375,LINK,9,506804596,taybi2pykbbjeidx1213hi7k0buftjp25f1s9v52ajkjmlz0lr8ri993u1seb9nc
625,796,LINK,6,345477390,aj3hfutsvpgv8bbz1qi0gzv6zi7zhyrabm03ck5scfvp349dofjnxt79sk9ojir4
625,821,LINK,1,60256177,vtx6kzqbn6187iiw4r28a1yomgsa1iucxege6gzpnp4tcwf1cnk3e3zlfrgaz40g
625,909,LINK,5,69431639,rkjtl03fda9kh8lmdlij8j3ddhd0naidxr8jf4zq8hha3lozy4izem9y2tzp9qpm
625,949,LINK,10,457966604,7lpke7o9vojukourekgeokqeyki36roc935ccm8yxsmeisqi8314ronwtoi60rzh
625,958,LINK,10,273259424,xpdv1rqqu73ic9u6pfcfie9xj47jro99jmn2as4kmwpnck7zi2jld4grk65aqynq
626,388,LINK,1,320266755,4hsy901mitm8z4b4kv5x3ngaxiuirruamsutlcodcsmted3ggj962xnedxc0asna
626,449,LINK,3,382954574,yx7wltkiz0l5erfq34m4da8odd5pfgv5xrlxth8vaobza57mi88g3ieac35r3jf0
626,483,LINK,8,970183230,py3v85orhiobnlue39w04dobooxcpzx65shwkrm3440xbf8c9igjqkphy973nkef
626,535,LINK,2,689535753,gecvnvrom8x93csnjg24ucfckdey2d2trano2q6hav57nl4ztrx7bs9o21laluhi
626,717,LINK,2,194321739,rs3a7q6rn6dzx7phdq2g7ppg6866tsisl1ieliz10ibagvy6tgby1e846cznooyh
626,956,LINK,1,757727479,oiu38ub6s25dzvz2u1opcbcsr7o5j08t9c49gwakl092vfmstgcq9teuqfephe1p
627,445,LINK,7,185997811,qrbhd0k25m812j5m0w458pt2shftzb3muonjk42nopcu488qflehvpt1junydrm4
628,86,LINK,4,436218256,ys1lu2dntkxl8vrq9am2i4w4pmqfcyvwwt5grpiyqhb33ua8tur7i2wj4c0yih0s
629,579,LINK,9,129990538,aw9trrtp68va7l9kvzy9jt027w549mgmxz5b62vofuozbvyxh0o52e09fl7kn1ma
629,665,LINK,6,369762575,0whtz6vi7vp4r1xaxfso5r9lmut7kci2ufo899apxy4o73wcv8rc7xclht838f1o
630,282,LINK,2,528284750,d28wk8kz8ulm2kwoq5ilm9mx5ev80u0rztvrqa55xr730cft2zwhxnlk5p3tp6cu
630,763,LINK,1,421590701,d9qtahcsyug8j4mowj83fd62ciirhv14tpn1t0hglu07jz2mhxarvshn0d0z55cj
631,100,LINK,3,58507347,opzq930zminf8cj697a1n3zzh748np6234r3rg2o4bczxt3ij055n9chzqck04ho
631,489,LINK,7,384368707,yjrkhx45nzo6x6pvbjb84kedcn6o9q6qku5795az5kawm6s50chgo67llogvwv00
631,784,LINK,10,576068771,0rqjhjf8006hzs948x9xuvlb72y0v6r5wthvcznik101rsvs4sy6hnizf4b2aeu3
631,990,LINK,3,542046816,po50fwd6v6pssyc1oxz0skno3uvqaxbpt7tv1utcwfkmfna938bmlepbbcbh9zjq
632,911,LINK,6,29651798,9ofhmxr2whzt7r4mpc2zzwn3bf0dkcopkh9cjltorldahmenwjtwmslwnzkwmd24
633,643,LINK,1,27458080,jzwnsifrk22q4cr6miz8ejp5i9z8jcirgmuntjpgwxoxb20fqpzerevxl8rxf1gp
634,308,LINK,7,603423409,z75ksqnwd8ewdm4m49jmezk31n4oqe9xca3nkg6z7hk7iu7lscn5f9opy2ypv56z
635,153,LINK,2,610470861,cf9t5oirw11gtm66zxsl4betjuoav0qve832sjl7vuzxeo5ezwuhhcnuiqmbh1gp
636,916,LINK,1,399402065,f3nc2zjh43aly354e67lp0er87ww1doknz5obqohpqh0ej653aqqo5gz9a45y9mj
637,12,LINK,10,942528854,hco639ht6kxc3oyi2kkc7uzo3fgxjg97zqkbwwbuqriz6kszkpj35x74f361fnk4
637,862,LINK,7,866513201,odd2aau2c1637rrsksvggi599m4roierlorpoe03khvfmwca2icg8fhdrvqmrj75
638,419,LINK,3,177446136,iqo1bqjg04ohgwk6llssn83xnf1a7j45mnvq91m61i1ch6vcvg5uipwemzgz5hkf
639,728,LINK,7,12913518,cpl6otv4m4fx6valx57p28kqo7hn99z2sxcpru2hu4xq7xk6sn7041j3eiqldzqb
640,192,LINK,5,17414348,qlqliscddf6gae5s9oqzjsbk04ey0as10x15tl4l91g4xmbbkkus9gc9ltuqa8pp
641,930,LINK,2,933021824,spiynobnxo1888yaefmgvboeapoe80w2ggzdua71i78r7yyfoi2f3zeoj7zbruw4
642,334,LINK,8,44946855,gxc83bydrldzgx2lpb9ql0p3orbyktut32kr191mxwsm68c37cg6fddoq6uh0rks
643,295,LINK,2,430826833,0a7k3jaj11jkbk6uj2fze8pg7r63lpuvfhy6bzawf0vqv1lvzs68krolmj8bh4bb
643,317,LINK,6,952340824,hut2vln25wwlfd36sbcql8x9pj6u4916tbpgwjsxev59rpbphpgvt8ahm8nazk1h
644,452,LINK,10,839410782,2ctc615v55idaa2yf9nyf1osx6urjjq0plvg9c6dsj8ib50zz81lmw12eocq3agv
645,5,LINK,9,469219956,cofxbxtmkzbor5kkmechdr3xjnobxlyiscnwnpoxmykd7q2g7d9s7w5ap8eq6u7u
646,580,LINK,6,235283883,ge9y86nw0fy4yijjm0nd2kdxkp1z7eav9tx2xhy31dx05p6r8m62xpddc9ahkoss
647,950,LINK,6,176253894,ajb6i4q92thzom640a46w7jke1kttqkdu3lroepewncd42gpu8xu24vzpwh7jrpu
648,107,LINK,8,705440787,udle2dk9blj411bauvazgihs8gea13plq3d9gzpd5msegc3r9zfgr3s92nx3d1vw
649,86,LINK,3,343745254,ikels7wu7zrx3331u7ezybftrbs7g1hbw46g7mm0qvlcp6gnj5u39arwsnnaqxey
650,424,LINK,2,671992209,zp383ipus2a1ig5h49i379euv5sx7e2jdq3njqgweb8r1vtjkvcoubiy08onsnjl
650,626,LINK,5,428440225,miwjwj9b0pym7zb4ejylkh61p7y2jkxmy6kigntoocd2d5os94k2vu4dz0ny9kfh
650,658,LINK,4,623538946,lo3qki3u7uec7woito4nsorwhczk1sr0qazm0eselr08939p13sncmo8e1c7zanv
650,847,LINK,5,470798267,4pcq03jah6pto09hqt5szwzuk7sljwplz0tklq2whf5287uxrma0poz9q48w5zlr
651,35,LINK,8,256122618,njn6vw8ua3ail6o7o4u5vu5t6a1huucdmzyanj70ccslsgdj1jkfv27t6n265ni6
651,423,LINK,2,148649192,g0sj4d9ice4k5gpviyfolktknbk8fz8sjepf8hmn36nku77iof9sb3l7689plvig
651,928,LINK,3,791757274,x3i1hgvj2yy5xq9a76mh0y0ucfiixohv6jwduzaidm2a8nbj1v75owzmsqtjc84c
652,518,LINK,6,841935183,qa8l80lttfyits2szqfucfiaok62pxr2x11mw8al3c1p47ncc8n10mg8cpu21hrh
653,558,LINK,4,610652112,h6vztv7wbann56eahugn8sfg4hfthzulz5ktzjsdys8od9e2jo620i12yoxc8cpw
654,850,LINK,9,144749884,0uigf0tbzxtdhvpo4f5vgnnr67vbc1eqx8sxxovsrt5pxl30kaa71txuq4tsru9m
655,23,LINK,3,496028204,yhqbyi6tifb4gkls04xyj5i5ysxc5zo5ug1serbhp3wizr6t6r06kafskv27d9uw
655,384,LINK,8,584305474,905sb7m8qvwwdb48dlpwjcf25eef1gl031ky1gtry650zf73x3wst1blfx7i7qzb
655,386,LINK,10,133284441,d8jwxirm9m4basx0salwhow5wv69e2z20ge4vzkquctx8w8z5q7eb0yn2uteyrt6
655,494,LINK,10,40578810,rvi51hqqgi488uvogx497tczi72zxbww5f0apglnlg8co9s4lrxugwb02n1kwfaw
655,574,LINK,2,312966650,qgpm8ax6to6r77skk3vm2wgz5mjeeloul36groe2yhzju9xsy86rujxlr7p1uoh0
655,582,LINK,3,678276076,h60qmaw93a6mtfrg7zjv9zkwf7gdtegr7ezotcdbtv823reqjpbubbrtqr1pn63p
655,600,LINK,8,60954470,2e9rkql5o0xkd3nxgyzxv58wtfq086neired8mkdid8motiffxmtn26lhyr024tx
655,612,LINK,1,461764940,neh5kn63eujy6zaxot1ywz17qfmpk0x7qtiv3d13rtxn7v997x3m5y2n4v1251xc
655,844,LINK,6,961296554,hgtlc3fhqgglgsdabj54f9npe8y8005gnbweytvxu4nnxnvbhd709f9ubogaz0xv
655,888,LINK,1,472678917,bnnwcbfa2vj5r2wqe5k4vn436v7qji8lce4oclmikkge6l38bd071sgnxrdplp90
655,897,LINK,1,987838101,0kqv39grqfv6e2wfvygvyrn0jdxz3dhn5zz6x7bj6zedgxe6vy4k9ulmblfzeaj3
655,954,LINK,10,275415173,xc4uf9z9adyc7b491w2bgv5t0lsus96vpiwzdud8p6nrxyhesgsttucw037q8066
656,73,LINK,8,981976575,92cjwuzxbjiogzjoudjo0f9h9r3bp7a2p12n7jcagahavr92soa22546n9oyw19u
656,133,LINK,7,16193299,2pqx9qd0xkm1ggpmectwtk7cvlsuvevnopb4hr77iklyx52v3j6pevprw0butwft
656,549,LINK,7,173875154,iek330qyp4nsj2hz2sdq94y8hzvg6cbpglmr70gcyt0dfqymtehkjrmmiqnwz4i6
656,654,LINK,6,988413326,33ya9yu7610zm8omnwk0ic7pl84l6cu13sx1uiqzyk0n7xbm9tg06bmjpjsnq45s
657,50,LINK,6,600911477,lp7xx7hnd4qiryssyf9rmg51pfg4t4alielhtil25rgaz48lcaeddbpu7qc6t972
657,98,LINK,7,676260410,rq0bkza06ryx01n8w79pbzgt1mi4b4v8k70s11cboc4wvugx34w612otovjdk5et
657,107,LINK,4,948549477,mnnldxlhdnuz3bsyi6vz5m5t19z1i13ppvkhafq2ohzh36rp4wnn76j6jfe8x7nf
657,325,LINK,8,902168017,7cx6jp5c3kqt52id6oalv5noap8nk5ulcy8wkroh5yr5r3pnkvw423v0wxaa9m0k
658,208,LINK,10,350562071,yna7tk9ehwknhehfhnct1c57kiqjqgq1gtpq2e9chxjbd66xrou3qmv7ezh23klv
659,54,LINK,3,142144001,h1kmpu1n1vg2agiksfkd6yx2iffwpslj12zjxfu9ab8ellgl2yvgumpuzywpyz08
660,14,LINK,3,560508737,dw8j50uy36h6pqlq9m2rxsdk11h16xv8ku9b45nlvhpru2aqmvmowpjaug68aiqp
660,107,LINK,3,314523672,57041dnwdewm3j7uan97n6gwb4xpm0jww8owwp0yxmzmzdue6czp2a4pw8yhzl0g
660,118,LINK,10,932129407,abwbhutak0t0re8x3dt203wl5ekol82wsq711m5bsz8d1wz2aw8m0fsdey3dnwmw
660,233,LINK,3,273971734,z4gqz6un1x8kf38j9nugkuh0k7hw4avinexrjzdwokb3szxn8p6c6eydtvb1agn4
660,242,LINK,6,168724128,dfs2dwh1l7kup44waow9sn80v8ztxw6crxctmqvs14e2uk21dz07586sptcv3tzo
660,336,LINK,7,997703661,4nt4wc29mav789g04brcp0aqkdzgin9ig59fbckb0yvsvea9kvusa2w8ivo5x0go
660,472,LINK,9,609551804,rl9gxp2jgyo35m0fgt60tdmdtnvxzr5vpu3vvjcyjgf224uu03j5axe61cs4b9ll
660,523,LINK,9,180795327,tq41kag1q4u82gxrwz7f6bv97wt1ma7ltzezwvehhkceqzok037e9m5cg2grdc30
660,544,LINK,6,247716931,3g33gu94zfkwrof6es0i9p28riugpg2vnlhrc1qlrnibw2ucx0ebebtc6u7fie7m
660,568,LINK,5,518319124,hqwlavehw70kuxmuj87xhzlc4rtuiixy4xl2qo8myovqmysp3x6kq9ist41bc75i
660,573,LINK,2,343054808,fdhvu774pxhzogo9ke1jeb0u8yknj7f6mn1mab4vk8qekajmqnx343hc842p20w1
660,594,LINK,9,691425468,lobjt5ub93rn4kyop3a5osak4ws532jsgci6fgj3yns70brd5hzbqqu1e6opogee
660,722,LINK,7,690631157,tx05rkus47lmdv0tkv2w3y018z1u95vifyw8gxov1vbewj317kzmufixf4o4quqn
660,805,LINK,9,886336824,9bhyjujxb70nfwvcsewxa7y57lumszyj9ej0v0hu6vojcej6ech1dz8rk8tzjewe
660,824,LINK,4,343071880,ezol5nxpwmk473ke7m9ybsb541wtep4zivp9drdnfaw9ytsvyzl75uup7vjwt5no
660,904,LINK,9,367958327,hjzr4b647qdz93ubkmzske9sf007bu92pvc36evjeuzqk3ksdbfj68r10eud6oc0
660,946,LINK,10,262204247,n3u2zefgsl96rrdinv9lzj1qr35n2bs8iygxk3epq327byd84vp75ji77ahyxlhx
660,947,LINK,9,385500112,lgryg45n6ukesc85kxts8ng4dso3pmzwktoa70e4lryijsu76ayazq6ht4prs9dn
660,964,LINK,2,710288744,g2up0xgcokwqyidbr82u9ujpjm05vrh2d2c6vw0v9lkzd4n7hycp1gwb8y0x1ld0
660,980,LINK,10,89156645,yqdxqhyoge92ehwhmmddqpu46cyar4uj3du55jwfozlrceigf42map9fu1kbasw5
661,20,LINK,2,952859726,zhm1whwp3j683465a7ils8dw9j1sfi8t09iaokfdxtthvk66px3u1yp8v5xe9y71
661,32,LINK,5,626747371,reson33vp51myx31wnn7qyrl1t4jmtdxn0l9u2xlcbz2o7n0ynthhfsj1ixi5hn2
661,42,LINK,2,790990005,6q6gin1l7qvsg4uo22ypas6wsnhh8qajnrgfcg4sitsrgbka3v7pyq3ey4uo61mw
661,175,LINK,10,331267196,yt7fvu93oj8aweg7thrbf27g0azldz97gu0nkipjdpr8jbn7buaznpal93j9gr06
661,523,LINK,8,426506219,888o0zwhxpj5ryh7p27kw1ljsf883hjm1z6toup5xd91psrxqoce24oudmnr8405
661,623,LINK,6,867492916,w21zddd7egktiyqsr850fakrme1vnddo1s4tbh07g1ipykwmo374ua3vb1oopbbx
661,893,LINK,6,248850324,cv98vk0oayas4qem057ojfpt7cw70x3qutgav34m7mpeezy1rjiyhbpnvifw45lr
661,958,LINK,1,848843968,iy3d5fjdjhzsh2lf7juy8cn34aatulnbvfyrbdhdbll9m8cwys0ut36l3uj6mo3p
662,442,LINK,7,452266234,lxspcprtpft5644gyg6a920oehjxnk66ejsyitcx9478ne07r16mdylsc7qct2x3
663,815,LINK,6,530424582,rwmqbrprgi5zwtimclry67zs5h4nxepljk7c0lqxdkiqzigahnla6d2xl0lg426n
664,28,LINK,10,473519205,ju732ivon3sbxrkdh2x626gf69jgw1itfkbjcpguskmdg3wjxd33ttvi5fettef4
664,772,LINK,8,657550875,2c9ko64w5yn1liddrure03qljnasqruovbhz99btyuk9y4olue89iqmvbvvtdmdd
664,848,LINK,4,890477940,lurq2f65rayw0y8hkj2ibr8ek8b9v1osqp1v7l4003sn0sw5pcog1p0aqz8r0bcj
664,948,LINK,1,432831519,2k8q3i4jftcmbnbsa9frk26wffcd1ktir5prso35z039rnckieidjiv2fjbv9fq0
665,361,LINK,6,279299165,mifuz8cz686aczedwtez1qw5fgj2lwdakbsv2a7owh0bqs8gdqaczv4ls3uw1v92
666,606,LINK,6,809240733,d50whlyj91u9snkxb0sdosjdzxuh5zc49jui3oggdanqllhsysbjjg68flkc1a0q
667,813,LINK,4,53980162,yhasnoaxyt1oegzg6b8tzi9r4xcv16rpoutjld2c3vrfk7ncvtn8guu6orklsd3h
667,940,LINK,7,223471108,dbyyptigrl7vkj6n57eu6arav1xbwiq71imid831ku9mg9acdd7xgst31ev35u30
668,895,LINK,9,108274593,bm8v4uas93ziksg60evl8xyrzbcp8n2yv2751g1xf4vonur1kdn5eql4k5yj4wi8
669,131,LINK,1,835940187,2se4gobmsq03qskg9wkra1jmrgnhn937bcleu14cbskop370n46vrylkom1vnjlw
669,516,LINK,8,43545935,j3y9uavpc3qgu6h7p4llkzwqjaydhxqn60fp5757gzui4qjd8tkgopww8v22pq0s
670,403,LINK,2,222796958,9kb4odiqrzu7cq54c0o332u94d0i1onx1yyiurj99858xcfk89rp1zwwk41a980e
671,180,LINK,6,281933036,0rnrdist2w5mpgl360j0xjc1mf71pbbr5xx017emup0ld1far4en50mpe1kvnjod
671,261,LINK,10,275326618,lo5dyp44whj1w573pnrglggwgckevs3d7xo57zticcqzrdihcmv6dafryzld7u37
671,262,LINK,4,320671977,7mk6hfin4m5g2mz1ouy2iip49ghkf53aa7obk1bcr7iid1t65m7nzfq0fjlgylxs
671,317,LINK,9,562443124,i2y204sznj5uolba9sr6uo809fulke7g8ga9c8gfieyca427tkzn3wcn1e1rflfu
671,683,LINK,1,516404783,xbhkxm6xln2iyqlrv43340rozo875wbfhe2r4jno31pwd9gfqltn73o95i1htqq0
672,450,LINK,3,817976373,cj3pbule215oefotm7ssfooy7ku8l1444dzgdl42wphzrko5fdpz8invdi1vqpkw
672,609,LINK,5,37130625,js9kpg48n5ajuplh7mb27pp6d9yg2fjv1ee3pb69q2lu370414zgnnh2ctjdvg7z
673,317,LINK,3,689349702,b2oikyc8bkqzg65vd5dqkstdauqzkjeika31hxuzcoht61h22enyis67hq28ubws
674,20,LINK,4,63677214,54ztp2b4ppgwh55wxgcmlaaybqrdb7jr1r3y325e80lo0r1kranf9imzsf6vff0s
674,89,LINK,8,967293634,9q7bkv2k7zltibs6xqhjutd1kheugpg0r5ifeq2jlzouf5b3uao0wrhxlqg24d2x
674,177,LINK,9,235006116,cxwji07dh438o1vu9zzspkp9s7w3xrp3l8v0zucghz4gcjy374v5swg5au9qhied
674,479,LINK,3,421225114,r6lv17vcz7ekg290zg4qotw65tq7hir7xvmn9zh3yei6jx0h05l5hokiuv131jlm
674,676,LINK,3,72056891,gwrfhhauluawzt19ihsoxjk8fbxre4xs40n5ou4l6piyuughgzy6mhuylwinxkvv
674,717,LINK,5,947278416,b35yw5pcazbxx49l5mbbefp3zap7se1sheuw6lludplt9cgke1etkmc0jsqponk9
674,877,LINK,9,207596995,dpcmql0dx374gq3jadzhd2clizcy2kqakmbuk8ed20npf4t7xjx0dxz0hg21fbnp
674,903,LINK,2,442705546,ors9tzhrfnpklq0yxmb6qh3k838o2wu7pn74ofcysdc11or17g7x58ysdo00d8y9
675,993,LINK,8,353641450,xx4q5rvn0mb0eoy8tmqrlslviklahrp9dj1uir16k2rj6d9381edop6bm982eell
676,587,LINK,7,828010499,28eno5qgq6wemhewezovl61p9mw31vlwexc2nmy1kcm0l9skdkrt2b6zpt0oy1u7
677,966,LINK,9,150876558,bpdglbqjuic3wlztu3v0qxj6e1i6ise334c2gxlmzry62b60ndxm6lncc71g3gqu
678,415,LINK,9,644481540,9y3rwlv1s3bzbrqf7kmzdmpbx6465wqdlfc42cxj05f6iksg1jv8emucof6zjos3
678,511,LINK,9,26649555,0pub67ocbqhpsozfxvm6zxrn9p4uvp70ra7qyqcitrffysarvb2pkiuj5wolo05y
678,880,LINK,8,526040781,sjr9odmmjr6l5gm9a5kc3sez5ppau49npztn972x89pab9b2z6iogosuzxu4tr87
679,13,LINK,1,975786335,zhsukt6wc26znaz5n2wfa6mt9dgi9xm1eiiaq01094pckvq9yz8kex7ol32xlkpa
679,38,LINK,10,657374202,khfttpkp6aif16qmcqpiwh1a312hcztcto4qcd8tbdfq0jjlj2gd320u1sv1boss
679,42,LINK,10,828088514,sflifdoy8f1r80y1naf3mkbj55azrb6l54jlqdwgih20ovwt0qiyny3v7pbgdz1n
679,54,LINK,6,286525656,i17idsda8bw6mj0gcd80cb7xsmz0zh7wmhfqxdkh4gwo3qb3p2umapzte4dovdgj
679,55,LINK,6,913107208,r3pfvk4yq5iihzuyyumio0p8gl2nfo9yn7ub6gsspii7nwhx0y3a51vwqz1urfm2
679,104,LINK,6,878532423,n61szipq4m94mhvuh53bqycbmwfuwl4qywgipz2fwphr9btw8z6slleccferc2mz
679,124,LINK,4,967995467,9xzcl5xh36b9fd0a7hs1t0a9vd46zcq0y5cdkam2eonc8mvsm49v6yfkvrh3sr7k
679,143,LINK,8,992010523,remylp920tygx64m2zwo7aq4wj9c1afvo2g7gikeklu1wq6yfukl1gm2sihhj71z
679,179,LINK,8,436376197,qogb949rohfvct4jb3fi5ed4b2ifzelqysvmub77fi5f04dzcv2a39p5jcpms6le
679,185,LINK,4,208115160,tpsxcfi4ewae6704z8ce91etzdufckdyjj9k11mzgajh3rp2yytw4z4lau6v623h
679,186,LINK,7,563151647,he3v4k1d0uueeg9w1l8rsspsb8hcrzi0kf9kjfb5vlodpdcd39ftef4qydlhvymg
679,212,LINK,8,736498255,wliuqik1je1o7r1ke0omf8ancoi4la0hrgt44el6ff6i57sv97rg3cryipaj3rp5
679,220,LINK,6,54418125,hg6fiu5rjhafnhtioz917w3o95uawygfhz9d5a560aep6ak73n9sel7cwtnbgfgp
679,241,LINK,1,914512978,ots6v3dafyczlto16jo1dtgyrysxrr8c536xc946pveahsb9noiwt3xk2va8b48q
679,244,LINK,8,187772278,djnm1dn9s46kzcxc3vp4v8sledhe8lrbubpgu52rj7iqqwbhc1p2fvrwksyj1zax
679,249,LINK,9,623815433,uyknsiid704l4cvajik8u6oskbsm0ko2xlzlqdaikbqpg8ensb3gcdkrdc06g9le
679,251,LINK,8,577894510,ag0ve3c9vbrzzvs6haq0c8t3ffb7eaft1kndvx6gd7y28w5uavv53yxylhqu9e2l
679,252,LINK,8,116440396,lukq5x2vzvrtwtrb2tonuj2bwv07vqea1k5a0ilbsn23clurf6pqok6tt1kgfqtd
679,278,LINK,2,223793606,p22rlek7xp87ym8uuhncip929v9cf6top0surc38alwngz10135f7il6m13gfq8b
679,315,LINK,7,873888208,3kitj5botkzg51r9fltvjo2xsjtoloun2td9o7736qr9kgi9rf1d0durahqna0pf
679,411,LINK,6,112699399,2fnli5x9vzlmy2t3vn9njixije3r2ghwv2te2cqz5tlcbq4ivue6190stbtn2ivy
679,422,LINK,8,355837123,tp5cxz98xoud99u8r5x1fy2q2dn0ma5o80sdb5bxrjs9xhg5559ikf74b8h1y54q
679,429,LINK,5,926754327,suw9qgj3agtrovptjlip5o3aao2y137mzvpv0b0rmkjssabe13ddi57cxl96lvmh
679,435,LINK,5,179376724,yr5j5xkqvdzx6yldvmh92st2rluii4suxbh69z4xjgedyj9juz11z1pzr307ijt1
679,453,LINK,7,802471543,0gbrzurekoxje23u07xtfdnrutrjei0evdboakfu3a5qoyzv9ligtotij8dcrynd
679,455,LINK,8,276037982,cl8e8ok4nri3kmc5vffmqbvkniyt3e3x0mvyi6y2k0n2k6lbtdubxvzcom16h4c6
679,461,LINK,1,713834564,p1iibr5v3zjg1gdh4kajovosyldevtxdfnbj8mgc4yq3zzc4yf5kbem4ckp7qtb4
679,497,LINK,10,414177784,68wmvvsh29n0hol0hak7bkzvc9k8ycppgac143oh3avwmysesdf8ihbdc21iea7j
679,561,LINK,6,314312860,gvyq76xvst4zgbihfxhu5qn8i20m596o7yeujg3eo2s8vrw88lihody43to998ht
679,579,LINK,8,175772773,sik1wmfett1t4utwtajlqf7qwjo96844rk3f17s0mmbyplwusr6ipxubvr2gom18
679,581,LINK,2,224464140,q4ip1afdm85kvqzexc18j33fpr3yhkdmy9yr3pf54qhwlltxbwpyw4wjg1bxaa5f
679,588,LINK,2,366719585,ufkm1yfz2sotcoq5tll9fp1xvlwpjuoel68b97oojfuhf5pwsjcxpg2vf0ijcy7n
679,600,LINK,2,326909357,2wjkjrb8mialbe3ye053alzwc949w3pp2kb8fnssrvjkvphs7v4rutbjcsvt18f4
679,624,LINK,4,991498884,ltm2evpbtpoqtm60ltkc5echqoq99kfz8jrfq32bi8wz2ylad6cxybyvb9you9k5
679,654,LINK,4,210509612,uvsrxqudh4lis7t1kx2pijrkga27hjowp39ftixdcrx0g7df79u0x80tfmxztsmz
679,671,LINK,7,988272253,81ygpgwa76g7qrc9dlnpmfmpoq9ztv72r4oh65l64vijb29zydpo7xr8xh02ah2j
679,824,LINK,2,644900306,fjms8r9vwtio09n140qfs28qz6eyvibxvb8wsnjqj4i7l5f5rry1lbumwkfrk9cd
679,832,LINK,2,436289819,3619dpxrk81vmtc0cbvsfb02p7c0rf3xr6ksm266pz6stj8vd4jhdnhj4g1kmicy
679,879,LINK,5,946509087,7tj3k72je1gmonry6wu9z2u0s01igxg3g0k9ytc8ymytmc6r3tfxsdxcaba9ci81
679,884,LINK,5,24618675,4san578cwcyq47eyum53itwtepfk85y0vg57nqlnpdixvzp2quky3d9ca5cxw7hn
679,926,LINK,4,67459295,tshtu5wojxsb9sl3ehy66r62fsonj5avp349zfl34zxxdesf6uw56cm3x1ibtg4v
679,991,LINK,4,960705325,yg6d4hlwv301dhhchacqjagv6z6ie93b9lb1882q47fd9ors543okfqe68knkn3b
680,61,LINK,3,20909526,c2fdf1swrw7jxwty88hmqqlfifbjyibg21nf5m3kei723wnqhnl5bbsq47b4abjg
681,58,LINK,2,923601701,aku2q7hvzv031spt5mu4slebn26uocwvnbrttwn32sd20cymuw8dpcw75zdwpxjl
681,401,LINK,4,151018749,ow4iax9gd9fo77cjosxbjqgfv2noj2686bnsasq2338b1hyjy2gh1l5xw4pwlxyk
682,491,LINK,7,205729578,98dgo0rpwgoghbp192ezsob6ti0yr1pwbk3vjka8o633tn41wkrky0jmyqv42txn
683,633,LINK,5,277113015,fbo80pze2tfejsezj45vowv3km4fh6fleemksz2wg7uxxns6p4mwk4nb16gt9enk
684,524,LINK,1,569093827,13750k8zw3275yrz98s8xgm21plcmfhoj8qc7mxj50jvwgy0930674cesewcr60n
685,42,LINK,2,105046559,n2d1kiokf9p4vrxt8cmm9x699f05j6p2q1tnlhht53he7k1348qobi7cicxe3u70
685,131,LINK,7,347432994,i116a4533cvwue7sv6w7p6w664lvuv3wx5pnu9t6xfqg37xznmriyiii2rym67nh
685,179,LINK,9,852523579,g3j9k13erxk49w3atyrmn4rd492hy6v6q1kgjiz3i4jr2u7mmq2euadt9g7mmgyt
685,346,LINK,2,123049685,bagr1deqwbrg0a55qsvhid2pqcd9rh7h1ozuxv334aee3c3pr9gnwxkbqnn6rf6v
685,404,LINK,3,932451645,2nlvl9i2z7g8kynhiyqjx7gbe053uzg0o1auynolba6saadm18hoa90nn950q4uk
685,425,LINK,8,893985328,wlomqu7e0q2hggq9ldrgsv7v8hpiz7q57qb1jbnnqj1mvvr8vbjkolef60dnk7c3
685,444,LINK,7,183567993,pd98ifxs6fg58zr6veqwq1619acjx7p43kub7woix74hd6fgrr8wd8zi03q4tlp9
685,458,LINK,10,936378311,jun7ud5nwi7e14vqe8hze7n02dwukurbaqb8r9hf14h8bu3ryetrzrw3myngjgjy
685,573,LINK,7,766443765,52yy6esf5hi91n6k786qdi32sybbbev4h2ddasir4bjulmd3f6ddtz4zfrz77ysw
685,581,LINK,9,569576796,fc3zavmwyxn5h72o237wo18r4mzvtkx7cb4xy1q73upqyqmuhta2cbf243m3wp1o
685,647,LINK,2,693072674,7tghdnicz7s9ig5sycoq4mlyaqtuwvg1v92wt8ptrzwq1jad7lu8a66p20nxiats
685,726,LINK,4,746885008,a3wuukbmum1nvpxa3obofy7zv0navz5ufpsznuemc8f3qjom0s1lf06rxapeoj0t
686,284,LINK,8,612785537,2b52ereazn6xi0yuujat34t3jl1tex7k3coihfgi29ezeobbc5x9r70fdrzzm1cu
686,442,LINK,7,168482477,6engc4pu5hl64btci7pvvhn45rj4i3mqv1596a8i04on54z3xis6ttgcv8msp1v8
687,734,LINK,6,425119148,4f7sqawfj5wywazkzjty4231u843f1gogb6x514lrsvcq951lhdvcdbu81bcjh7l
688,214,LINK,4,318799820,o1m5e13h9qgz0emitphsp9wc1kuvyo46udrjpa29ma7gnxky51vxb7cfsyyi2yug
689,204,LINK,2,36889867,6htlwvl7kwntvninzhtjxcn4xxhbgqwtb9waiycwqbemkoy45ykblkk5ilihmqa1
690,505,LINK,3,274059547,yzs8y3xxs3f6lornd6tccs7vlf2g73qnepd1mbqqdxjq5im8xd1sa6mzu61jc82l
691,472,LINK,4,391492083,daia92l0nelhz7x77c61u05abllt81lwuydz8gvfh6crgxkfs4kg5ns8qon03cb8
692,82,LINK,7,705231828,df4mwmv7d8n1t1jjlw1hzb4bfgoco8k763dn85wd0rmv4kdad9vas5k6ue3puu2w
693,182,LINK,9,591443221,kqvt0oazqtcwohubfa5czfama4gj2crs9ygkipo852i9j81u4hom19ltepvp2wo0
693,489,LINK,2,194641125,d21eslrapn9a2rsxblojobod2yvzxxe4c2cgzf3qs4k1gqss0ed73nthpah9gd17
693,631,LINK,6,392352147,q4u90rvxh25twp3gyqhtff3l9vgmc60sm9h2z1ozdvjuq6zq0nuv55jja6ozfeur
693,689,LINK,7,99491259,je0ucl7vj1haqfg6aghvjnonbfxzdo3zlcpmrelfnv84a9k3zd1k275vzvw5c9j9
693,819,LINK,7,658053611,xpxyt6cuj42hk0qj5ntk3tqmincq6gh0c0skmcyhoo081vlxrpjk79vd26elayxw
693,860,LINK,6,693502096,hhudtdfggp0l2it7hrf0umqvexvbpj93c2fe31tjn22xic3nhhlux2gqks9mkecj
694,116,LINK,8,257369648,ce0e2wic7auixdmrsyzqwevelui0x8t4ad3m1wf5ot146wt4f6cibcs90ifuiy2a
694,385,LINK,1,627083864,ys1jytr74obmog3xz7htjpdecr2ybrdlfatxvv8abuo2bfpbtqlfudvlm3hdvsyi
695,675,LINK,5,977070424,9qsnleung9kw1m4p1698b64mc7rr2ghvearce8uf2skxysmy6byj5syykvef83mq
696,785,LINK,8,149575875,hwm61mk2veymppa3dqqyzisx6lkqbyh9tat15wufo4tfql6hfirl5dhxj9gxd0qh
697,84,LINK,2,862639306,9l968k5iqk9y4qt3npxyrh8zcijgugxdz6mbuj7vrnxpy4hsfgoy1v7n2iarqfni
697,252,LINK,5,132459618,7zy7uuarxdhudl10vbfn9729rm46dzph9jw47viz25thdcn93zq07q744v8hynsu
697,559,LINK,4,894234030,4h63sm7sw08fbyus5lu0zcmsw88zas5g7gy4zuwtmjw2235923pxjjhbq7qzpswi
697,881,LINK,7,642411077,sy2w5fxhj363nfinqd2amvfsy88b3pcq3lskzhl8hua2q9cj9p2taobv0orxypgv
698,393,LINK,6,347652575,olajlx17kgsocx8pvdbztd5yyi915z8tk09pf5o5nje1s1ids079b7zopz9platr
699,163,LINK,2,639274334,p71pgumei7tgn47bw0mxqsig084d72z7ufewmshsnjahxkcokywhcz0aimmoqj5m
699,633,LINK,9,603098772,tv12q0pqshah1o5geqbbxu846a8ddlqgjff7hjvwigc8etrd2631ded5i3wle324
699,998,LINK,7,25222308,vmgpaykembsfsfs6885q7n8gnbzijwmvvxj2974cghsybiv0e7m6yssha8tywf6m
700,717,LINK,5,794225207,3zgy7ymstuf9vdz5hs2ey6ho595i8bm1kjlrxx0rdmc6rg3cxlm5z2241k80m6fu
700,746,LINK,3,112196938,c3ryq11chgm5r4ov4mqr84355eflwrx32yw1x3eoh73nyqdl52qhbxjquyfdneis
701,766,LINK,9,22110890,2tx3gufyucmq0ev0a2ufzc0v1qisksk9snmxnoufvg80pd94uo99qa6sh84tdv4a
702,431,LINK,1,67965780,jdl5an8xsfccv1dtbj1ew0vqt3gok8wnk268moc8zrotua2eku8kp9hyjuca2djz
703,657,LINK,7,885649432,gewulfz0omql68zvqymzckhe32do3lpxf0cm0eql22uo5wofcusinel31tm37nv5
704,179,LINK,2,283138146,1mokimdww1de1gu3vt6p0cwzi5rcrn0pdcipfeyuemijbw4u3ek8ayfa8d4378o6
704,249,LINK,4,607853966,r4prvqfp45nk93gbrc4agbtcboi24k2rsupvekdg0y2p6wb92upwz7qvrig486b1
704,322,LINK,1,671107553,mw3jvvxhhzk0wfl7f2ha7imn0tckj26db8lliwvcm7i9hzc01ifhb14foj66gb3b
704,372,LINK,3,661621848,h5k5m6wd6q9qx64awrh79e7hnctmxir8vc8y6laj0fsazvydxq8mm6g14ad0mi8l
704,417,LINK,4,662572467,zddcziijge3xtq7hec13ey6416cyddkgtoeo40c4ad7gp4mp8g798hq7pjbo4px1
704,693,LINK,3,923568037,i18xup1iw7bfig9pqzy5aj274q2icitvsmk2kleqpjtg9rulg865g0ja30be6v2h
704,734,LINK,2,258905916,8an7c0qfy8q3nt2bdpb80ucb3q2cpuzk36ezqrhxl0ppg9ekbjkdqssz48q6cp7p
704,805,LINK,3,737815730,aho86m1lagegieqp0j4fczzzkj7dqnzaztrt90r2eebko5kolpbfr0vf6aglitt7
704,808,LINK,5,65299763,xi6mrezna3rwzw9n2n9ef259944kfkmvhc9jxtswt730ctuie7qnx6k2xrm937mo
704,848,LINK,3,941029575,zw3xdqkc9n7wfazoso7hqfh3x184cy4rt6wk10la942b97cvfazsg1zluft2ciqu
705,113,LINK,2,769397298,kwooo452k719z7qn2i0p4diex392ktxwwse8jjqgsjt2b6ash6aye3llh9fglgzl
705,166,LINK,9,955697560,72ff0ohug9vec9zhpgse3nu9k5svf7ge1du7j0fuwjjqp0natwbzeth4y0mgeojl
705,236,LINK,10,229046984,91oz9rqrmff2w8wea09fpuwp5exh8vfgkssf1xu9r728q69v8xl21n12higpz8ux
705,256,LINK,4,993937858,pnh6pxn8cgg7zv873j09cb7gmnzi3hxq94dgseu0lujqsd0gsttq0bnpji99q9b5
705,355,LINK,2,391562856,ruev6g6d70e5bq7baz5my9fitud4jthhshyhnrzwc0yvprc1h881xsa63vgg7v9x
705,445,LINK,5,477955761,d89k107z0xrvyhgnrffwnieei8w6whaqg2vn7k12adq2xj6xvcokcwxq4h971fj4
705,499,LINK,3,896473817,4doi10dmsu4slbnw0e04tiak8qwmwu77jbqan4cwybk4pbqt5o4mdmnwy2lvqv02
705,514,LINK,2,525664511,ttlmat265ipqva28vwn687wjbl9atzbj7yps1vlis86ra1ly7jclhat5jcpuvdec
705,572,LINK,9,784440522,oy9p22kyl0plzqzf9vfsfor2x68l7xaesqg75zfiefgakwr6sdtju09srad9q6n2
705,645,LINK,6,668545628,wvhavwcfnl43jmy6nfhartazqf2d7cwb2x5o4o6qz43b16qt0ph9zhnvnbfa24z9
705,672,LINK,10,776044460,ystiwtwkkpbj3p2dpklkafz1qho6afn00vpxr4wrlh2cwya7ynrq0kwuxpcyer1d
705,674,LINK,3,716577902,vdmvfeq8ybf7crzc4ahxxu6zfnop7gs9mskah5fh4w5qjrhtgdmwtlqbr9vi2c5t
705,681,LINK,6,62004522,dsabt2xlmltuhrzyfc52i70836aoj922cfkco6v0cmflbvcc0u41kvd9motqy4t0
705,808,LINK,2,866411597,kal05nh1i5sif2k6s35pejqhqn0z10jfnwe3t0ru2aaj2720uiq1sdirywyiksl6
705,867,LINK,1,989914717,k0ji11wqk9nd3ctjuai5f6fevy0qbihbk4bl3r8fuozm1pnya5xmofq9fm0r8yn1
705,903,LINK,8,426957980,qauxq4snc2wmwrl2bmoj7ftkct7gax7fvf3jsd0haoizkcd6rchex6xpn6gy8kyg
706,396,LINK,3,480514671,slptjya43h5x2df9x4qcb0anv9zggwk6k9i2u4v8yhx9qa3ogi9x233jf5l70crv
706,577,LINK,10,502487185,7abe3rtakbpgxxt9u8b706k2x83jikrckr9enkr8m8q8h1razkbcoi3xc7jsxm3d
707,64,LINK,3,400255096,dzh1quxwzffzm3of8ia71z794ex0paeizznzsl9leso7rbiyau0cg3kvx609z37g
708,826,LINK,2,943679205,y637b23zw0mi7pdway0kd675sa53i2c5ozbuxe40y6opdv5orb3v6o0bcwa6t82q
709,94,LINK,8,376201121,ycwsiinw50c59qq3fy1olzapuqz8puxf09e6wt0jr2mpk41bac6ni9qsg6c6cait
709,214,LINK,8,235011673,54xadv9znj5uiqrtebcrslkzm0kxq3fdrfrnn6x9knd0i63a3u6cn0xh31lqv0lq
709,338,LINK,10,949326885,3ckyjjm4vmn9c7vuw0aojh0fyoe9y1ostspafw2ww41q6cxyl6elf77vv2r1yinw
709,670,LINK,1,114351350,0osdfqo2l1do4onqo19ovso5i3zifu4q5rxtkegkl32vy5yconeprlqhsfd3uomw
709,685,LINK,8,105731230,c7fwqpl3gsuboaolgbik9xu7fzcecrcylycpgwuuwt4db9qyhacyxwireh6ev68o
709,762,LINK,6,91452087,hnw21yywhzsotug8sfsp9aml44o4m1woe3m0ovgt8e7r6reu3juwgmob5ef6nmeo
710,269,LINK,6,286978214,2365zvg1rumn979jt818fobda5dch0u9fj5i2ergxz0x3xdk4bwvv680y10jw5mz
711,815,LINK,8,889938720,v3q8kna8thvpizjfq2yzv288buba1lrjzt6uyacxuyhvzshifirqy7p4jypc1tuz
711,878,LINK,7,433295524,7z3d8c350c99srt3lx2dsmfqfakmti32e4yu6atlux3tw0jca8vi5yrf8fxjss07
712,430,LINK,1,326741441,j6v1beir8adblpd1uu540fmqyie2siyufam8go5ygld7exrvgzued091kktutsy1
712,593,LINK,8,951493734,ffzta153ffzc4q6oit8888imua79fat72tnj421fs5n2xpqojtos3xafqgqjkiss
712,758,LINK,8,562491517,qd32t2szov7xzm8n1oa2ql28hus7zi2s741c93dc5o3slw7f0gfpndynli3sxqb8
712,901,LINK,10,79536538,8r4tvxolpj70m8w8ncx9v49wqao990rzordssc1bcfg4jaq70ike6c6h9nw2qmnn
712,953,LINK,2,609654535,5uvsn1iq4ywecs3ixgq7vr9fn2nhyjq9lqr92cw9ahlsm4urq9f9y817yb6ozjsd
712,990,LINK,7,344454810,rj2lzm7j6g32qmg5hy4n1s1yt9zcjnm6x02nt69vse37nvwnko1jvqim8k9n0x7s
713,68,LINK,8,695247899,53qyzxr0rldf7eh5yx0vz6rv5889s8bm0ulhgv9p4fb11dptfnat3lo1rxq9gupd
714,559,LINK,1,364268283,7cu96d6alt63s7d86ccqgu63nv2exnzakjtw7p7dkvynxke56gc7ezfy271uw7u2
714,844,LINK,2,788246970,0ky7xqp63r0qq787b3eaent0wiljf35y0v0k62jlxxauykhsfqo3ppk15lvdvdnw
715,723,LINK,9,426979908,1c6hsrntvs0fpjqb5jvxfhio91qbikept50ej6e6twh15zclqxh2ydmt2dvnwk90
716,488,LINK,5,947099561,t3jsiuvpo9n4tx6awn3090e563oeryw8xrm6axquvgosks099juw4n5cg229sc1s
717,332,LINK,9,17044226,602gvzq9kx3xtpy6715u1mw3bvkaixj2rzuw8ack716uf9x9wcr6r76g663nzdph
717,530,LINK,7,902875714,h4ho8dys0e5ag4mzxyjs5fwxfoazz8o47ov3rmrihdcu7frqtbklad2c7lkrewpp
718,427,LINK,7,905346135,ou14kzwpg1c11vi1dxhvdt5f8jht690rs2fafe9y1ssoeeltwy20arvepim2fzpt
718,634,LINK,8,55887847,qfed5qsv4q0hlb9g0byp5g6sq29vd7u3j552appcyked9sjm542gsfarh9oxxtbs
719,325,LINK,6,227345227,3oo0omj3y66ltm8iwm84ma4jpfist1njeg77k4ylc50m6wcl57rnsoaa1m20ecay
720,32,LINK,4,634122594,mc04qwxjg00cevjowey1eqo3voqwt2vn1c2witj1ztoka61rdxcz0ryuisjctti4
721,745,LINK,7,319691353,w1mg0s0ewi7l1d6p73a3hqqu3vb3h7e907714mabrlnz4o0tu3o657kyxfe4i0oo
722,12,LINK,6,225752231,egmcm3tzowdqktnqo23fefyh6v90giefq2j3958qjj1yw5c8dynqb8226b2yqw9z
722,37,LINK,6,7013055,v70bl0qf39svj1qc1xdjsekns6xqwi93z8f2zqxj3o8tfdrw1f1cnih4ad0vw79y
722,41,LINK,7,810909417,t9y9cs6cqh52of3d26f1xmmve15m3gegcdw8ftncf8iixc1z2mq5s9n45htttd7a
722,47,LINK,6,423015878,x3wxoqqpnitrmbto6fza9aogd4h005mhxxl8zjqd2e05ek58ynqqtjz63gdzbmuu
722,119,LINK,1,169031721,4org7g5sop2fv2vweaqdfqetjzc5uykkay5xt35r1vzeynfnqgjchu7a8dmtb33f
722,124,LINK,7,168035607,xmr0no5qjrt59gdbhf64164v6s2538an4vnyo8qtuxiyel1apnkhvw59ertzwzak
722,152,LINK,4,876687887,ifswlte0qbf2oplt67wiidz5y2xxx3equntftv4oplsirwypfj2svc3zrectnmy0
722,182,LINK,2,442050111,4uuxzzxezg6nuoybyfjvtljk4ke94pgrhmdt9fvb93wqppdvmnz5f5w4eu25bxgt
722,222,LINK,4,400842149,0cumipbdt07gknrap0aa37j92b2b01bj6mqtqtqpozbfkeoeki6sbnahkk1yzit9
722,329,LINK,6,4208287,jl8lr0ojr5soq80a3k2ozetl1sedcr0sw0qjz8kmxium3j9epdj83s1ea46yjtwf
722,392,LINK,8,993020892,kr9683p8b9l5iwld0sjxqbah3mss17pe0sw1ww7188bco36tqczyau1agz7ju7f2
722,421,LINK,7,922259929,kpd6xjs6d4s8ca80c6me788enuyzimk6msgnms35trdvhmtbfoiwqn4xkwp5yfyz
722,433,LINK,1,821115858,zwcceysos45x65q3udit4xi6uf0palaa8k10yypzyfy6mlo9vhpst6sej6oeem5z
722,454,LINK,8,550423988,jkdbu34uavtydj1ymqw10k73jtbnwoykqcv5rbq1snsvqizu9gzwmfg5rcvr55fi
722,478,LINK,8,850600602,lkoeyikd4kgf8ry0cncgq1k7qabtfszc7kmn11ftgwhyvc36f5rhrp6hvrhwtwsf
722,565,LINK,10,931284230,ndw1jogoxwbmmk3j78bi1fgbr7g0g9opi094d8jbthxptoy8wtzshm9nlyel4beg
722,591,LINK,1,640341567,wx39q5x97bjjvaiajstz80obs1916s5dbst5kyyltc3yw3uo0gglq78d4g86rgen
722,645,LINK,9,587954703,qio5v686u5em59jiypnp8c9ufz4f2dg89y2hhec0svgqbsdjlcou1n3jnhw3dnli
722,687,LINK,10,794939251,s9vcqdlbf55q46qohmef98mo0vote9uzci64xje90t5092rmbchspjwrmnb5zk1p
722,734,LINK,3,926631606,3pdmc759ld03y58rzlw88kagde27p73iwwayrt2eiurl1eno9zes21sdtvqgs820
722,757,LINK,5,963735877,kgchswwf63i9o89z11ztu3evpdny6gamg5wsnxjftuaw7cqdskvs3bvcfzkctnnn
722,820,LINK,9,361465502,rr2s37tbwy7c1e3wwsuvb4ss5ljq7ccvo0kb923bwd2kdkl8bvn9w2qqyytxe2qt
722,832,LINK,6,200409299,vwijrxwwvvup5gcopah4e9h6uzfenc337q5uvgvpiihd1kjvffvpxil23amtu7wd
722,940,LINK,1,100600893,mjnq4fd2smmcbdiz6uic05gtf2s12wbzxkwcdpq8ajra8olj60cd6oxeq4n3ihck
722,972,LINK,8,928232131,7g1uexoika8k2wjn5nkoe13uk233elng9ylois1xcvj23lv8zd0bu1f1qn2tsgzy
722,976,LINK,9,553733109,2mosgb1806a4irzeblo7tvfja3rwc98a5i6nkb0vac2k73kd3fxaxdtssrvqo0os
723,471,LINK,1,817195435,bybe6vmnk4ejc14ncorwi0v4pbjxjeg2maspa6mkrnapxe8uspmpbyg5gq39eo82
723,573,LINK,7,422777685,y32a0ypep813gh7uyptfetta1nlteczdwtamn2f9jqx4biv46csfhta0forsdrbh
723,875,LINK,5,587553562,yiqhveel5fwpaw7yhpsy4t18gl1vnm9ma6y7t7fhl1i4eh1fhg77ln33f7msfxr1
723,965,LINK,5,739191260,185oksi3vcvh6clmveqe7um45rhdwijbpyawisp1t6jgxsl92ehfmgy8qzd52mpt
724,90,LINK,4,67476139,cqd703pzcx7e9py8oeebld3w3kvy2m21rkbfauvswzy9xlw8hayaqg8ksyhm5x5z
725,21,LINK,10,440629724,vybnybyqwxexvn0ocjlg2s9j3vhqyr4hln5gbmeyeci0koyo12hozc1ivfe2nwv5
725,475,LINK,2,436379259,pu3mekwqzzbdnkde2g4yuj0qcyfp6pzhe5u15pgzheqonsuugx6sfest5ydh67e9
725,581,LINK,9,282389718,ys05zoj2y85lr49rq0rhbhj0uh1t350cvw4ug7qvepryrlzrxk4866v6cxjvnluo
725,938,LINK,4,49287307,bi8pxk642b097cp4tk1guvewiqi2n9v5hiv2tyk523je6vd5p6k243c4vl8dcts0
725,970,LINK,1,737991030,hqzfbs6h76zij3cwd4gyoku8z5nn6mnz3g0yk2ja79o949th7uol4wvikv8ge24u
726,866,LINK,6,71963782,6i1o2bot7mmnjywl93ughgb9xjvll6vxst630i98el5i2anjepy9tnf04u20ifje
727,841,LINK,3,4016759,ruspy2k3eo3x1ghvxf1m919jc1fb3k0ail2nh01m4o35kmq8n2gstxd7fz21bumu
728,903,LINK,6,932481454,83shqi9aruk2lg38xpj94awftiav3o7c93qaeeq25zpbqpy86pbrp3we2nlmuik5
729,871,LINK,9,348312259,anb1ik4d1cxw159dz4jeslzdaqi2md3d9pypp6jr13gg7zmvnxu2zw1ag95s1vd4
730,219,LINK,10,796285900,ykpqu7cphfukktgkpdz5xtb2hbdtf9rpycg08581ne85das0ncg6g9dtchk4k402
731,397,LINK,6,332052141,y0uj2muw0ib23d4k4gkncb0rb3qvwuggw59n0t7b5f3vtjhm1k4p2oyfrc44bs4t
732,594,LINK,10,920255331,szn4952yh76o3n6cq5jo1w3f8i6oqsbd9dow7zjrbfkpu5ay9ploaow5qvffuayq
733,149,LINK,3,362990848,w5dw7knz09qw47enazl4rag3ck2m8xys8c4qhosolpyogtkkj7ystvrrb77i8b7g
733,496,LINK,5,376047033,la62kuirffec1mrifttukksqhnm9k8f2yvedcq5q173kawggfwo7xmizvrkh4it9
733,686,LINK,1,802883738,env2de1o9l4ysbru8ndouv66ive5lie9nsovu3jao3enxn0ex67gbjj8zj1angxc
733,914,LINK,8,35146406,kkvao32u2stu4xlg1ws16ffd2jnsraovqdqyolnv9c52k4utvit1jvzyujz2hj2l
734,91,LINK,7,395662645,4jncbhmz6i6yfuwbv72avtsdi6k4wbjprombd1tlp0v07jst3iqjf44o0z9t3etb
734,198,LINK,6,921438523,xfibzurb18neskt0tb29smucfycusie54fgkfyeymr89150as6he8g6shknymeh7
734,205,LINK,10,468988714,17kwwr3wyf3xknt3244pl54ynlabc07ls5kpwnitg2m66iii5x1ilcs345qvzjhj
734,212,LINK,6,48139638,l6bl5inz26qf5q98nd0d5v2f8crkgbily532900g2uiqlaf0ythg2932og30pcq5
734,405,LINK,7,221837508,33batujpv98y5mlkxiy1knr3xoytgcinnb2x4xh74paw898gd94vx296ata605c1
734,502,LINK,5,804332209,oa8fsd563qbtlt8s710ivvybcjiny62skm3l0gabxs426a5vtu423r6idi1axq5i
734,506,LINK,6,299966970,or2l0im6ee9sb6k0rbpv8tjbzeuettnbk19eq6e5yavrk22bz5033oofjc2q43pe
734,513,LINK,5,399909060,we0e531f8yp1gat2s44ve474ol21t7urzsci9kgyh82p5n66zia50aaryi44bh7u
734,565,LINK,1,889027636,7lnhosmq6kpiwm5zm45nrgzibfhw3c99masjm8g3611yuuax5x34ysaq7i6ldm3f
734,697,LINK,5,482892287,sx66p387jknkeop3utjalr5vptnrn4gns50o2yycl99g83c8zim81f65uww1ett3
734,757,LINK,2,394753490,4ed5p3anm4ya9ksknuk7hju7v6tcmss7mjw5r3f06yixi7ux7vq714shit7dc4gj
734,846,LINK,1,45131082,bhfhpkcta9aw0fo3bgk0ubade1kny44tb6c41ck9s8s71cxi2of0fpoivzmtt1hn
735,218,LINK,5,186545878,bu8xqvvfkb1hngdxmz5jqndv6z578yjtqgdo4t8sx1wgta1h7h2bgz1s1qyx0ypj
736,767,LINK,7,756506672,k6gjdwihwccv3o7ptd1rhlyo94w4eepyzd560aiqxlpzhq6i3ihrpmypuwkbotj8
736,972,LINK,5,995872725,op8zhimlq3lvmhmf0u5bmyqt8894jh4on9qkvc6w3d2giuk9jqpnp7i997eedftd
737,30,LINK,7,627297861,8ol8gd8uhlztjlp6pb5wz3ygcbf5qkciwvudftebggx8jb4s4zne0ekl5jsvc5wv
738,12,LINK,2,821086318,y1u92vpqny3s9a6g7rhdy5q59nooafd0rnkyqbzfzh862y8qc4z88h58qxi3mzdy
739,523,LINK,3,906768714,wou0xhqg5d4tu65qvnkbutxkjwpcaxrd1g1yxtrn5wsv7r7yq81vd22nmjts1b0k
740,0,LINK,7,215797259,k8ev5gmt9jf0qmewvx31429tiszal2xehtt2crvgdcovhqvngj7cul268m9tapdc
740,2,LINK,5,326545693,tvgzru0r5q909oc6adhcvxfzd84m9bgbi7nziptn451wirs326hq3uj814re8dht
740,26,LINK,6,554611545,sxtmaymxtdpwi7sx9sc15lnzk0941fyzyc25b0pk5cpcqb0dq0gfgfkdax0w9bwd
740,31,LINK,2,912923276,kzuqol6b6zqx2waia01owhg7ttw2qbg2r6ww8e5f0eh4mn2u6hod1xewtttkiow7
740,49,LINK,4,746153020,09i4usis4b5hvu3ahhhrbvvqfribxharayagj0zibjc7okma43qdzscqy4l9n663
740,54,LINK,9,210955555,h8w2sr0hnpcofa1qr2s88vb15776y6uj2fxfs341fayvenjn20v0o1lcibwj3yrm
740,79,LINK,5,957033310,qij3zk5kyh9k2negc0cozivi4esig34576lyqd4jt591d58v3mihkjyz0ecxxbph
740,81,LINK,2,364759812,bbcmlqj9fcv1u3qvvbr4m8qsu82ujpoobskw57ve06cs5mmpxwpre3h5e2k32w4z
740,178,LINK,2,276170998,omsbidausnn5kl27azrdbqk5pbxbn4n89e0ig23cwa5oqncyblgn92ri4d8fhrct
740,183,LINK,2,354071459,6jpqkcsjsgwyig6okbt1r4rfec84b3rms5xz4vmqszy7rjcnpeljpp40pcz4vqob
740,193,LINK,4,386231306,mdipu80mv718giyoejvw8qzh8pauwmt54jm1bcgfyn345taohj4ut78dvrdofqpl
740,194,LINK,1,9418485,cd2flu7fh1mldfzze1jnyiek0u6wdn4pi9cvw5sfln03pdcs15op9eybgglm69jk
740,250,LINK,4,939813122,1sp5yy3femybtsybmgyqsc5wtazsc9tpje4vuyk2aut7c6k99kl7dz3p3km2cuj3
740,294,LINK,1,514710481,wab1idkb1qou1rk8hkw07k8zdc84xlb76m312hd8o0oxv43p014meo4q7fb3yro4
740,316,LINK,2,835435907,u4gky56qx9p67x2rsx5ahebs66hzg7pwhz6r31o5wcvyu7iozay1i3agsuaaey3r
740,322,LINK,9,432477139,iaawx2sbmhq6wgajli09pzxpc1wky2d27gu9t9y0y5cw41syn75mj3g9pqrfqe06
740,338,LINK,9,545779014,46qbmsu649eqm5ezug0kuyv2psjibd7ypzkl5qvh9b0fjkvjn8kdp2rmtfy79rsz
740,351,LINK,4,983259889,9cbwb53pqlqstr3empgy1gdiv5ll2yksdlcvje7ca60sd2seal5u4vs1efzmm8cl
740,400,LINK,10,12954069,1ag0plepwse2kigblqpedva6fivesxz7khsasue7sjmdqp5w6u7bmznnwom9mmut
740,401,LINK,1,606759356,snhuq0n616ql739tb6m0yobon9bu3d77toxnrjsbkzi8lqdy7g8hlmp4v4xmpyc5
740,419,LINK,6,157732234,3afuaquwdrcufyfjzkrgca1btk3ttgghj2hjt0t54uss5hcktfh05mwzx97s6vj8
740,456,LINK,6,868614629,tu3voh9jtydpmuply1qjbqdj6s7ibjg3y2uw2lrs8kpzxufphgqs9lxzl4dqztx6
740,484,LINK,6,639396695,13rzzzic8k3tncd2fict707kir888hjdhaagc7kroba8bhyqoc3ts6lwm9zdqp6q
740,489,LINK,3,648185870,wsdh8wf56e7u8xyijsezm2df7th9n4mj2hsgwqt338e17gy0ho81wv2rp1gd1x8z
740,519,LINK,3,247503668,ssv1r8yqmy0kdbe27edis0q59l2q8kdlra9e89at5v6g7d59oepnagz43fp8brir
740,552,LINK,7,627233226,i9pzgtfj1at9on6bhczrg20ippmf679fup2qu95k7gumuwgm3dau0qipsbk6enzj
740,568,LINK,3,840445511,o5edk19yojzccgllx58l1mf5nnvraqpqxr5h74rnbbzq2v3pkvn2hwtxyaz3iqo3
740,606,LINK,6,518844246,siopwv674iddoth6po4hw4fkv68y1pu1y3hte5jyk3iqfh7ff17egx0wiaj9dh5i
740,616,LINK,8,344441672,4na5b98k2sm3ct17hfovjftmk56jjn73053u4wq1n5vl44593vs8i0555w3ydtln
740,642,LINK,9,455895218,nokf7nvaiv75vy1ilurri1b4mztbiigmazhn1zyrhr5qu0zdl8zlstabgjad4j5a
740,644,LINK,7,822657966,nwvyepngtg4799x46zqguuojgqkpk8fy5dvno4l0r7e2n8q77sbq7ysl8rui7ibe
740,651,LINK,6,684321127,agfs2x07ttd8coyk7o4v7vsj7ftezlnpzap3ykfadjv7v75jvl6b5o07xk61fs5l
740,670,LINK,4,810173809,03cv9kv9owdbiu6teogkngc29wts35yablofmavunqdolr3i22p6vwqrk4ebbd2s
740,718,LINK,8,149580206,fkvsdd635pm68i3kdt4381lqs43gpn0zma85k6jndq3v81zzl3sobxzyh63nylut
740,818,LINK,3,849817496,ry8xqbc0rxo2kid3gn0cda07fa15nlwxexs9yjgycq7mwiq3dk36bte8rwygblgd
740,829,LINK,6,681175931,nkvg7mcng6zd1n1swxviw5pq04i0yh6cbn99gx3krjt2ifpt1e9j200lxiu2mttt
740,859,LINK,6,393587139,lg02uxpzpxi3hcv8pogv2vf00401u9x2leeqh4tojsduvmi919p0o9871ttngrxc
740,882,LINK,5,904183861,pq92xslkjgm1xwt1m0ocfhpysyma45xlfuqz6db168sz607o9ohlebt720ut0qki
740,885,LINK,7,301473609,4jsmwnayxmze5d2eslq86hs03mrkkm4vx0v2fuaqqpgli3vcygl0ulhhhnsxqb2q
740,909,LINK,8,834854790,6qbz2g8t2vdq0nwhlbwl1xo8qyhy817ijt82yfcuxh2xmzr1dwl1gdlh038425p2
740,919,LINK,8,538854140,6i7ttef0ftxj9evpf3fhjjo1484jxt82hguzdkjp95drwx600rm9clzf26t07rju
740,921,LINK,7,252986838,f0tv961uxlmmg95gjipg1317mqwpjd46zldihvw5pp8apyivmvr8xybzva69ic44
740,944,LINK,9,281170856,6060gss60bhw9ta99n4hlkxaujx1rqhh4yds5zvm927ca08y9cwmaw1276c2zpzu
741,561,LINK,9,497063028,gndb84prwbtou9dfig93fscw1cstfxuo6pdfdq8q2hd2w8lobo9udhkb920s37pv
742,365,LINK,8,425938554,jyw1jm9474z8qz95r982ucbnn2xe5jb554299u5lzpa8cfiym2y2bnav5kz7m3nr
743,11,LINK,3,260752485,egd23p8qe1in2ybik55edmu6oj3krala2i2xb2pwt9e4meonrl2gcccdnen3xsdm
743,83,LINK,7,97186305,cfk58zwh4yz7mtww55n1jslimxsvnef4g6214wh20qrnguv3d9sk34g0j5q6ct63
743,370,LINK,8,69402872,1b3pg8bok7cp9sraesvhqhavc7bwcovsjfmqcu7985ektzjizqjv56rs3dufvqpt
743,485,LINK,7,895326121,8kw5s96pw8oppglliy1uxy2we6bz6egxgvchqp9moxdb8m5u3gb67n8q8p7k7ak5
744,197,LINK,6,883648223,2leojngwgvhjr6zb2zeda38ai0hj7g4vfvlkyvrrt4rasf5bexbdvbbbyfupdjlp
744,276,LINK,6,237368810,s9dd3ynvtx36fm7xopeoy54m5hv2dpfxqlzhcmbmpkgw0qyhsowck57kna1eg6to
744,507,LINK,10,769023829,71vyaekke5p09bjh1xcql3toc5swxudi9s8he8khslqvymxk8qb9vcsszjt8wkmd
744,509,LINK,9,249904247,mww3277jhjip9d28x37vod9togvpfwyxzr51iv0d9s8z53glxuth8tjksok0ldcx
744,600,LINK,7,270637651,8sx4onfm8u4iu9uovr3ycdneetklxte00q9zz4wfsnqebakyggxx9zan73dtsty6
744,717,LINK,10,579280092,i2k3bivvz7f4ztutow3tquiolketyek4tjjes59u01805w8vyptdzxjs4zocpawp
744,771,LINK,6,4355481,17mngnvgi2wdz94ih8tayzmnmm2nxgb5d76njp7194dqh5th4boevtnplaad6xp1
744,777,LINK,10,218918622,rnk0yv15u0i4xb9eamym68685y1rdqc9agx0i1jiid1hirxo82q4tk5vhvu14fuk
745,557,LINK,7,198350273,wp5asgjqqjvhkv4v1ciqt7z1xmwwezkngb8c98vg1jfj99102g6dmlyu32bkbcjg
746,44,LINK,4,644403787,cflxranip9nrwftad1ya4mgm5pz30eatc24wrxu8tzfrilot6dj0lberfx1gwx5w
746,113,LINK,10,406687328,0o00w7znt7m2ls821xhnt5784xz4yf12mtgpmhpnjiskkg6pme5iqrvzhwwa03ie
746,233,LINK,7,248278270,ns3r0eio36w8hoqd1msrvci5xy6gdaz6hc7n0g21md9x6oqpvlu22mzzkr62x25j
746,295,LINK,3,732788610,3w92mbrs55vv85ft7b4giio3h13cbd76vdvec9ogi7g1rtp7iwo5mcixqwldz8qb
746,503,LINK,2,868641737,dg7tm22bgf8ie9v2t2cv1zv3g3ldbn6gt7snjz5nae53dpinspbniu99zev5l70j
746,639,LINK,1,41413936,nevapzgaokeo1m2mdligqnnbklgaxkmks1suymgqde95exl7z2s0djkfmf9jmqsr
746,659,LINK,4,936672364,b6uz9swt304mp52mnyy9lqlhiscqduf5vn9e7ult9782uxul28iq8olbhz0xzedo
746,724,LINK,5,515011897,zz74arld599wyqbhow7qdn00c3c6rdv865g1x4y3ov6q0snsavij1olgi0y7qn10
746,755,LINK,4,756833163,daz0qhpiafpcs8g1qlr4323vetr1z4rfbw6veactsg9mn6uq4wu5yo6l51hreho4
746,769,LINK,6,445518231,avryzh0u6q7hdjnulcivfd6p5m9c9g0p14zbya53d4f2evf2kkmgi15bq8apus6z
746,805,LINK,6,562294815,djbu8g0vcedbunwpka45v0rpjitkvyyyzfcaw9f9d81b5awt8o7rdlbgqwirsc3o
746,892,LINK,9,451303638,fiolk1o7jklpvh3xx00fy71tfkm3cj6cc51gsl8ce6f9exry5mws9z3k410r07wb
746,918,LINK,2,808763084,re0zvcwbn2reqcn0bbne2fr2fa07xghqx9i7887yg77j9x1tva5lcgq3hmjtxjfl
746,931,LINK,10,291453743,bfj27d3c71n7mgwgqdv2jlf25jt4elem7607zo2fo1vc2cdu3a05fmgc9c8wvz2c
746,957,LINK,6,611193063,z073wduq5izph14t977z7tfbhnmhh1md41w2v7isgnuzo98hje1itxcxxxw9gbpa
746,967,LINK,1,837541372,sjgyudg5wnyt0j17n186brsevpx8daeg5i1w1e3y8qpur7ve57yq6jopkcq9ob5k
746,987,LINK,7,464041140,joj25x2dkv4ekfk3129llaz0t2angdxlkxztux1fepij3lyo3g0zv0i4z249zdgp
746,995,LINK,8,620834367,hx78gjmvhkzpm2pv9pahha9j4ck8k2s1l6wqrwk30twqpkad85og5zqeh8bk7zp5
747,49,LINK,8,478196735,9ja8p1s7sg1t3talyfrvn5sflmjc7lt2kniskios1jye721igsji2uz02ymv7x3t
747,442,LINK,4,61901867,w3egkeovs4xm88nbjmwrpazrh4p2l4jxas8qwlkidkrnmb54jwavaodrwqd3ao4x
748,292,LINK,9,458278324,rxstdbuhq1wrop3v69um56aez6gpadx5jlbm0b3y05sxsoxu18xfhyniujt6ngf3
748,518,LINK,7,510243517,tknq54ywsu6ijl1ev7js7tzcg7ghymo2e57h4540rtmzfio9f3pmacmsns64sqx9
748,536,LINK,1,119587758,kb9ol4n4ryw2l60vnslw47clmma355emigruok1dddgusjzf88m2yb95huk8r69t
749,809,LINK,9,336801160,oau84awivr3dgmrnokj6yplwiu7zhsp61hhuuxmju7g2o50puhi32yipqp4s8fno
750,76,LINK,9,14967566,d1p7wus6aybzcpq1hxqe5zldpfi1kuhawsgc2tehtg0ecr42c3k9extrtno9bofz
751,104,LINK,10,26200668,21dk0uhiqzj72md36edt7k5kpzvdmbhbobus61agwocs1tnl460186k1jkhi2a9b
751,229,LINK,7,355638966,38trkvgu5rh8w5vj0ayzclrg61341k8g8frxxujbqyivg7rzy4w5s4kappwcbc70
751,682,LINK,1,896084819,j3tout2oyzjw6elrl2twe2xiec4dwoynnaxcvqrjygcbdsrmcud2qcscvm3ge7ci
752,359,LINK,10,679451550,dd9unons1yege7ob4jsj7bluip4e01pylabilqxer7i80w17xe8e73a8kqxmqe9q
753,11,LINK,4,809584565,q0ge8pthjs17lv23toaehoidm4amizu4y93tz0j8bg4udv0swswku9ppbrp69dn3
754,687,LINK,7,182925920,vhm8z0y54nbxo3w53iiq4jebj6knd8d0byi437e4r3ti82amnxhru12qbh61m6so
755,202,LINK,6,789799270,kzlaifr5baf1dsicmrcqmvh5sey1xdt69wuedn0el4n3le1fnjtyuds9ermkxxbq
756,59,LINK,8,243841098,9wntfebps3u42uafyg922krk48ez7ubpe0ytugxq0qbqdcpipe6do05xx2jef1nw
756,164,LINK,5,986913317,dxla319c7h2fygcx5jfrbwujo6q7t7yt8m42m3rabho3x0hsx3vey7lk8otnxaa9
756,480,LINK,1,13486817,kc5ky2eou2c7g3j45qvpl21nboaoyg0yjzd9kpejrnecds8tfy8arslj66eqkzgc
756,815,LINK,9,758358535,go9wx37acf7juko86is45p222m3zl5nas4mdoxpcf0yto2ldvyfb16ucj2buxx89
756,839,LINK,7,865870003,p0k8x14hjz74xy8gld9hmsedqeoeh1yly6t10g1uivuaibie9zwrd504bpf3k0hz
756,933,LINK,6,69229518,c4n79dyeuobpqx5hstn0ez8qkiufsa29m0c1ugpnki3dhcd7agtddfytklwhd2jl
757,234,LINK,8,508103262,e5bex4y39ddyb3g84vxlvacqf88bp1hv9aft86kv7fstp2exgqjsi3gf4lls10tg
758,560,LINK,4,914049046,7r7s5u6pl9e79id88l0i9yq9zhsa75xw7ze6mpe69brx6c8tqgsb0lcto02o4lqk
758,676,LINK,5,556278917,i7vapp49s1asosexfzi5vk04lmuxsh3gb7lwzd72sllrld6c7j6pzuqzk9eyhx1q
759,335,LINK,2,907003968,u2cjiry1z2cjd2yo5zex21n2xjei70klk5ca4wdhkzijzfzm5z4drfwqbsrs390n
760,857,LINK,5,915298549,37q3fmwm9lv2kcy9wm73vtvdeahiwgida1se850oa8w4xih0gc66vs9y28gnahy6
761,23,LINK,5,282562234,8st7hei6mgjpip7o39n7e3v1bqwdbp389r85wfvkwr5zt9ky683xokarqg3jxy3b
761,50,LINK,10,672624604,b2nu4l6u3g4109vw5vb52tjbopue2e6474jc7e2ral5sdagpq6ojuke0xyd3ly4e
761,216,LINK,6,933560854,8mgsuvu5lx4j7negu5zbj08vtqpy1evmer576ywazswfu6pt1q65nu6f7d5y9eoh
761,291,LINK,1,537032526,h8cn4xaexycbc276hjsl3jhj0qrxd40v4e3r5wjkqjr9592xyft8u3heepjys795
761,311,LINK,10,158484587,12svmnnjdjkidnhnd0m3dimri6o9f0fkxdvji4r03pj5s0k1ydqdyaav2h948o4p
761,328,LINK,7,324496455,vohzxrs5e0e4xbrarhlx8nsju7estcrlhkw9fzlw98u28ka51laqoagrnv0pbjss
761,340,LINK,10,980986960,puaii8vp3eta1lh98v11q6317h1d8h43vir1qnqawu4ibbj0ni1dn82a3d1b6o61
761,451,LINK,9,983210869,89beben46jcvm7tlbgp9j4bhwslbo19drv4atj5s5yk8tt7b2nr43f4nqmdt4lyb
761,516,LINK,6,385043336,h0c562wowwpl68yrd2m6fv88uwrrblo0rpk389xm2xa36t7w56cc5clp0lzwyctd
761,551,LINK,8,815233849,00viteb7833e50wyl4176bbkef5t9vlrvjg89c71svcmelszc16pc75rgfvb5ssu
761,743,LINK,8,293053678,fe7soszt78w5hhbwy001vx4j2idu4lqddo0df690v8ouaq8r7evs3que3f3oqex1
761,751,LINK,7,45153575,sxp9wc13n3javay813mflh7ae463n2r532tddf61offahbnkxw7d75je0azevy9f
761,767,LINK,7,563276815,kre1471zf5ea6ccmgcngzuq94fx2nzohask1i634mzrk6smtm3kcmerr6xgmebar
761,808,LINK,9,161279251,aitx9qnget9j35o9a846tr8jpb6lcnl66cfozad1zjzaeo9azv74ch44kr462t7i
761,855,LINK,1,375152604,ub97vtt70c384wk1a0zzxi9e75gcyv4ulbwqdkj5mvx16eqekchwo2yzwuprhx14
761,910,LINK,3,713569606,f00t9s1qhvedcls071swuorhc5tnstwuoz8lxxjhtkjdvmhwco5d8oesotb5o3q2
761,954,LINK,3,282393597,say5lz2ggtfcf5hvlzizt7p14ytjxe6pbzbhlgdh2w7tsd3bx2do32iob9xmuvrd
761,956,LINK,10,877020456,l3aq5fmvono1k2u6zep647lshc5mmb1mjkz04rxgu9negoy9nz6guei2jzakbi6c
762,217,LINK,8,862164973,innn1b7qczg019sh9m11b1uz09n6wb9k88jt54ax7do6je07wvaeb7gdu0iopl60
763,735,LINK,6,76365387,rrxkfzjwnl81vjypbgy6s7gtsjn3eav1zz7dmm15it4cs8sruegm0ilrco6sq3fd
764,321,LINK,8,469732168,eakefg463sfo0lddy0jajlnbvbzwk01qy2horopdwwm3c2g2029hpew13enbsp4m
765,44,LINK,7,139472709,0nm9lhe5bxiozmfw1asi6w3fj7uvoo2dw590w7xejh6303vf84lln97rcytxblfn
765,112,LINK,5,277390369,f644oeq4gqfk8zi7ypg33lvg6uov8s87w7gv2cewsjppj4whzlw6en5ry8og0hd6
765,121,LINK,7,477699392,ay9vabpmblh6ddj21yjxxrx2vnm02w84vd31iuwbg0gp4pblp3v8wivgswa7grcx
765,149,LINK,9,634332086,c6f9nfpg80heik2bzg7lvlgunpxrxjpve6k6z1fk1t6tqokxwd9aq7jd64pqt1bk
765,222,LINK,9,119854930,v5r0gy66fnes6twhv0r2b1o7xsv2rm0666n39s5ktnxkcjtce65jdbyyapueynwf
765,261,LINK,1,347678508,m76fvj00qc4tc7rfbxsje6iqm3ck3ntpiao45c2kq7yzxix2ohauootsrokvozzl
765,293,LINK,3,772321485,tm3gwyf5u9n0vg4rr0786w1o42jzkeno375540nw8mf5z7yajmdf35r0jrn1vug2
765,311,LINK,2,874172770,1x2e7v4saz9luo9r7lvtsl66o6y3nfmo70iv7lc4qug5klbuy7syp4z9e04eeg9k
765,344,LINK,10,390193094,4lpwb3koq3txfu1i7d200mpgsay0prljl5b0fmjr52fqbm5qypqzdcrxgyvxsovb
765,363,LINK,1,755910588,lq5oi9xilzw6yzvo8h7xpj656ifwp3ptzgqeuzsuhh4juus1lwtszug119v7t6wc
765,367,LINK,6,885556790,m381ttr3262s9kterhfnm6f3q69fr1r9yfkewwjhfd60fcgf0v2gikn6zpd46n94
765,384,LINK,3,190408888,bsccn40rjx9lj7mlzxs0cntp1gxnpmhr3qwb8h7lqygpzkcelg6vmcny3acfn1kw
765,425,LINK,9,889989933,ovtil8x8793fctvey0qhvtpqt2h7aovf9yezvqkbt9c2jdz9sj04j4iwgz9n0f5j
765,531,LINK,3,177202191,olf2brouxhdu89zza0igiaf5qfnl4xm18r6olfndmkbvmi6ns0w5l32fa8zqd9ky
765,550,LINK,8,271909524,ywghgioxosq8gax37cdb1xeje04cxaoel42y6rw11arqugd2hfr1f9bxw3iu1w8u
765,557,LINK,4,973731311,j70mpe57wx31wh1jii4vb251nwfrgggn9myi8wp28044lavobnnuqwdg7krlyjxe
765,595,LINK,5,995960353,tzv9096xf3t9nghjltr6dpwdq0keekxria3dbewis7wkti9h8nrku7fujw8jm49k
765,603,LINK,5,850622795,klu1hr631h5w4a5zwwac82mnxajdgwi2qoy3vdck4jqkysjgaqp2oxvbj0shstu6
765,637,LINK,1,806488021,8b6j1h2w8ww02rki9tdcswl2q0zmxb4rs1mhvpkkqtin2fcri9joxi24ojlf5r51
765,663,LINK,1,658368481,ex0istkn29yg8i0mu804iecqa3e3zak6fa0b5nwepcgh7si9lrx192pu1jrpk41n
765,664,LINK,2,855937811,1gogjstpge3f5g47zu0y5k6qb69q6b2wt4phmkhigj9xspis21iyt31mivx9775u
765,697,LINK,9,749631009,n9vsir5108hix7rjeqsuzzt4wrwkpcyjtj6jso78ogrzxuag63s4bmmybkkhq1x1
765,743,LINK,2,914418409,pjylhvub86qcyk0uwhw6v901hk60dw913grka44w8rvixx65hjn7gouhsst9bvaz
765,756,LINK,8,367102165,txcw3wsno6h3pxkwahi1qgrgb0basacfdjmayfrp5skf91w1o37m7ub6w02fm9eb
765,782,LINK,7,628615981,m87i6dtrvjqd2kp3cex2kcy1p9ebgmqhxyabdfrtkhy42tfsk1wpin97ht908vyo
765,789,LINK,2,924809695,t0hsdvgfzlbh28q1skczc7menc0pg6e369tjvc9a2xb108i4mkg0i4rr0vzfycdb
765,912,LINK,5,505569345,2yog0jzxddrusqb4km5cwjttv4m6123yrxuah4qx55x2mq31s0hhpqlkt9ccznbl
766,8,LINK,6,290959713,24ce1m9g9ns5przdrcrvyf7djnceek4w9yob1cqdgu1cpjfuwdyeufu95v7cu4cz
766,11,LINK,6,75458033,z6g11r34pzv1pae5y9l4a6c5wu5vpbfgepa695p6g8fwb3byy4gdzy9dsqx87oe6
766,35,LINK,2,260903995,pzj9xaitniq5xjfxeai6xqcz67pgwprpgloazox2to292i725efpekslnu31ue43
766,112,LINK,5,701177945,zhjlkfcgod9vgdl4jzjb6trlxt7vt8deg7z5q9slaceoagh36ix2irqvwfqrr1f5
766,151,LINK,1,247725118,abfr9xlif30n7xuof7pbcv83l4oclrp7jygwhc2x9n7auvx5ccnbpowgy6ep9ikh
766,407,LINK,7,130733235,aur0osx14pgtm6o62yueuu4qdf9ir5tivl2bjyt80pgl2n0cv94xc94l7rqj02k3
766,575,LINK,4,693477894,uxjzqts5hy0bcqfpfmrgu6findeggox58bjsa7wb6u7hzi1kw9xq0j6oc4ypus7i
766,606,LINK,9,79566524,v6anwnkdapjtbo306xgw7zd080dn2xksgt39kuamqh9w4diiciaukt63m7zmrwcn
766,607,LINK,7,552326675,bvom1rrwasd369gbwwqv3ritqa7rxag9vbqp3tf6itgkh9vg2ccplc55lcf41537
766,625,LINK,10,689284040,fhvww9moj9uew9c1nhqwpg5u3f16ewva1rq74rd0w05zxv2hdqqztpsobugf5eu1
766,643,LINK,4,531270738,bvoc31czbmjls793hijsahqajntcoiry6fkfxcoo1n9sastrjw7bnd6awrsmbmnu
766,674,LINK,5,356623601,0xb46vuvbw0pmvgn1h9i4hs6kwoetafjo36zp6gpfkm4grawn3wek7678oovouw3
766,676,LINK,2,266380958,h4njzmp1cord4wxlvttet8f3qzmtgbq40md00osc2x4c2wqm2c3fr7a6i44pf46i
766,682,LINK,9,50124165,kc8axqujjpetn37jlvx729jbx6crxkmxz9rc7fas345q04y41aoanil76qba5t3x
766,761,LINK,5,464698256,2qoqy1fge5j2ntwm9xme06eaooel5sxt3dfr0ejqsokaj74ezz7p01g3vi7zlf88
766,788,LINK,4,943093972,manpqrkauyk6t62988zhpoiilhnsbg2fkxjntxnhjpet90ufh66g4oaznybjmtoj
766,830,LINK,5,296780647,h4atj0l2vj2rm8k0bxfw7bp4e13j55ild54161cblo22k604e43pb0xbgkusb8ga
766,838,LINK,5,67143413,ftma8zu8uop52udelfkr3xgwyob7b2x4sr8xso4a8uzjj63xfzi6ylfn90bjbmg3
766,866,LINK,7,321549422,itpx0cjbm5hq6vi38pmj1xl8aqp8700ab0gh4vb5sgngnro50em139q9trzub779
766,872,LINK,6,706885565,t3rl5oqajdgfoekfdu1apgnuolwif2d9i864l5c228r72oeg7f7o1y6zuvkc23s0
766,909,LINK,2,286748495,wc9wy7fo5qv8z0gn09acnmijtfvqtklh4k4gi757kzn67nirtvmjz1yvkzo92qwz
767,382,LINK,6,708272145,dx4084edupftgx93gjmu821b92x8nab21ztbua9r1qshisy7w9gnnta2ftta3cr8
768,756,LINK,8,857423830,zsz8ek3cyqdqq91e5w3oryck4yk6h62a6tvqodpbdv2f7hjjuphhygqwdsaitj9c
769,577,LINK,8,939483815,5d8jnqgsi074antrpxz0j4mwpyx3pkn1kjtmxyjz37myo3ulah6dni177hafipxt
770,135,LINK,4,569425380,lefw0ddy6zg0ag2kgzj6ji5xh0gndsked0gv1ircy45hofx01tcs13bpkdpcyu18
770,177,LINK,7,85120223,g0h5fvzpn5eu6gv64zdgmgxamj87m0o9kfav3mqvvcmecmifvtw89z3hhgt84jhi
770,392,LINK,5,507427984,v4ouysgwijtdnihyu1rsgpj40huhtgyrem2vfmnrzbzsvkwno78253ttwmibodea
770,608,LINK,2,837728103,w7mpdhm1gb59zydyesue31p2a04rs3jv9xubucbwe4z3ghqjy8e0poyc419ktucf
770,687,LINK,9,965772281,v8olu7m2itlxz0vcw4ladsg3jd1ns86ovadyhs63yuy451xwnqquc82bpyjsiemv
771,79,LINK,3,964565999,swwsgykesqnif2w28121efytfdqsiglgvi6yjiknfar5ei28vhgq86sgk05amrqm
771,161,LINK,3,472631174,a1l80b2ue0n5dv40xg1cypyb6e17y5euwkcr55ioohb64omhdkavy7p5f41c0j0e
771,459,LINK,4,801016460,3bfp7zj0mpmmryk481iu2mz7azd75ot95aiyt2newndlumqd4dlscggkp5sdvhve
772,635,LINK,9,174624005,c3xym37pr7d5bvn782xix2xqx67hn9pq4y785r95q6b5cbtjsus2dq6hsgjh7q7c
773,640,LINK,4,217633712,ix16ydcf52pouhtelokbd8c71czr8w3f4n8h3hvyp8fiuul7ndeo2eus4x4vd2ki
773,663,LINK,2,224266803,bd9l0gqzju7lb48r9xv4500uesbl9x1owba63nf8ffjybra1xyjeiir0xcztaivz
774,27,LINK,2,641959321,gixyj0io3gf5e1545mzu9zst37txkn3vzsizh1k4k5ms9jntv115k17gw1ytqrtd
775,474,LINK,5,528292318,ix531gxelwmmbfdkwk7ct072oe3a711j5rm9hl416qkfbakqxgnpqfnsa9h7uaw1
776,977,LINK,7,842383616,xwcv9hlpihlqdbb7x5x9k7526pljsnxsynza6wn6430x3hq3tm05gxnd8ow4xsl4
777,552,LINK,6,465632571,xboedszs893dttl6lweknbs4dlk23wmpnsk671nfnv56ammyqd5rj6c7vue93z2t
778,2,LINK,7,690985494,xddrlyruk1cms156zu01eumnntjq5uqndbvcqu96sgtig17wgwg5paj0qegp7wdd
778,3,LINK,2,464377821,hjqcnu7mjx8wqcmd0hsz8wwzsionl3lf3usp8xa9g6ihbf33z9qezy5k6z3vaz33
778,7,LINK,1,251860231,ljn3hn9qtqyrlpeozk4tncjdc4x37gbdzd4qpcivqzhq7tb29nyiwj1lq8dzevy7
778,11,LINK,7,846962217,3d5qluszjjjsmw8yvyeqat4zoi4njcoqt8emafv19zja27ouzaibh8rxcfninyvt
778,25,LINK,1,126839456,23m0rn3uq2fjbm3mrrb4whmff12uusrtkkwa7typkg2g0rzzrfk0o64a5kvfjv09
778,32,LINK,2,636241898,5arrrv4ffco45q0zbvw13prcirbdus5z5a6um8sysraph62mxzm1wkv5qedvzkk5
778,44,LINK,2,201551630,qyldcykdcd17ybrll99w4w5v9vmgtmkxhaapfmp5ttspsplk042ankdaw5be9kxg
778,48,LINK,6,314417053,ttvpyyqnnalt51wsykexdtcmbgw04ydw7ewxb69vrq5cvgyrbejv0wxa63bvfuep
778,55,LINK,2,202256078,ywv6f2ww3emhietrur8oa1n9q1tstrqrg57nhsp1ync5smv3kche50rtf0yke2o7
778,58,LINK,1,24762722,tjpfvxj5225jr75kn3hvgg6ofxd2soj13wchkn3d7hs19opkrikuug7db181shmy
778,64,LINK,4,16582956,7blvavx7c3myibn0ysaqv6am0n4560wfbosrq79z0hw4auyx50h67xkakf2iefh9
778,69,LINK,6,962741329,yqkflh39i47xglycz340lyyjyrclldkbda9pncjek9bx7u7s8gpnzwe50z7w9ouy
778,73,LINK,9,480474914,iw10qm06kaboh99rl55mvikdj42l5yigmxkmbcdczer94x47xyywxv4cbglfi8ns
778,74,LINK,2,954421727,mwo00fxthsz58byuorswe8xyxqv5trbudz0ic4j5axkstwwiqb2jmdouxb93j53u
778,77,LINK,5,617680484,wnwxitkuybboyygxbh618xsrkdsj1z2w9d0j784ayzw5txxbnmmskzxr4kognqr5
778,83,LINK,8,685713905,8vvzgwmze9hzawjj7xgobzcq8r3amwed7iv7m0qrplu5zni4gn52jpqoxpun0d8z
778,84,LINK,4,667191398,135uaprb4y5m1mutcxyvyrprn9ksc1v3fsuca5xtn588y0uh2fj1p508um3to59b
778,95,LINK,7,94995863,yls1hcuszqziruy0mvn7hs81jdq3j7v72r76d53c6cbx1y448t6cr0w5h0k5hc16
778,109,LINK,8,292136879,7gp5k7t9lgexv5vd1ezmegdhm2lodtwsyf16rnm8q02ryvqgj7sen4e4p51ujwo4
778,120,LINK,2,707215356,t0yc706gzhxugwd8hdrg80jotlhszllpxiv7za3bayd462wg44dg0fsrf9vzsovi
778,132,LINK,9,798024869,67r2082mdgq7gzxklot4d90n7wyfolrc5slirks76jl41t36ze9nyedaum8pjgri
778,138,LINK,8,359257680,8u77pkwqhhov94c13jjs786gbrwgshgkbz8bxhb5a3at0iu6iyqqhcplcbo1y5n0
778,146,LINK,5,75541760,kywizbgxm3n1aw1eza6x56ggptirftxhluvj077j7y4woyvh640zyeejydmzah4k
778,148,LINK,10,516115796,dbt93rtx5k88ph2nu1crslo94gh7oy6khjb1z9s8e7y3ccxbuwqit8dc1i2hs6qd
778,150,LINK,1,967133122,5axl9sfza3d2kfofd33r3mp7so98o3lrr6tnb5sgn5uwqwmkkl5pmpq53n7vu4mf
778,154,LINK,4,106321388,22k9taj1du0kxq395r1bxziwdw1u6331waxnscxqwobvlam57bzrdoakp7t7gsam
778,156,LINK,9,560113775,7egb7zwqr8kgqxhx4rr1gmporouwbjtfvhzabuzt1q8ur7ytpkti0n05vpnoopd1
778,158,LINK,8,522614204,wp7nbja7r4niqtlzm397p41upjtukg29l9ydho4s6s945u31y0xvk9cait668f0b
778,160,LINK,8,432935237,hbyuqjo36ihqoe17oeivh10l6y10sk2w16aueuh7u3b9i08meeboeq4t6mpxujfi
778,165,LINK,10,157522770,xhupgvgqddmhe53l90dqqdfm5g8j4t2k66g8vgfwakuw7d5mfc57oi8gdlwfkgum
778,167,LINK,3,830335682,h2v1kwi772niyfrue2mqub8dix32pvtph5dtg3rcwoys0prsvuydkhs3n9k52m3l
778,171,LINK,2,361878938,54gt2587x7wcmlpui6lq3es3rreyggf6stv0qpbm7rfgqy2pe6h0a845arb1bdod
778,185,LINK,3,183830778,47x40ykpmdrp39h8dntaqfe7o70wi3anetkl2xuiyu8pkcn6vxu8j47y84mvtf2n
778,186,LINK,1,88603130,12sn21b8t4vzw0yiaf7duejte5832lz9d27zqgiw49hn45ud8eem45bmb0ejgody
778,195,LINK,2,678764669,trs0xhfkrmu2tkomt9eponehiufhltvwsuhqbetc7fjycsvfrc9xin94pihk7fzw
778,201,LINK,7,530152166,9hj6wnd99mrs7kb1t125d4lz1yi4dwsawqpcdjy1b85p3rlbj4t89lh34u84y5ge
778,202,LINK,7,90663973,i5tlsjob6c3jmrn63z730f24d75xz905sk4yvzosi45uquu2lpp21bx4nzq03511
778,205,LINK,8,254400024,lra1hs4odacsibxzekam4uskxpitw6344so6krcqqsynzmovnqb4su4haw1mly07
778,212,LINK,7,188060765,ioolqgf0ycvick6v7yh7bby4a1wc09ap8t8av4mpa6jbcn2ia3qqztczcis13tyu
778,224,LINK,4,971257872,lsslz5vhgwpwlcwin872wl04jybygrxkial5e01h2f7xjzn88z9hi70hv7uwknz4
778,225,LINK,3,178296054,ukr0z16xybczhh94yjec1ecpsmgpwe9eephq5czbzq38l3v4t3s4jh0ba2msyhx4
778,227,LINK,7,219528930,vmcb52v87619nwzer7v1qggr7v81sllpspu472ti964j96uarmgo3r6heo3a6x03
778,235,LINK,2,688206262,fn54rfxdf3yct2szgh2y1fyvt42xk9jdmvfezefv6x7yo3kk9hiyq2vf0kom0kb0
778,243,LINK,3,741180432,2eehrkoyebd07yy0ga8l9jgexzqolt1l4ud3f03h43chbn10ydgywex47swkf05i
778,248,LINK,2,694939897,z6f1czibgxsik9v3erxb4em6inroi6vh7eg44z1p8a6iol3948o42sn747fjvjvv
778,250,LINK,7,409228182,1rypyo797wzvht38rmw7hhwjdx0f49y15096t54dhmg4xhyy8x9b2mv4jal1mcqg
778,253,LINK,7,19121885,97fl6mu3q2fmml863axx6vher8vgqglyl4um7wdmnf886jave0uf625gty0aachh
778,255,LINK,6,249503201,86jjdwfs67zt14g08iqpx619faety5ikewum8q9g9z250lnzom2gwttrixcpptui
778,261,LINK,3,957735344,j9kqyzo7zb3h9fk4tcx7kcwpokn0bv4hgzph5ycu684f0b2afsmf6mm3jk6puv2q
778,269,LINK,1,511964088,5ypxewrpfj4b66ca3of1jolqp8p8o6e4vp03wzjlt4ffnp7uzwunaxsn5yzi4a34
778,271,LINK,7,930361699,bwik2e3gbwsw9k1an0f7h6ctlt330loicsj6jku0mq3xgwa1zenh9ufaigwooe3k
778,273,LINK,4,96802713,jf5o8xik0s262d1p3kwk3styw85q222kicm1xv2bycregvnlch12ck8fg6eyqukd
778,276,LINK,10,519722701,hg4tsy35up2o4l9j6ekhsgahauueoogbyuflhs3dvofjt50g1kbmj75ky8c33o82
778,279,LINK,10,331534421,fp4yjzed1erjob8ee3cveuh958uvmjnj7bvrhenw85b90y20bv6dn1j4mu7qcymn
778,281,LINK,6,322788416,3myn1eftold3b5tk4u53eso66edq25ckrhvyaxs8gr8isfamdnigkelhhavuo6fo
778,295,LINK,8,667482913,k93vc579ath48n8edaffuhm3d0f18esh7cdgqgkta4vc9cy7qsns8wzivxlmydo0
778,301,LINK,7,318280991,ak7rbnihb6htdemw611xvo1lbvbx6jku808cn4zvdb9scn29pyjwiynhusqz5iae
778,314,LINK,5,974932534,lzfbal2bfmsjqbjti77uj1x84t6igqpuqv6ja0moadf7dhm0h9lfer384by3f2mo
778,351,LINK,3,80709011,xfr1j6zqkhh63k350vplc6oatlv45uem58li9fijkmbp4a4emh1k31u2ef0rk43w
778,356,LINK,4,171010994,69qcoyhe09cly1mn1aqofwf9ellqfpuqv0lp0q80dlkoaykk7xq51sm723yok3h4
778,359,LINK,1,153577751,fifb62lnvjen9j0hn2sd3cmzrzn0czgxojg4e9rsgofuw6sznke5tqintojliocq
778,363,LINK,4,747808586,oft2rtvvc3lphhy6mjt4fx9ljlh91boylmih0yappoiy4kfafzehzsr2zcr4umf8
778,382,LINK,10,441604208,d36af0bwhrvwdre63nbub77mbesm7den591pn000ngulprfadnr071sp07rvtj6z
778,383,LINK,6,881777918,c59c1w23kymlaj4zrhygin6vupz7hzgkp0y6gbaq1jnai286a3ethvrig83pe6yq
778,386,LINK,3,329124784,fki9slcbjjeljuauqw2szg59kj8ie2mrz90oaqo0v9woyqjsyt3193d40hgqxgqy
778,388,LINK,6,603913067,jsqtz94zlxttzqjpz9s94nbbh81rpdozieblruq351mry4a61jmz1etid1bucwbj
778,405,LINK,1,773460713,lye6iyg1oan18xqrw041m2vk8q68yrbkmp7v1wqs6q5zfs7z371bowloxjd5gbuo
778,424,LINK,7,716465980,qd2j43ht4sy3xdyxk6ewynn2hmsycuyfeyv5mek5wlrnppnfoihtl7lth7pj94dj
778,425,LINK,2,557365427,na8jv03l29mo565rbq6cypkow432usfu096dyhk8o6lavmbbx9z19eie9ecs8yi2
778,427,LINK,2,69257587,zidf0bx9h613j818f9ogq23bap12u46u1tt9qtv0tw2vk7vizm4d4i4mqt63a6z7
778,429,LINK,8,212027922,ftg4mgzun6fbn1a5oq22hssmdc3avv988c7prrbxrj6r3jogsd0t4klkj3wwpwxp
778,433,LINK,4,198766098,kheqf3wxubd5rewojfzxjyr1wbv5geone35h2dpphohb5q7fc499spzwfjcg00cc
778,434,LINK,1,253815932,vw1rhfp8e7y6nsrgh6l3bmu4dqxjzjearjth0f0towvnsvhgz219gxqw1ltbenow
778,442,LINK,5,557126866,48a44etw9sr233vge5x8a6aay0x9ds818qaq5zhan8fg9natpqotr3m94s8ls3n4
778,453,LINK,7,261154560,04qc83idy6jkhzpfomb3dwrixskte3tylgp1ty2iv6etysgkwc5wb8vvxrsvdzbb
778,456,LINK,3,993653550,lv4bj0y6x6g6t9kez2fyzz5z1iysjo18hy3czyuzob1d7daxhrjkgnyiv9hyl85e
778,462,LINK,4,387766744,rfujt5acm1e2ry7iodntsq1dln081zesb6o5h399r6mkmw5uzaxpyolhfrlcsf5b
778,464,LINK,7,731561099,fpv94rmhu4jfovrba716sazedgpz2v3eku8ttf74zn12453fntcc94zlaeou6cew
778,465,LINK,3,599678951,kob5w5xrz87f9a4c4137437rbcvs68wrzw0ya3f05cb707q5uxh8gantpin755tc
778,468,LINK,10,976922291,kt0u6pr3z51b29ef0jbrzhx7cuscr8s90sgcx6eq9h1s81bb0x6jwwhfsqof5aqc
778,471,LINK,4,425156861,23inlviejcuqgr4foa3f74v2sp84u4c0brjkwdy0t3s2t499k3ft03et828gfuku
778,473,LINK,10,829808046,sfjs6jvjksdlid4jw7vod82tg635nayimw2m1rv2im90p5aji29q8dap5cw3jhwu
778,479,LINK,5,749026505,ermw5gy36vmmtpmtxsm0weqddkgxhydfb00uu39k3isd6tgairkoe38hkx5te535
778,487,LINK,1,448847381,m4cmlcg4odifkaguouzewhqtbli3wmtrm1s5eerbmam86y1aw4vcg7uqgjj7098i
778,489,LINK,1,598650045,s6hvtqtn9mcc8zg78b8fm1o427b2aywbbc593oyrjywqdi5wpgcpsoutx10h5o6y
778,492,LINK,1,894658285,5sjfg7o5lschvo7i5k2utlu6597mng754rs01l1evirx29smau97pgqg7hg73z5q
778,498,LINK,10,136699527,qs1nkq3w9bvzs75x8br6jliwlsftcd4ciipaqpnj573va4ehhhkskcmj9yg8ddgj
778,514,LINK,5,902814783,8mkincign62uv9tdubts4gx0lxcacdby7s9kh9hpziesjsap1h1sgyn1dvrbwada
778,517,LINK,1,37805493,b4xl87en1zngtme4e3uc806k16xx27ixrmg1df5bk1i1ckxghxeygm7yhbw3t0g8
778,521,LINK,2,469556153,nnws28btphwds73owp89n55xcq0tzexk4nd9ul38z07ewcnwa6zbd6txt8t1t1ay
778,529,LINK,7,348956456,5c1xe3l7wttch6oe8ef65yhx625eqxqphg8srzdezwg85cb7uq4yy25fdqv7bmsz
778,531,LINK,1,888283443,zsnk1mh8ogtrp96h4im3xeb541cdr6saccdakk3nxh1pwmnos2q42jfsoarw9kxv
778,533,LINK,1,902527188,fd5lm77vf86b0i0vqtd9wbt9wanajycijoiu462xo1btinyruf21i944b8o9598o
778,538,LINK,2,273774769,36r2kh0h2odcztr4d3qc5ucd8mw9q981rvc6ekmmr0lj8lunfarg9aoujls6khr6
778,558,LINK,1,428437698,8bhsd83vtjar1gv1sj03s50wl8seuxq6bmtjr50nmimv7shfonzz7t2k8uaqca6q
778,561,LINK,4,14682752,5riwh6nbsri5q02jdkj5op2lbccvtqsfts2d60cpyhbxry29rh5g68ubz7x4683w
778,566,LINK,7,278924897,knkfdpdumbx1ivoqxxdj3o18o0b87w7i8qn25w7wngqodd2n2wckq9xdmau75akv
778,567,LINK,4,770315271,dp7yi7ng8u751zmcjr6kuoxa3h7isrhlfmbq106gp2hjvnvwmf2pifgd3in6qq3l
778,571,LINK,4,83458312,59boqpsrjsvtnvllzlzd6sn8l9d6d1xiv5w0eqxrvq6kmd7qsy9x265afabui12c
778,575,LINK,9,347586131,tq79km8tjsmwd0cfnipselu1swhneobghsufwge0h2y581dvjjludagg6ppfbqtt
778,577,LINK,1,717844693,zvmmqhbt9g40ga05q9schatok843gtes13fh559bdoqpbpq71mnuvj2fklrc1z17
778,585,LINK,5,352476133,9zzieqham956wxnbms7jn5lwcqsyz8y1xaid1a8upzii8q3gq10j413s78tepr29
778,593,LINK,3,240434131,jvikkvuxsi0tq7isxe22fmvjjliz2iqh4aodxr3ijmf78m9q223arpcdnpm0duk3
778,595,LINK,3,863237857,yvmp2e3cxua3kui4c1q48i7h42xdify6rjjuh8xlg0ljgoaqrje5b95uwq702f7c
778,612,LINK,10,648766676,69y98t08fsy4605zzp11zvofctslzbk6ofg54yytt7fzg861fj9vrwa9fnvlc74j
778,615,LINK,4,89802477,qz0550ofarc61ea8gh7tooejv3he1a1m40zv71sv0yidliqc5fu3yuqp1rxywm6o
778,619,LINK,10,688070034,g86kot5yy5ai640udb5s2ulv2dgfabm2qidf1egm3xvu5i4e1ostqgjv1ihz7svt
778,623,LINK,2,920790586,hugdarlf4om01io4x0k09t5taendmtb9r617zahb9zdget01kmwrzqpk8ykgrbz3
778,631,LINK,10,262253819,tlmggmr880k8muxca8jxpbhapt986ojawdkstmikls0t919lvxwksmed4siez3dz
778,632,LINK,9,67484217,yq9s8hlc9vc16gzei9yojvgx3znor82st4ftzq4hq25ffzsxndwvo7nflkpdkvk2
778,634,LINK,1,338030648,qf044crwsnhnx2fz2b5ln8yk1dllieidflzo91jd7mtoa2ludxoql8px26bystsy
778,648,LINK,1,589691133,t6drjcivddpsx6v33fsu01wu8ddy1re4uuh46c10jl8obg21avc0pyhdcgi26h8f
778,657,LINK,10,7978251,b6xze0ggtoisg2fj4bjx156vevunrjv7sjohgzz3fuimb8aux6tjm7jg9341t7oi
778,663,LINK,6,810358352,tfckqg8lxuplxt3knskoqh2rogqa9wttc8njs9i8oalyv4w4ch2m8sv3okef5ez7
778,664,LINK,9,707673081,8niia9e7hcxd8jx0we0rv7mawfe5jovstcchmdijjtg6agua9cua78hex0hlukrr
778,672,LINK,2,860471504,wo4cr75ej21vyv5ecfv9dqnhsjdi3g3kaafko4r1b18qhu33d3n9spn3aps4rqic
778,688,LINK,6,121573023,uz17u3dwhrl74x5r0rmxwijnyeolni46nqulhk57pmspvp2bonj0730hr0gw78rt
778,689,LINK,1,445389176,vy4054jyas5feto6f5hij2ukrlj0crdw5oorgirjsdu1yat08zjgc3fxulglxr5m
778,694,LINK,5,274883215,2s79wppwj291fkr8a1m1ye8hnh8eukr5vsp7gw68okl5rnmh8ogkci5brm9hqmr4
778,699,LINK,3,309917722,drsw6y7atle48lawunfrlr042seq6v51mwe5txbkwlvmjozheppu7ajfsnzzfiy1
778,708,LINK,5,820929613,h24j22361sz29hvxgl1id084l2gei5xp5m9rxqfx1dg24cx9prd8yccn7r6dyt49
778,709,LINK,9,651168759,22x5x31vu5b139lxoen0i5a1c8equpmvs0hc2ul8usrk76amc4pognqahny8tqm6
778,712,LINK,9,364673286,lu3w955q0zey9ntdnrsizoba1sihk6utlrwpfheign739ngkrslj0glsdthtr249
778,717,LINK,6,650735733,9biheqb6iyv6iemvri3xx1wj5b3tfw26ttg1z1ntut5u2hal5ocgaf6d5qmvjytt
778,724,LINK,10,538668669,5lmrd0nqpamdh6dg5q8zja3n3l27yqsivt0e8shp669wy0ow7cvlpowiudlthza4
778,729,LINK,6,919289735,5lwtutz5fwd1zbib39wbwoqo12i8rvnu8i56xnswtjhr29zij4jjrdfq9ap6jut9
778,735,LINK,7,508765561,gsujgs6p1fnb3ayx18nqbh9mp4l8nf9pkg9v7u2cdrq6weuno2amqqfzvo6uijqe
778,741,LINK,9,586051637,0cih1gn0ink2v0t5o05mfc45engm2e3bkgkw3dmzdn7qe71bn6cunerdrccu25c3
778,742,LINK,2,558259983,gmbng158woj77umam52n357v2k4ybcc2pdbzw8zle0cit02ae1ejjsffoo1e45t2
778,744,LINK,7,216539157,21xrrk0axgbijtkrh2keoi4lj9izx1swao1cafvdiardrpkr6aq3yxyd1jrzupzo
778,757,LINK,10,186499164,6bxgvni1ab4ks1sdr9orhe7842hln3ppj274gtu531i84dbwm094k456h4pl7vxd
778,785,LINK,2,481673576,2ihnolbz7lxkf41xlmjkgc8wy18yfyqravaxwf1lzqvaiq5i6pi60k7i7kyrjfnv
778,793,LINK,3,136104291,rctf3n8esecasxq4yy3qetiio0mbopoua7tb57245murxx36udlgpkicjpppvqs6
778,794,LINK,3,788346422,ky7i8yanalov7lq2nucu4nx7hgmwj72raul7rfyk0zdguyqki75xvxc94az5gg8x
778,796,LINK,8,597494171,7eimqezvq5ca72e42sb02nrsiilu5aj410pmkdya66ttdxnfkxmvne1difdy33by
778,799,LINK,8,840306590,l18q97c2icpbz57q6gr78fzm8r6jzr71hnhcdrztrui19syj1b1l80ca1upf82r5
778,804,LINK,1,381282429,et3ixb3op9okd1mjh6bs1zbbuvved1eykhbuu64357fpv6gvyfwbxml802ng502c
778,807,LINK,6,11328259,lk50gcid2cwe555tab42crwlgze9j11w45cjstffe3sodtj2cdpul7bjk1wqqehk
778,812,LINK,6,733165673,x10gk2lmaefg8gi3r406f5u7wxy996ftt7tpmvr9wjkways1d6o1v8ygl1jdj8m0
778,816,LINK,2,78428676,d0gzm7fnyijf8dvysvpa3b45jfte48jl6s2qptlekid5rxhi9fyg33t9iogw8ik9
778,819,LINK,4,612591248,htbb8c0e8tkpv1e1ah78v861hc7iyif9ajf7dlozf7a8y8shsy0bcnvap1cds3s7
778,821,LINK,10,365976007,04raud573t1iyrmeercdi43yqakgtc76p8fs04599kqjrmd6v0pa55hhakx8jv3h
778,826,LINK,6,408869005,tn5g9oje9f6l3m47wnwtu7bsb43dkgwzpngv7l175k7xr3hv382gobj5aqai274q
778,835,LINK,2,534121480,tykzy351j1ahmxnly0z1lpmlgma5lxgc8hw67iylder4vh2ps0y2owckmqdgaq4n
778,838,LINK,8,304497455,mhedmkp0yog0fg9clgjm2d814a9vb3m6imobveypzkg3rohunt26fzk2mr4verki
778,840,LINK,4,428371535,4uxzuvkd750m6c6onqiauayog19jbdd87kwqah09v79wmfr7ua6qqg97hahn3awj
778,847,LINK,6,380944225,520j77ghe8hf2wmuxf8uhm6fwdglu2rwsf47epzqiup78tnboi52buzt2nx0kqgh
778,849,LINK,7,291214773,ls2fc8ceel6cduz2smtk1awwj273gg1ouuob2tvrj59aa48joacbgxouogx293ai
778,852,LINK,9,182872110,zoifvwky8nbb0wki9h7y55aei4mgx8bqnwqfn3sadft7tfetnu70dtd69avj35gt
778,855,LINK,1,876150884,n7eawwcaajgosqmi71qiangixdfki5ptjinst4x5mcg7y34aeonv754puskht0cn
778,857,LINK,6,374237162,asncfrc3lika3qzr6m8hzv6l9mev7mob0jih2c43xnv9s2zik6zdtyvq6wd7bgtl
778,871,LINK,1,750337851,xbf84blmrz4deqen2s58k8kfbsjy0ffm9lrztd07ikmtt6bmh8iy5ucrgt90h67k
778,876,LINK,7,495918950,w57vhedkwlepktxvawm4h4u3ii1w4pjg5tz8h2ciwozlh92uzcgz7fharzhpgrzl
778,878,LINK,6,246865309,w0hjuyip9598xgy0wc86pkk198jniqr876f2ysg35hxgkg95tibl0stc40yarfu1
778,883,LINK,7,421490954,0dmysmaiiusqq068swus9r80jskjlzrc0y80u1nwgwyej5aft0mpfey64c4n54ui
778,887,LINK,5,147626629,stg6h93y99tngl9gpkbw54x25kgb6lje8zj9cxjozaq1cltbqt686kifznff7nt6
778,888,LINK,2,509876641,7lyytgy3wgkr5j7rk6nbl4xl6ydpslz8s9wnb1vaytj11gos9au1dpm55jvb5ivo
778,892,LINK,1,343283269,589yxnuwbd7nf4vuay5higbl44ccs4ufirfmc1d38l0xc7ckbug0xvm42bgeujvt
778,905,LINK,6,421718529,921fdkyopf4imdi2p4fr7ffjbqzrkh9c31acv3s9e7760wmr1feqg3l5hp2p3wrx
778,906,LINK,5,904153503,ofmzmu6vrx35qh3hehnq2b23c07084zmplcce3pzpgw3ji6q3mga0d2pzqeheweq
778,908,LINK,5,654675969,e2asd5unra1u81mh78eqvocauo0m3de2iye8fapsc1ocfyx1kgymbpcuqlfjmud3
778,913,LINK,10,725914291,mntdy32rkb1l03rarsknwjrgjfdqi1w2mwq9cdl41nz4qvkcdz262f8gmngk3ci6
778,917,LINK,2,378815196,96pvyz9uz4fh9qqga1g7rjn80qtsoerx8tcqn7kg1txs4ss6wpwcxarxtjmqv6i4
778,921,LINK,9,587845874,skkb1q62qk8b8qpybg2hc74mjis9c023x8ssnpz25vwdy703a1op2mwo05uow3ta
778,923,LINK,10,579539110,p93lxya6vxumyk8vrkqhfbg022ps5ufkva6blbntpquot2cgrrc3e5juaqynkq1q
778,963,LINK,10,119874554,aq47948lvccbxj23ptk9c2opxxlah59vgzxuxi6nwue52vl9nxpglxucp6nau6wh
778,970,LINK,3,111110709,vzla8m5oes3mhnzsn8dhfvt5gin84p6uvfvfhy08qfakcu1nk040womx9d6wdpyz
778,980,LINK,7,993847501,4vh77t6i4mk67j1nh34dap40uhtzufkz3zvtgx9ilxido3gq32jy8j96sxazoaua
778,981,LINK,8,176742287,svxkzgprhmptnk2jy8h0ky9yrmp2tvbjhr9no1r6d5s5crj531ln6p7kf65z8syj
778,982,LINK,3,378843672,yyz91g6epc1c4kb9g64v91aw8xpoenl9mki08fgahmqiltiqv4x22jdts1gatmg2
778,994,LINK,9,543114502,dp31cxn68jx6mqhdti5ot4pz92jphnwoyvrtcfvct3sgrt8eyci7onqe2gbjoxfk
778,998,LINK,8,628714418,eu4m0yvkweva3nmbbkhkx4835n4alluzlj2ubsme6n2t3ftd7xnjosutdu9p5umb
779,805,LINK,6,102184674,bj6pvgl8nifg85pcf8za9ak6z5jenczeek510zbum720fgopax85wxihkiym0y1u
780,793,LINK,6,56263371,izm72qy39iv9xy3tevl84p3nvx8ql7ytdruzmizyr21n4eoquto73o3cd3h5s063
781,935,LINK,3,373848636,rsls1vx8li3j0f78j8yobe3q5zwr1qy9mkefl0s8qq317wd277sgtorz3wqoes28
782,275,LINK,3,167175440,xbju2d9e7c6avlyiourd528i89x90jgq98xaxks8eoykmh0ihzqgxazgrye084lf
782,460,LINK,10,338773726,4mr4ym0zj5wv54o7ujhgwyopgyraop8vu2kzh83vl9325omi3mjzdeq2c0riskyk
782,487,LINK,9,845594902,qlxpe2pecwdlrdy2hew8otgyoderj5kq0rntusvjptyhpl3nkqeoit2e3r1env3x
782,694,LINK,1,75602084,p4csgh49augo6v4549u1vg4m9clh9yms70ikrexyrw7296vswk1y3qwmk5tsed2j
782,716,LINK,9,447347599,cph54eox0q53g8lpknmyjyrqbwe80jvgsht8v80xfi7uurxx8zfllslczf4nskrf
782,751,LINK,1,37608800,e8kgavu7q2rbzelh8ihmzb7l0csjaly787tlbazzeuibgncfzobyb5eeiq1su19d
782,984,LINK,7,493338028,geanut9onmygg72dz1lllwoxjx36obrpt0f8236mrrjxf6apsdk12eskm4ua8pss
782,994,LINK,9,304291845,j15b6d02gke8pojfenzfum378f3eeksl9jo16b95kilnqc9y6csdob7nlcscfix0
783,858,LINK,5,555163249,pz49oj5iphzbpuhvfnbywpnkj4c12w6t79poremsmcbhxp4ye68atsheaewhk5b9
784,230,LINK,9,440746698,4ze27isyths1xfzgx4v9zneo7zzt7pyftwnwht3bivo3e37ogvai1kq6tlwk26ur
785,581,LINK,7,387932420,h2e0d5fkqusojgf5qyaqfwtcvencnrugkzsdn16p33vlxfh13d2fw7vsd8kouqh8
786,128,LINK,7,152424047,ct50gphawgayw5yfhjfnb4x57t1i50p8h6u0nzmmy1wxhmmr1k283o4rd3sjz6vl
787,104,LINK,9,7419297,76oshqh8nnc2rc8oca31ontzru9npvnw3kpba6exj1wvj6s8v5c28b9ia6y2f6et
787,524,LINK,6,551715334,mgyzssvr8r0t4boz5mm8w1bq8ik09emkjmgmnmjarfk4zu9ql8k4ulrhj696u303
788,605,LINK,9,232840,bf9ypdcrp76lvcfz3qbs55ym8ul3ipjvuyyejzuw7o1zyhfqrrkgsn449gkkohy7
789,20,LINK,6,445040240,nqz1wknxl9rhxg1h1i3wilvsqd3tdjed3pzuto8xgdmxjtrvtylja7bgvdw0her8
789,66,LINK,7,684139346,9qolyp5jd8882uiuioy8kk1dp0r2aaq17gqtvb8s17jbmzxe9afkncslyxkn3ueo
789,114,LINK,6,171310701,ua0xff7spi6hlz83a6tn9l5qrg61rqa4tzwj2p8zp35epkr4cd2y60kvuysw5pjy
789,119,LINK,9,922895347,15l7jgvew438b52js5tuqlvtk77feg6o67pcie0uqah39t3tx9e9n9m3prb1ouv6
789,124,LINK,5,627293344,1zlx8zfhlb7dwrwfovxs7xztadc0ynx8okeb1nx0yk67kufp9lo6x0xa06sbz4pa
789,133,LINK,6,445144353,hylijvi7ijlbuk38nkcxrrrx3e38pmc28xfhvt10iu9oufvc71lmi0sf40pmjcxf
789,146,LINK,6,208654205,majtpy449de0uowlwzdztqblhwiluq2sgf5cama3z6b23xutqockfr8sforax43m
789,191,LINK,2,806307244,jpwuigwx0tu8ftb59q2eqj5mm332nutz9gb1qyrqryh2pvnqyo1g8dafbdoqnv9g
789,206,LINK,1,881770595,1935cb519c09qi61bomuipaci5dtg4ogv2j90f09jov8k9knj6hqw2j4v7f1bk0h
789,210,LINK,5,484527592,5lf270ks34bjdc05wco3q4t00mi6m0xy699gqmgm53568jtk9hiu8619hy12wll0
789,254,LINK,6,780304804,zh9qmbwx4ulfpf3acda2yn8ue3gssizwwxo64gl41zv9gde89lw8zhidsutwrsl1
789,286,LINK,9,694783367,1trtewomprjza5vuhn9xlyxc46y4jrcp77mgb7k87325cta2u46zeb99xowzynzr
789,325,LINK,4,253112159,albcf0oi92w5z1bvqpwaworysw8rxu29xvnbzmm9mghixhlisgfw026c26vgx7tv
789,360,LINK,8,359669438,92kz70n341u6nrwq9yepblhbgx5r9c7nmew8zs7k0lhce3562mx7ymn7xvr53lvu
789,434,LINK,10,836009624,wk76npmnqwaugwgfyi8c0odxp01d1snkdzqa7ehavr4q5konbcfchocqar5ovtow
789,436,LINK,9,383259460,ggz40ohr5oh5dkpyre8cqw4fa0x82j0redvitetyiwjpxi71k8zv4eoew0oqm4a6
789,457,LINK,3,752206365,ej78ly4m4abnt7n9xg5022qkzi0o51sqz310qdboskpjnmfyzxfpazrywpezbwpx
789,484,LINK,6,163533519,qrb3o8trco3fudzzv1nfps7jqhejquqk46zlr9w9nbb86up0g0r7j0t1esaf0ptb
789,578,LINK,2,100547299,2rbo1gj31forfvgg9jk4ovfpjims3uax0ywah14qzlxvonyszo7vjbwlbrxl5xcg
789,728,LINK,8,750640119,33fuz0t8p2x0ym5rddx9kevmkipr79elnq3u4duknrvuuq2xfl3o24jetr0ly2ba
789,758,LINK,5,490752477,orn1td36zme9diuky0bsnwrfmydwgf8lqq352mu7u8byukn46tcezxfvd2n1ib3m
789,792,LINK,5,148875589,cl2kuqlagtatef1ssgjbec220m69ide5cfciucey0v652h0ecgnecm0hm5tvrn0c
789,804,LINK,10,231731579,mgb7gjamvbavuu14rrl1by44npv6dxdbqy6mwcra1pijldio0kgy5s7t73y5gegg
789,866,LINK,1,54040447,6xcfvzgn8iwn9fk9b0y4upfpy2biyy066sqxbe3zbfns0slbwqctmgtgiys027gc
789,939,LINK,9,835106839,o6lf68iwdb5jdm09w7m78hocbd9eqfx80qf1q1jna0z43e0z2mtxaw8peh2tfzx7
789,956,LINK,8,819121989,lxpclrq5sn629e8a6weo7euavsp0dkawuo1lufqqwnrncnmts3zpy7i4sllgega1
790,674,LINK,1,310298644,57cf3dir2cclr91e48s94jpai0isbh1jqnnfkkhqrzg47113t8jx001f39appw95
791,156,LINK,10,690184045,1ls2sucsmtjeg5vckald757y61topuvxd0b1lnwup3lsk28qnf10129900x1ykwi
792,615,LINK,2,625313280,cen9f2wk40falsrlt91xwxgulxpsr3d3k1eq20savbwd124hkrdaw07xliwvsfim
793,959,LINK,1,434058587,nnxstwecmf0yqay3ivznw9318mbltbhhb1nilftk88o57ry4aqrkoqh72ect7ixs
794,699,LINK,9,607962095,tryfknh17wr49x4s7qx1hmioi8zdj6f549yjod881tzlxletrkskiw55rh1xzdk8
795,472,LINK,10,154113879,fh57tbj4s73lr8roq2tjy723psxiyhosbunnlrhz1obwyromusn8exes8sz2v74m
796,70,LINK,1,443259351,wv8wh97mgh26snsox1q1lqcey2ef606gbsd5o5pu2myhah8l4wzf2jiw2c4mft2w
797,787,LINK,6,813850575,n8aj9dzwvt8fperw8jz9klit7mry5an9adssnmkny9z76ef2k0bzgi2tusq9wsc7
798,401,LINK,4,906970604,a8pomq8fu0cqt1deumdshp8looqzk31mbwlptk835o8jquc6wunn99wper37cz2h
799,514,LINK,2,926899342,x24xz91e7ojmrltjy5iiumxixbtl2e0o3sgdfq2o82yswcklwe16wiz3nft67nte
800,380,LINK,3,246464870,010qfokkfavkt9ab3y7fq4hvitnmy7z66tf9vdglnrg3z6yzgfon13bnw1z6egh3
801,863,LINK,2,752117761,q4zsvlw6fgwk1ietfzfrf19v7tqx2ws7kx5eitfo66ttvicuvyhaws9e0bm73ta4
802,24,LINK,3,648070705,pihxcj5jzobilustv10f5tjvimfgt2apvu7b9jndzoat98ujwbqeptqek80jax3c
803,298,LINK,4,595636760,en78jssurox4yi9xxa6y9gr8mh9wz7egw9um2le3bmkzva6fbftn2moroafddl3e
803,343,LINK,9,184901849,76xqdlggf3pbn2li85lgbxihbbzfl90gordr97ge7pqf5b2s5acuncglqrvx77ok
804,226,LINK,5,767315986,zma9mkowre3vnlw51ca7ff8xlhlnxjj334myci9ejl01cn4csxli8o5mujqcunj2
805,454,LINK,9,63677859,dv7w1a27idambmxjyv846udjuvsukzua5qstt06m66vivrnhkeasatmkq8baf03g
806,270,LINK,7,681539149,zbtd3dxzqqmx2xvsax3t57y8io9rf8nlauycphvhzdlmv3ua9y1oxlxdvscclcps
807,996,LINK,7,724260495,3wktuy6f7kcsickdadcjrwhhqn9ooxpw0bcvg81ujyrc464eexskvayse91f9zr0
808,629,LINK,9,212197687,u1j4sqdtf36q4qppu6xrtxi7i03hgc43m5930wuwfpc4h4xs1wb7ork361dri9ia
809,719,LINK,10,176642215,d6qq7wu72tolq3bxrd1gwl4yvlhes3n29z8lxgkq4crz6skcahifiy63l6ehdgh6
809,895,LINK,3,557061095,2cq7p0zxvxvjsciciid23whi6phrcgaklhumrf030wp5rov0mdbhuec0lgjbvywe
810,80,LINK,1,92400616,ycijuadknvb9k67xun4ai9zwukpahiuu8fiu6jryltjg2qu98r0hnx19rqg2ijcl
810,421,LINK,2,434341928,eb6bhes1m9whqy6tr3yctf57wiw59yq0jympz1xjoum9j6a8l3jxjyclwiouw7ug
810,964,LINK,9,481646002,is1jxv7yl0r7msfqun9271f3c0j2xrkesf7eyht5dt8mgp0nv5yhdz8fdfgo6fad
811,380,LINK,2,48188313,9ssq5rjsf1kl1drxfm695glk9md4s8ggmk6p5i1psvhowxs3haajjq4werm3v9c7
811,668,LINK,1,537892368,3409gz443bh8rk6hj2ld8cf9iq4l6f7stjrnj21smw21tkv5xtevzwlsvqb6szpm
812,1,LINK,7,223949288,pavl6v8x1fetjqjmpgg306o85d0ud34bvx1ubn5q9e3a4931zjsri08js7fu579w
812,12,LINK,2,115277496,sugo7lzoj2lee7avgj6m93l5rikocl6246qmd4yzi1sqpfb55z0mihh8jlzlyrzl
812,16,LINK,6,159207936,igibl4pv693sronbk5c9w7tsimxt3uydhyhbumyrfadzfrin3pboybb3q4ij329o
812,17,LINK,4,807555143,uhll4pztg7rwrpoevuxlnlii5asvp9lfu1fzm3slo8r56ja3p5zby40yxb38qzai
812,25,LINK,2,545841309,7rqydsvdrnjxtbf9q3tgqtf0izzwn3gkew9kgx9925yh3l4wh6wnyxtagcz2dwn2
812,26,LINK,8,13460282,em1hfyrt3cfb263nb7ao2yk3fawtwismc0p1w9kcci3ukq61qcyy1ddt4v4canj2
812,73,LINK,9,680950844,4dwxxgmpitcn87qbi83zf9fhyvmquczu35y3484xhkrviowu7w634xdjnx3b3uew
812,89,LINK,7,906857275,9sm0rnskc6mih1sdfg1ol1bk9pn50dahj6ux9mght5tjct07ruo15irfqulgutbo
812,113,LINK,2,814572932,z4nwhoeuqsiu1bmvs4sj1dibabku8fvfy4bpk6u1b3ke6j7uc1ht9p6zrpfwvlbt
812,136,LINK,10,241800042,9mo4ny80771pw7muzecyk11k0r5e7iqkr4zktz2dy1an5w0f0vzrbdr22y1xyo0l
812,143,LINK,4,905272417,nsgkbyfwk3yvnhsom17wwstrmwf52w3x7b9h6a4wn8br8fie9ozj5le5m69a4tov
812,146,LINK,8,749140321,4orv6a0g5bz06j3s07yaxh8k2al7a5ar56dm2ul9qome441xbsqsl1fdurhqbsit
812,152,LINK,7,844903161,qsw8s9y05pc40n22ysb5lrsz20tfshun1oqm4kehi0ppjq535ykjg6swepia6trc
812,157,LINK,1,135531805,k21egeofcyotl58dfqpbl6955h9sosv3n42j0ar10g0isevsdx8a60rm6dmgd9qr
812,159,LINK,5,110946973,45xujealjxdnw1qrsg58svwklhzofnywzs6olee3gr7rcr9wr3adri2f9wvmjsda
812,160,LINK,2,24840142,ew8rsoiuqo6fxskx75lczsgttxgbs3c1n5hma36n63w68ylqht1guqu8aozsnh7o
812,174,LINK,5,606604400,9q2wm9sm87k5jltxaiawc8gq9edvpwzspmd7bur5v6jyl4g6jphb1gdjtuq3ak29
812,176,LINK,8,35260117,md4qinhp9yv0r53b2r3z84ggy0ngeqydrmeyxpl8gsxw5gztpw62mncucbf2w3z4
812,178,LINK,6,875258263,xj6jzwntk2uh3uej9d55ot63pvcc8a1fp6008usn4ohlj2951yh5rbkrp1p08ld9
812,181,LINK,5,974873257,9by56u33tvauuzzqoij5ayrl2q2q7rwxv8ijr9uqhd58r6foygsjh0pseajti1xv
812,186,LINK,6,245321840,bda8egy4xjs2krdkh1ygkaoyqhohb6gdjqwy63wuapu39kehfp8hohrylk8pazug
812,204,LINK,5,203523964,uq5vb3815wwzqbf06frca3rzksbprkgckd6r8xoerpom8c1qpeix0e6gtfv0oaor
812,210,LINK,2,969514861,5ft8rm6mzgjw0fipp0t1ainhvqz4b68lu1914g6xso1g7ut02t759go8w9o0qjfi
812,225,LINK,9,912256441,es76vlqha3d3cjbg9dwhqz4zhzmwqqasik5vkt2m2n3gtg42drjliug9n80v52rh
812,239,LINK,9,309632170,t4wu2lxv1cr5rv4s89jjo9383rubiv0fflmd6nbj5itaa19rlj0xhd4tmcknvpky
812,240,LINK,9,37571216,k5jjg7z5m9od011jjoqgwk54e4u2edqc3v3sz0odn8i5a8ngaqh4md06798vk9qy
812,241,LINK,10,45245947,63l5fnmh9zl1zow696o3rlm1rxj3o9onetsc6tprvtgx16xn0c8wgg2vbnu27mzc
812,249,LINK,7,500082972,wymgjybdtd0xxkqqf5eilxja8x6bvk6jmj3bg28abxxx9r5xuxxuhrqfu1piwhyx
812,250,LINK,10,44284591,rf9szy1appl0ekxwiw3tcrrn9mvt9ndpurft9uyaax473e1gximirdb9pjvhxfu6
812,252,LINK,6,209082181,wo1dzgee38sdvn53wlqtpne5z9zusr320e77ubt5ogbovwksep3k1ab2e1nc3ehg
812,267,LINK,9,365246579,3jez93bl84cgm1w8hmydnagbpgrvrgsqjqdjwv7xl3qyabvoue6vjf8web7pn23e
812,272,LINK,2,441788269,57r6jkluuuae0q3s7taouvs5liog9wxk06i1c9x6m1gaks7b5n3ape5aitzhngc9
812,275,LINK,1,66527614,ggh83hg057i2wirjzjjsi1n71030ws72wv1ghw2i9vbzz2nmsxzfyukk5ipk8buo
812,281,LINK,9,920508321,bvd67hmv5h7c9512178b9qmq88u1sb659epoahm9z4d4y8odb6h2212t0625dpbb
812,289,LINK,7,917531761,tuzxi5ueo3h16lng2295i05fe12q101pbswljbj4m2bpu10q9mq5ulxxmgknu67n
812,315,LINK,6,807762894,g2lnwm49h3jv0e4687047bcx7tq7zw4rg7rf6sk6l8ll5qg277t9y7lp4481b67z
812,354,LINK,1,238515308,wn2bm15huygumtakx1h6cuczsszlsm7hwoak5qne0pk3nn9fyjanm2e0g18qay6v
812,355,LINK,6,325646338,tm228631mwmxcz2qwdx6rh5aocmw10ko5sl3rhx4u6opf7lkjk5e6ixoghmuopt8
812,356,LINK,10,726682744,3p1qn9frx8ggv9ldjcd822tp9nvw39t6hs3tuwjrxeucfv74kgzhg600kpy4px5x
812,357,LINK,6,685103422,wp81v490xzgpujhxw43beh6i6ug4sec9m0x7bzvbktvzi3woyg2asaln8asgco0q
812,370,LINK,10,747635023,depvi4olbldzgda9b7wuck9lqs41wk1q3f03rgeswnskkcwwbdj84b6ubz83hb99
812,373,LINK,10,993756675,dv0eilujhgjqexeldyhe46rlln0ps09lxbkil8m497qb6hjy5uinndtkxbjn7c4w
812,378,LINK,7,949570462,1qy77hriw7nkbn88f7v2ro018j3pl50e30idlofzf3iwnw0qz900rladdcnarusz
812,381,LINK,7,181832044,lq7yguf27kikkzxikrd4q1o480dt7872hvpef96ifvnhdwkywisrxjdyjo6b2raf
812,382,LINK,8,514821702,isnvnc7bqmrmioutimmgu3rm7zfts89i7c9udqhdnvvt5ozjb3y8aur19b7i7lgj
812,390,LINK,4,475201449,woaxey218c7dpuothprouynmrdgo4ep5vg18aakhauhwdradef0xv0w4k2svap3l
812,411,LINK,9,796303061,qjfen52jog03bbm9fyv6ujyvmmui2fvlo4bq1qbuzdxe71wjvtreceprk7u4x7ke
812,416,LINK,7,441805551,qsdgibtm1v2jjj02w7a60uvv91bxmezzp42nsfgteaia7lid32tspm62tmwypivo
812,434,LINK,9,607354167,yvd53hd31xxt2kbfp3a8cfe3vyzm795nemr4zrys6dmsyc5g3fwz06qzb9s06eqo
812,450,LINK,2,18102528,6eo0pj9azv4imhdx7z9wud2z9v471xokbnwwb3jmo3q7b2fevpkuq3neyv19m91p
812,466,LINK,1,483062025,g567ij29rfb0xvcuiwwi8ok87zfczngra2hfuwjdd2ao0y50d0rhrn39vcoma4py
812,484,LINK,5,80140608,ydkaki0v3ywgztxy2iefhdvtdftdhuy0jze5b8n71f2ccwow8rnfk7r397urnat7
812,501,LINK,7,565565025,eou12x3i9529onl32p2kqswl4lvaah4e1mtohh4vr44tv4uqirwn3m1o2tmt52yz
812,513,LINK,10,829290168,m5fdbuf0v1r9lh8d4qmpvcn4v26ut06649kaucj5k3ebkv8bltpk89ej4rmzixbc
812,522,LINK,7,653655535,sz2rqda0sejf0va7c9kb937akk80rw0kovuzzykd6yngs2b48sxuq673cr54l1vz
812,523,LINK,8,59713713,ygrv2c9enyvswd49rtlsfa9yc56ep3ooer2h1x7dku81qowntd2vz9z4femq7pav
812,525,LINK,10,669080997,va1qb3iwt4irs2r1mm7h6gizobs8apohn364ecvvpdv2tcnb9umqp6klu77n2219
812,555,LINK,4,258847262,aqd50e1oguedxjbwh4mwy4oadkj9r2otvab4ps768rbfybbjp8u5j7717bdylsv9
812,564,LINK,7,591443452,mh24np3uf6tjwey3007p3tux4wpnzxdo1pyr6eovxs57wosf2gzkk4ggipftqg25
812,572,LINK,9,695158083,l5cykfmjd3xthmzu82f963kz9dgn7o182g43ob304r56h4tataqp5ri4a0gy4ayu
812,582,LINK,3,518763657,zeru2z2x0qcb56efjzwfdetubzmlfne3gqotdinnvao9vnpdhhd8yrv6qq4gxjrs
812,588,LINK,3,776785596,kjwsznfe0dx5dsv9jmf2okp8c7qry9og8r8f96wzgc7v0qfs8z2ozbqxrsyfkbdc
812,606,LINK,3,575395817,kt7duvrrajbxsbmdtlcuqnmtercbamndi3l0st2jlfk022f3jsqoo6gpzrhzipnr
812,608,LINK,9,728775205,0cqarz4c6s8mruxlrrw0tcf7hwd6y3hcjm6fbkrvwgb7kmoj9wfqo2vopo436n06
812,615,LINK,6,520758595,2vlow4kz5iyg5b76bcvtc8hu2h3ckyfwxpion3p3qtq01s1m5iij4gl2jiy0j0l1
812,621,LINK,10,297328080,cigdwr7ksdo7svv02h6s5iuts8b8eq6azw3os90odsmyc07v7jqtqfgw5kjaybr8
812,626,LINK,5,291631671,msqnttlrq2etwopqcrvtmy4t5s9a2l465xp8t7cusr4l42gh0nhuexudd0vy8zgv
812,635,LINK,9,449755132,wwfczwyu7ijlkvavqzobmksdx9caxknjoljzvszaometg159ymi3j15x69icb3eu
812,640,LINK,9,975701201,wtm4zgcqj5t7jko7e7az9fiuxxms3gg2ko37raom8zoj5dszo3k6gnlxfqhkd7wv
812,653,LINK,7,22361050,ybmu4bqsxu1f9ezmzy9bhw3d0ftlq0tazm2glwo7872527ak64nzccddpuv7qnux
812,661,LINK,8,634921756,nu5qkrld5jxdn85uf5ccniralzjc86o4xhm4zuqzgwfolkmlsf9n6nl1gacjxjh9
812,669,LINK,7,454309761,csxx8r6guhbgtchfoud6m37jywo4th5w87908a2hp1nfvna6p5rkkwy14t7ww4bu
812,685,LINK,9,760602228,jakx4cnctjpppu8vaj117eu0w120n57yidf770l0xp2wxan7a8d35plkintaq3rs
812,688,LINK,3,182921433,ddjklemebzorb9c4wf8ye4nrcw8fsn5id9mhgalty67avmfulka48ry965tq4x9w
812,698,LINK,3,861472749,xyb1zvq3j9gue9ky7izusdta60jc6dpnxkdfnc5u3ce89ydy6pnjabh5ejbzk0em
812,702,LINK,6,805451191,e7kk8apfl98qf3luih7h61fdu3jo7e9wywrp2hk0iwatenui9hzzfto6su06ym9r
812,708,LINK,3,227877704,fh8rfkah492r274g0m06w7unusqdj88xooxor14zwd9hfczsxv24ck7jb5jrvwr0
812,709,LINK,1,649179590,tozmjcjsxyymjgz5dkre5yksuo9zepqfcbm2dv4xj0ith24417g8gf70y3w9d2oq
812,714,LINK,8,952693260,qywmm8iy5aksvuvx56avv290bypmpz5ixjj0zl7ytwp0q9cl122ta85af5fdg7es
812,726,LINK,5,234744212,f8j625gzglx3it33o8pbu7jz47jbn8bzxv0fluc884j54bu7he3xuckb40nawo2p
812,728,LINK,10,775262168,ei9ha593kud2gl4m0bgp88sk5lxzvkhzctd9jkrx4v92ng4x1du6o6cr8bkuvwun
812,755,LINK,7,856415128,bu4l01xziil9ugdihpcytv7edglsl92gauux9m040u2900mwepfcmj71tvzi1cas
812,773,LINK,6,776389377,4cjnu722pt6a1vxtumsxiyvc0qh8ttqjrx460zdnd7yzeilx5e98mhlf2slwdt3d
812,795,LINK,1,683200085,2naglzlmw04rjmsw4g6pc947sknvay0smkhh38iapzgoqln6dq7dd17h4ghqimrn
812,804,LINK,9,164458866,pugl3dg8u7irarx2i4enup8sq1xdlamojpy1g18risxphhjj5876wuhdno15mzzv
812,814,LINK,9,777987027,wyqn1p1ts5mf1cyjj59s6syi9rg0qv6doylozqp625h22g2oc9xosdxvbird9zfb
812,828,LINK,10,330171241,vhznslhj819okuogckplkqs9d77kkqido6kmrmd6rduzm5dhqxm1mgnop1jtb7n1
812,829,LINK,8,547404903,45r9mbad318h392rwvzjneeug6i981sykew8wf6tridkwu85ycgnmae3uzri69fe
812,835,LINK,8,893701445,qosjm3novfks6mvf087aepl2ngqzn5t6rt494bkozp7cavze39nnc98xequz9gj4
812,839,LINK,4,652269834,4meuc11b4xes0m9nptv9t8kultsn4ki77n6dzdm61pv21mepwn2k5asd0dy0xilf
812,853,LINK,1,20037703,m7q2ftsbuyclhzubkjoa11oyqybdw6ss21tfa3flvj5m4cxjrpfnj7umrkks3s35
812,855,LINK,8,808720715,xn19p8io5akunbeag0tvzqw8blss3keb2g1eo1b1kd2r09fo1yebovnukahd4z8r
812,857,LINK,6,717745050,xbsqdjpprttyi6z6898hr4f05a66gwlduompgfbkeuj74cih6ev9elpch6ph512g
812,862,LINK,4,20420243,iq9j5m9c60dvrtt9nnyl8ipm4dazfr2qjs7q0lmsuwsjo6xb6mgofa5lht10guu4
812,867,LINK,9,283134947,8r1qqx3p6gm28rzjrh1egip9a1ny2jisd0qfi92tgvcka5o7lqyc3uvqdoi5mn1y
812,874,LINK,5,301261709,jfd5053eb33uxse5hr7i29w4c3a7d7ewctzti7vxbryz35dztt3te4pcgbpgzmbf
812,884,LINK,6,305505063,wugl0h1p86zhtfoecow38ts7164crwxml9sfwaznjkg1ykwzjphhsng7k9qsjfz6
812,895,LINK,2,607524495,jup5rtv7ygybm0sjtpg6qeag70d10lvdmlazst1mode3z8yyfyq876bgb19dcr4c
812,898,LINK,2,879593826,ofvq0grxnpn1ri4fg6mu50hjfrzdhwqxx1mhujphaaqm3mplzelj0hc02adc6sjx
812,901,LINK,8,567291535,hd2y2q4s04gt7em5z5zfvvqg49v9zemrfg5j513ot9csfix9iyoxo91bwo1bj5uj
812,907,LINK,8,111739836,elnnmq6yze8a28mwo198nxvyudklis5koob83uzt75ihjz1bnz7anmwewk8q7ni8
812,922,LINK,5,28025203,ogqornmubnhzfw99mdyw6vs02cdyypmqx5zeqrxrcctj5far5owfgb8y69ecrpel
812,927,LINK,8,358188177,65ti6dm5199gaeo47guldpse7kugyl6n381mzzn8tof7h61zofgpdn8au76e3452
812,931,LINK,8,528589125,gr1nfxuxe88t262zbrju25odotswa5s63eg6ds5gbt23y1v9uz306tvmcrs60ctt
812,936,LINK,4,992306887,me7potgn5buq1auocxktxs1se9h1vkf668924qfdvdr2jaw0lsilh86dx5q8mzas
812,942,LINK,10,940716493,ehsrtzouzmcmjtaqj5njpvm6fpcyb1omgaqvmdv2os8xn5tcqbby1bz7xthqow9d
812,953,LINK,7,841403077,j5f7g9j3aivhygcqs7wd4frjlm6ztdid8v3cfnm8a5zqjoei9vx20m40wngp3zw3
812,966,LINK,3,828446054,xwer8mfjliq5htgeblnbupoh7gjvhiens0map2zo6f7d7firg7dygq9ezj1ys4bv
812,969,LINK,6,566029229,s85427mtr3xed4e9nlhop68bkxfv8zb173m2h8efinn0fyw4ffd7qro4r4xfdm2k
812,972,LINK,3,867311290,52dm2p022qyrj88ktkj3b7ovgh7avwxjeni5g46rm91fkavglxu1uhlh0rkv4kej
812,981,LINK,10,615701307,1iiga6oo49on508pdbz7vf78hcps0aj7da4pph1o7fl7tigppis5n770ygamdisd
812,987,LINK,4,218009422,f43w1q2sukdo1eeuj10pnxu6nvpysuhwae77g7gqx4tjnulqhr2q9keh2of0iri9
813,800,LINK,7,42010423,zk8mfttcwdtnq2dlcxqnq24vgrt66hfob33819u9ater3f63hubs18uo8s0dtcsa
814,467,LINK,6,557032990,adu5gwyll2rrow8a7mfevbxsw0jzlctfq2bkjpd0wp5xx2o050ikqfiwf6l3nmti
815,743,LINK,3,219134505,hclveto9uw3n16yv2pvxezap8n6266tlhpezbkjc7c83isann12rayquhtp7zvxe
816,142,LINK,5,433861514,tv6r74nyg61icup36krgxr7z6ofm39qjpryy2rjli8bggzpc7kycgh0qd6lee1zf
817,769,LINK,5,902273372,0dpcn81tjve01a0falac3tnepvg7p55g1u67jq1nnfz8f613td08ehdxa42654ge
818,373,LINK,5,369632850,zupcbd87ylslw9e6ion7tqcpbktbyelp0cbc2bk1xba2d71yt8b5lordwkzctlms
818,599,LINK,2,816908513,jhdg1o642e6e0svmnfh3s4aptdcefp4lorhfuszkg1qf07kc89pbzuapnm68ualx
818,902,LINK,10,45733676,3im8k2xc1n8v2xlxbfmjd5vkwtsjdgmst2j2uhabx4vkup9o5g6f8zjtj6r3l5xr
818,951,LINK,10,637490693,jg41s11sj8oj3xvx6punc9app371ryzawbxy1ooqxc9bor5l468miyr8z9jht5s4
819,16,LINK,7,491185696,4l4qmdd3xy0kvhetlqzze6ruhn6lhmcd4oxjapy13ziwbs7kg67bg51zus8239od
819,28,LINK,4,166376142,kic3qxevzxkxwe1zbd2qu6ey5ey9vawz0n5msor2d1781rteliwu02c6sqaxadxd
819,32,LINK,5,657177909,534hijnd3bbset2r3rwuey1hdrstu9qd9sfbs3k1ezahdfffx1tvrg9xyau1t8pa
819,35,LINK,9,997166424,mmcirffmxpri0d9rvtjjapnnnnkpyg9d2z852xacc314l5d2cybo2k8zn1509kqz
819,44,LINK,3,942487633,znz2mcptvcxzve2pz50iz8vswrzaqy5y26wevd9y9buir0z5sqt58x5p0atgtb31
819,46,LINK,3,412657361,c46tvktng1xbeveivlrxxqlu9gkn2jsr9j74t3ez5p5nyodpop5f2xa3utd72u5q
819,47,LINK,3,344225526,yorsinc4bnmm2kv2v0rt0chmauyj1w151lwpjiolu5d6lwfkugog1kl5mlyjzewo
819,65,LINK,9,342457963,r8swo76wvqrvw5j7hp0tmrml20or3u685qu133ypzng3637gi8x6pjydh8sb4sd6
819,66,LINK,3,7993306,tyu21iypr7wxt0p880is62jgxavzshpismg7zmfvhrnedyxqj5j742z0zofweecm
819,67,LINK,5,979179241,3e8i9aan02cgb67a534xs2sim7yrvka45m27g9ns9bnlgkt427zlj6mu85smaxqg
819,70,LINK,6,406004875,ins3i7ps8k9acyw0rann92onattdyw8d2d8fre4ovyp7kjtnhketoaukkk12xal2
819,75,LINK,9,411162131,zplrspgv230nb870almwzek2advtk2l58ehp2kkl9sscd55kww8p96nocvbe1its
819,81,LINK,1,140626503,fzme5mu1yisclje0iwb1hpmbkjz9ceg1tf5tv0fdi9o2c9hjszrspehh76kpo3sm
819,82,LINK,8,172156991,alae1t7deda077rc2h2bmje0cyyc4ype3pgvi8i0pajn1vleotcl7k8schnd7akc
819,87,LINK,6,597288125,ujfnx1dmxlkehso5jsytvpdqssrzszmb4ab8m3ud4hmw6yez5kfbvtqmmjqo2f4a
819,103,LINK,5,133525630,lx1dllalev1j709oac9qo5grs9wit9nob7yqm8qrdesm2bfdsssyhzmelakv8obz
819,104,LINK,3,952158421,tmkmlsr83gp1plss3p5ud9b39619u2sb54a9a89v2hy9e534vhrqk2em0vmvyew5
819,105,LINK,8,449114093,gg0kyqpgk848cuanw8jt60moun665xlrd6oiu9n3azofintnlpsxhp94um490lwu
819,107,LINK,9,675122074,2e07qs2rszc7d18hs1kxdbmii0n9z8xhj2ggnq4pr0b74qvs5ipbh79rqek7hj3u
819,126,LINK,1,827262445,k58ozm6e8vv31whhicurqg12wfwqkp6ptxuo7hxpqogakipzqsqbcc6h77puebz4
819,141,LINK,9,577237262,3qg109kcbfidprvdxj5sesk6lkd7ug814t99c697i3205a99a1uvg8z359qi81vw
819,150,LINK,1,424585090,wahfqfmr8cluvuwik4gw5xeozgctdb67ttb910zyfukskwy7f97kbwj8ne8jbdk7
819,157,LINK,2,627145376,mvv2mojhgaze6hdd1qtlgfl2x4p2dr4hike15xzousk24itgrg91jdypqcklnsl6
819,178,LINK,9,639815319,15klorjar74ugmg25mu2mbidfw2y2lpb5oxq3r47i18yjyox9l3jhwr6rhwmtqou
819,179,LINK,7,229204729,qnlyia3vtwbuj523ovv1uawsf9b78k671zlzrvniagqlr2taq0ute0z8b5ma1zxu
819,198,LINK,1,712595549,pa3sbf0lrcvs8eyy74vphdl55b8ixgaeplyncdap32qmlszvakgqde2tjilkwozg
819,218,LINK,4,183979488,sg48q322fv9lwa6fxjudbirr5kbp3wy20e5pp9ge7ga7gxsa2lzi1v3f0j664mu7
819,233,LINK,3,520743723,cy5sivv21sb2ohfrswogtg1eodcfx40dt39ovhpf8q2xmeaenvj9kbyhfabbfrw0
819,241,LINK,8,884693230,uup4iw9iyu4r1he2qbs2eb13ae4qqwcmwmdfk7687dnyfj9d3y4u5x2kz4v4rwye
819,265,LINK,10,113171823,r7dp846yq9q6ykgupp0y001bdagogskwnb5fz1587htenb2jtsvi75cx5gfuzxzc
819,268,LINK,1,845196998,mxim8zx7ejct0884k4staoo7cazdhrbw8w3fdhpph8nljm5zo8o2hsq3jnzx79q5
819,269,LINK,3,695348199,eem1kc20cfdd2vtnc436vwk1sdwh1gno9i734f604xzydzzi5t2iec2adzgmmbxc
819,274,LINK,9,555957783,omfduj57tegan4i2a5ensjjrsrmzb1wlkuwljg70ltqeakg4ujtd1pr2wegs070i
819,283,LINK,4,243271998,duol0r2osxbl905ck71yvrtn4jrx0rnm9cojm3uro9c9q98bkb8ms6ht0mca8bud
819,285,LINK,9,831101802,egy9fg2922nryhtem16hmvklcwv9mjg4mkq4asetnr87ze55kd9io3y7pgvow7sc
819,288,LINK,8,616960481,4042t1ugpggv6zln2onm97mgofudjio7ls9bmyppkzc5fo1lozi9k09s55klsu0s
819,292,LINK,8,285425425,n1eh05ugsupbt14ag5a51mh3bwdpr1fuz0e86cpgk1xmjoljntsgcs19ab36b35c
819,296,LINK,9,621922243,t2x78nh1sczx5fyi1bv8lkdtus2g0my7hv96n6keklxmnw4eq5vom53f718h67ed
819,298,LINK,9,179274418,s3m6l5qux8dxf4padi1cl5b9uz7xhw7d8baz2wbalsh8ijfcqmgzte811kkjkh56
819,301,LINK,10,479451759,ao4pkeg87waed14cyys1ozx8x606op5wc1hb0p6i82c6ebepskj48o7mpjr9r4nq
819,307,LINK,4,59487710,k7iao1miog82hixhdeox3iuve8d9o8sxnney8bb7v4u1n0f7d1lqghztufuc8wq0
819,313,LINK,8,548088066,195bdmg7vqhw580xydyr7uwmuqyakixf4ybv64fsa78rdkc4hwlolvwmarajgasf
819,326,LINK,3,714517890,762zhnne2lq5agk0lamphv118p6p3862pagq8jahtny3wv6ntyu3mz3sf6yydc7t
819,333,LINK,5,5257954,joobmo3drat6lb0gkn5rn68ik2vip0rfl3s2i2fdovzhwed43bv9yerys11knkxm
819,339,LINK,10,720845068,mm6lw7abhxf9jv18h1p6y2dl3djm6fv8xjedxno1a60edjndrf4hgib2bhl0nrqd
819,342,LINK,7,502850781,kpmkaaew0cbkv6nhfj9w8cma2dldc31sumuta5p12b77v0tzg1mfol2cwcx58382
819,364,LINK,5,312545988,hpica4gqvtzwtvz164e12bc6gsbczziuwdl7jsa9rpn80qwapah1ifed0389bvmz
819,369,LINK,7,50584378,4xv91qidzk0m5u9q29nm8rpx77s1527gmwmpf6mfdthorae84sxcbvl9l6chh7w1
819,370,LINK,1,876129552,mt5llk621dbt0fsxss15n709dolfrxedg272p3bx4uzu2e1zzy8nau37n2ledp0z
819,376,LINK,1,875561532,9idep6wnhaub254jsc3wszgxrlji9apznf47ivbwss8gu0iluo0jkp180mnuzzh3
819,377,LINK,3,167793980,v0k5lvx13vg592nhd9gknmv5d78ziqr1pym4qp0ttzmd4l31jga6xxunj7wcqysy
819,381,LINK,9,845755601,r25t6g7eoqppacgued0tg9vcbdkm503te0sepo19due5srp69dwl6r42o98e4n13
819,386,LINK,6,351650143,eq5kayd0qyl8howjzccha7ja9o9r0404xq4w1zgrhuhm325ka54ioxkuuglc216m
819,399,LINK,6,392731234,22cb5k30s534zj9n453m76a85s850l34n9gcd10jfi52sozhnbz15vgifeuelupc
819,400,LINK,2,847197211,5rs8ggc7cwyap2247nh527tzrrayierkvjwva6afum74lhol9q9jk7lu4lctdzlc
819,406,LINK,1,84926160,jit89wbb76ooijnux21i2611p4gccby7os1h4hrued9lwlf6ll0e3yj4gxz5atcd
819,407,LINK,2,104978457,dmrqydu3tujdw2lftsr11qtzq3sacpb1l2epjsng53ghowsmery8afqofzifp9g9
819,417,LINK,7,190674830,zl2w5dpc1ij8wb8r0t03mp5erk4y12antpbksxbc8252jq13m5i08qsjiy4alvvd
819,418,LINK,3,612445254,ibyoagfbd6yctegguoyndoh6xshl5ouwx8ga0bioicprattu3wd7tyo5hxr0pz6y
819,431,LINK,10,855854311,g26lxsq6h85at3bivxwd0s6ga2oj5rsyqksbuszkm1uf82y6yp10e2mcd982am5e
819,435,LINK,3,465070092,q0amzv7jlpldycqer82mbl1h6q2e2etdh8e22v9w9evuu4n8ylpgop7pe2pdwl0v
819,439,LINK,7,246638469,lxuuuhu0c5v062w9lte71t6jn00joyxkzt99qunvc4p2x2ab3dl7uktzncy2kxfw
819,440,LINK,1,347203269,5jdkwjay6oieqhp8iajjcwf06yptjxfnqrh3v2zzzki8zfghpwdjqgg5gp1eqw4j
819,447,LINK,7,689669019,4dj5jph2drfhe0sa9z670d2zz8fkiwm43y1hsp2airj7atgkqdmpjkegb7mbcnbp
819,451,LINK,1,113152912,tdr1wn2wzft7835i4frk00g3ey9wzspbkk85d0icikghgd0fhmooh3py42zl5svk
819,457,LINK,5,75045737,8kgig440hziq6fod9uohtpzd2tvpi928mr133q7zsnd68c3hj9opniys0be7gz7t
819,460,LINK,4,392638360,gl2z8q5m4lontyigwb09557qsuknstogluhprfa090pis3z02amtlv2sfenef5df
819,463,LINK,4,328930045,1xl4ggfuav480mplupqjsrhr9dbn7xfl3zdorc0dbcogi5e90git28hjinkgebsf
819,485,LINK,4,729754924,yac8m6orpu4ihz4wdu2leoiaywddtxy7eh504sdkntmw3xe1iicidxez831xr3g2
819,487,LINK,1,716585072,50mnwbj7h1eux1ky3lnhn8lnk9yy1v1kg1ack30wwesvtx2n8i1hhibcwluacmu9
819,491,LINK,5,950742306,2a03qwwj7kk95eib0fpdzlduc1ms01818bx551an5ko0rttgpt47q8vtrc287l1d
819,500,LINK,3,770241618,nevrhj73701uhg4g523axfyai3dgua2e4dkisf6th3sno7vr3pth0yldykbzpxvz
819,507,LINK,7,436807548,pl1z5titwnzpcbvf1o4jpj8yjm09jd49o1p287q3xkk60hh7djkt5l3g83mn9uut
819,512,LINK,4,196695590,iiurhfdsb39nmzsklozipje4b73jnmcin7upczd5j22ejfjc1h1f2ewavdfhlj9b
819,513,LINK,5,370048706,lp7oqdk99nn7wtdp2f365agensjr1xomfwm716nyurqs4qk201r5q0rn3qc00y69
819,537,LINK,2,357773545,oehmxtfypp386xy18qg56p4zeoql40ebzksn7ohonayppnte0n0jmboggks9zsxx
819,543,LINK,7,858518513,mijblc395oygiw1r46a4v5vu4rlk4v0oke9vhzo19gi92da04kc8ruthjsp86n4k
819,544,LINK,7,507740934,hi7mhkg2mzif0trr5tsb8bl7eibgo5r9t7suhy8x8hmuvklba255t7er3b1trpk8
819,559,LINK,6,424576824,1qzt7spj011gwua7rmi2ttrf46m3th2hrq9j7lr6zbtx31prjynipvu1s7elgdl7
819,562,LINK,10,12171324,dihykx64rog77qob8npj934azm6k636v33u0fyx5fov1mvle25as0dr65yvngek1
819,566,LINK,10,650300479,oqke9sz328oyind3b2p8tldgf93l4mzoe7hmn5xgbdc4ay7hoz8kfba8ew7nrw5p
819,568,LINK,10,23270912,vqqkpeqlq380w67yj65e6htslgatoh0adwgs3l3farxmp6cnb1zxaeubdqybu62y
819,572,LINK,3,990638917,96xv2uh1ylw9lwv1ii2dbybhlsufbc744qyy1w6aodu6fbtt4tffhu55x08twrhn
819,576,LINK,10,621387399,r48bn1o2nzt05j2ez2yc50dcdcuo1lf7rhuzyku3lyi5nxbwzvc3vi1o6akmf8p8
819,577,LINK,7,90297405,a6iykzx9h3v48w6jhysh4bjz0ccv9lefcoudi40249joyiagt43gq6bltjkowcej
819,595,LINK,4,637079476,maonqrytebv31pejjqjr08l7xz2gukymb84po8gi0pmr1es4cmqrgz5jhpjmt7vi
819,608,LINK,10,82613424,nd5l9ie88isjyajh9spdyd3n3pp5n8pk46zbfzbaxes13dupa5m7qs4ztav6x927
819,618,LINK,2,509111100,686jbrk32emhvnkqf34yv6i09x6a4qgssj28kqjqlxn8k5363j0yvo3twfcrt2m0
819,621,LINK,10,748383967,8kgiraeekrruthb24di73jxkxsvvj0pr85jwnmt1izxongwisx5zph430ez9nl52
819,623,LINK,2,59234441,hscy9serhru6fjr1ef3zac2r1yhydzf3qdbmi31zj216gkdk3h5hea2rsvviglil
819,641,LINK,6,608350794,hohrt6f7jt65by3n2j0283fdcp4py1kmrj7o14ie88nrr5huinfoswzwph09od9n
819,644,LINK,8,511714269,u71zwot78b9i1nf1qro8uflcb7txyjjufrex9w3s36c6i58u665ufkh4qip75vjj
819,647,LINK,7,556857720,hjkqrgas6v3ft5ta3l244mipkagjbkm0uy1rn5wyda8pcebcpgl1ent7kd36ceil
819,648,LINK,9,871027668,oycx8rkvda3dd7klre2thndkn160vlfvonndr9085dqybw5u7usqknsqpux3xefk
819,649,LINK,9,879834116,0zebhbb0ubp5g5h4ud7c1mk8mk34czvv9xrjcnk3gj6jafgg0li7ozr2gfma8rpv
819,658,LINK,10,81160872,k70nv1z9f31lf41k59o4lomgtnavr04b4sgvmi21rxn1oggtyd6as69u4knl1z4z
819,661,LINK,10,737982786,jtuwvuiitfpj8mfuqx6mv5u5kvh95l8z42atetv20v6ixs636y0fqgfbo6fk6ol2
819,671,LINK,2,166903937,ddxakm3zxudwmjiz48x81ql6fi1oyk153itjlcvp870w4nrsyxn2shig8q4q1w23
819,678,LINK,1,698177039,8iej9s9u8e728w67bcav3bmu5eb290f1xnvdpe6y68078aoymxp7bq4b8r57x8uu
819,692,LINK,6,682921515,8tdizydu82j2o8ai86f7df6ewu0j78is0zsid5y211ch68njqy4wrfpno2ztw8i3
819,700,LINK,10,138857758,wc025d3qj8cjx62l6rrnwyag9sxxtatrwqk7mz35gx6dmrnbupo5ap5kjj3vtjw4
819,703,LINK,3,533279641,chhg7gh8vyefz6g2qkxibvjwbebjj20w4fey42dvz3g16w6xg18gstbh6s4jfl81
819,710,LINK,10,832951084,yqahpypkvvip2etqusdjetgykds3tk0eorhwo64bp0dn3idi6zfkn94sjkgp1am2
819,712,LINK,5,339699267,6pk6j1wbg5iafeft8qx7hibrgpw4zzyje02veqqb4i4oczud3netu17w8pxui704
819,720,LINK,1,407392137,qmq5al6b11zg24cinki2hb54k9mlvubm6z0afejx50iq2gseet0d7cgtjj7p6al1
819,723,LINK,4,713612749,lwx417om6iyhtxl0u6k8udcw5oxqurhskmvga6kzwffw2e0ty527npicm6u8fcew
819,740,LINK,9,731986430,43wkpjn8bdvus1o9ds9y2gvysbf1dk4107uq48u7mix1al02qa1vispigidwv1j4
819,743,LINK,5,803292525,htwni5faz4iqzr64pl0hrow1vo2lon6zgbxc3r1jvrj6gf41qsztjurmgvz5d827
819,746,LINK,4,534890298,lv4c0bhaig2u2etyrg39yhkn71wgypfh6u8ybmc64of4w7nntg2hjns8p8tvop5j
819,755,LINK,10,904111530,dvg4j06lupen02by035lcplkmcaoqynzyus0j103jzdi52hkqqwn1xkxzpm2qntp
819,758,LINK,1,173306682,tlzduyv14msaj9ko8g4xfoclixgd727wnr4gtu9wq2u4nenctcnymv0qbcgditmd
819,764,LINK,3,555473078,4ynzqro61n8uey5k2qftb2p8yr1ajz0vm1qacobekr8q90ftmx6tk7a1pc4t9v94
819,767,LINK,8,974973012,m6j421pg97ockab216nnq22s9cs0mcwridbu7w8u2y15pux9vuphb3dma6y28kis
819,770,LINK,2,829732427,0g7bc9bejzkxkn0o7lroqosw5t2u7lc6wbfb9t1kc6mhldm3feud2lgnvghqoktl
819,782,LINK,4,182698452,97jhjz5nirs5kjm6qy33ip4ut2b6w95alf6fv7q6h0cbupkowedbmav3vlsgjuyu
819,788,LINK,2,182812486,9fcc1cj7ibighjfqpd8ce7i38qrdi100g9h00t2wyv9wy0as36g5uw6o7a5rsbjw
819,789,LINK,3,273392065,d046y2tj7hqmi1jnj8oxhs0vjbuc9kafb4aw00k8egrm8lx474v8rcd1jejzi0vo
819,792,LINK,2,436820024,k5ya3pbxzl5e0qmhggjwzijdr9opan0xnzbhemyuq7nxtux3plgalc50cefgmmf2
819,804,LINK,9,350292400,onl5t10aph1lzwjdkny9nwqwipvmo2ym8qzki5stdg4mvok07bo41muvowfmkv13
819,813,LINK,5,360629755,pycd0x00qmoctj76nsm0kg6c1y6lv2jeh0ossu954lsyke7813b9yrrh0n2sx79t
819,814,LINK,3,268976832,iyqznh3y8awarghiw0pduz9q9pp2nyk8rixjtz7ke3u5igonxa0zvl3h15zwk51c
819,823,LINK,5,671234907,omdln6xo8oebog3m6zlgn9x1a8u4mscsr50rbxnoye97ricilj0qnq9wu2adotmd
819,835,LINK,2,21668853,ikmaajvqvhxlf9u1jo1oevzul8f74jwt1l9nncsh1ha1a09bnpamwpib9rk8m6dl
819,840,LINK,3,870155451,53v6qn1mfyy40w1ffdcjkbo1x2l92jsst4g7rbi7ph0m69megr6z73j7y927r3yn
819,848,LINK,5,341442359,of6qx9klz8nrkhy0kko2fxttm4zbqoem77b05qpf9mngl1pgp6ot9zxe0sy5r0ah
819,855,LINK,9,43361427,4xed6myyt8xmmznd16y6whmkflek480oo6jfps7wsqaqdqj3ijqp9eyupgiurxsp
819,887,LINK,1,726318097,l2lq93moeulay4y684o9oyyh1f87ftbw7428y0xg7bcuslvfsr7z7335g1v62opc
819,895,LINK,9,529754089,clzho2wrcj2n41xkm1tcoub2p2px1a503ihdbit0ch0thr6xjjs63l1ujzxmszi9
819,900,LINK,8,300868902,1sp5j2p505xigsxbzya05xwocfekmtqebxptz6wfjc0bj21v9uqfmzfrkibfaur5
819,903,LINK,4,228427079,z9nk4hvzjnnb7f6ujioksavslhxb1sohp1grq121h40q2x776nr5hjhsnbijhlfe
819,907,LINK,8,232267783,ouk5te9550mx4ajjr6hmxy7c1xavr5y3feqccbo8df4aqusfygja0wvmnv1jxv8t
819,918,LINK,7,267605506,y7nhejdiq6e1flghx7hz0m7qr6qqbdi1iuzhu6xdt5g7jtad2bde0idpa1iamj47
819,923,LINK,6,751820322,nah980dc8w4t0ii6nppvvj900bx8lljhjdo7aj8qzv741y2e2op6lbse4di69nb5
819,926,LINK,10,50148287,0nppm03bulghu8q6g4s1tg7mex8k5f5fuoh8h4okj8hy1ru8yeui9gnmtcxbao0l
819,932,LINK,2,99016674,8sbgesa7ih86wkm80aqawsw0dyv1b1sdh50cixj0o9q0b1okiwm1nkvywmsogwgt
819,936,LINK,10,945485745,df7j5jbuu7cm8vq9jhbsuau5tqp832oi75g3hd1bxyas1pflot4ng5utdqtg7tr8
819,938,LINK,10,633624620,rqzcidaxje7o05kxtx2c2knkj6y4d85qio1aiq36m90cplekupecz64xb1pz2ot1
819,948,LINK,10,115512637,58tpbcj49ln3oxw9jwzic6gptv9gg0a7ye4golazxfc0ojt44gc3ingohnnt4am0
819,962,LINK,4,864605301,4p8nngll93ijvv3p0el2s2vnbtwt6u6tp9gro8weprj1usjoqy6smb034te3ykez
819,963,LINK,4,841669944,hf6eit7ek64aqqvm041sd2da4hujwf81neqddtallq16y0yhyv76jbmlk91ld9kn
819,964,LINK,8,568379042,7l2fj87ikvu40ppwwj8okwhpfwdpxevsvpef6icjsif45qjpw27vyybh2cynw95i
819,971,LINK,6,974910182,glq82m6g3sp9ci0f2diwexxvvsr029yrord5ngthe13f7l3ill4sd2xaaj2d2u6v
819,977,LINK,2,476421352,b6imit81thrgv6ob3ttp9azpynjsx2qxzl5c5g3a1n90todqa3sse2jzndv5qeim
820,435,LINK,5,442571362,ogo4yv5884vi7vblq6mgg2qa4avu6fadbga8df6gaprfotvp5ej60ckj0gw02jht
821,912,LINK,9,29195259,7ztg2ww4b5xxjo4mcrcfqzlgyfjgvtsemchub692wzo7a6ju3qjsokfmqup6dhzz
822,18,LINK,4,330051102,a5qh3nyoyxp1xm1kmykzgy3rf8d7kvxv70tltcekwv8wep4pp27msm8xg4ecwbz6
823,269,LINK,3,261011513,x9rv4p4wx95awrbbne0cq0pu7639spaytmzvnhl8rtpqsg65n3ltrbzgrewj3len
824,180,LINK,5,606552579,wsznvtedkcbxm32e2ps22jpadj2637u52o1c4hhmaa8l3rcs5xybq45m9jf9gc6e
824,279,LINK,2,109496745,m5z6zqkwr61tf0q4b6o25t0chsm7b77kgh29p6kl4t4ms0cpe07gjffz2bwm3v9v
824,343,LINK,4,239902071,t24tvqqjamswfqdiycuk5fgunpqilhip6k64cwa16ydyoairyb5r8oeyc8qfgssi
824,349,LINK,3,951939103,4yrfumalcrg80c5i3w4qsym5r7vm6nkbbijrye67734ygtsytoi7bel2bdigpo09
824,628,LINK,7,450863616,1cy7sg5iqaw7rn4apr807yt19hmsiy5gr5ti3svn8kt9pxgy7kedm7tn4rpvvuhp
824,663,LINK,9,845938280,tg8mz1yn8y6pe7aijvqu3nhqsproa5jxmv193wtosr3e7dglvfu7gnw8agxi0ky7
824,716,LINK,4,626794599,fkqghkukvup6mst5f0fe6sfc16kjesy2v6klp77jdga8lve3962i0rgvi9lw3sw7
824,805,LINK,3,768639512,mhvre8mdakqywlieqf5s13ugvliqlr6yio3gzd4uii402b2vw5ejaqfkwa0v8fwe
824,888,LINK,3,918665407,6cjwca5je3pp5o3afhm899lf15wl7gfsve5f4qesehsz15f17nqpdremf7o3gocf
824,938,LINK,4,428810084,bb8uqlu1w21d16va8xs0vnh4p2v7eig7jbmt0gnu1fn3qv18udj0hzurli83mu47
825,485,LINK,10,84048241,mctb3k1nmt9zaka77bbpy6hjxz7mifgwddrzzrsnj4sooypyfywm3qm00mwq8e3y
826,643,LINK,3,969467435,dxlxiib1hg6yyg1ck4kz13akmn98yj6frax05unrrji1403kunpltb6k3gtqpflm
827,829,LINK,9,666816219,agzm1yv6lsqddv01njyjk4z5o5fl46w8ufo7ugkqp93mvioodnksda87hmgmwa4w
828,468,LINK,3,477975131,y3l81wmh6ohhghuvtb2bsmn5139twgg5au780wqj0o9lru735mphkmdelsqo3vw8
828,816,LINK,7,621623785,ywzzv5fqgmgfhlygddbeb8mqc5mtrto99gn4ejfmcg33gmoshkxhdgwqgmnbq203
829,12,LINK,2,828974878,25n75tsp1ue3gnpqinjlmz5eylwngl90h0oh8eh38z798imhiptao1l13xs7a1id
829,240,LINK,6,806788390,7nhlabc85ozz2yb2v1m0padit4rblah53oo8ifarlpi8brdmppgoyq8xah9flkym
829,402,LINK,1,843673730,2e7ke5f49qibgn4f4qdu07qfwi4stcejbkwvlt50uptutmp0suhn83jty9iaist9
829,547,LINK,1,359584504,9qt8q7vh72qhqjb85prrpe5jlxrcgbyzm78fr955ge3moqnvguxh56upxdy5sdsn
829,572,LINK,10,868396374,pel0yw8oxp9kzp3pju7qtqx80c6qj5pmgm2phzognc6x05gmk0s0dckvsdpozcte
829,726,LINK,4,324269167,ldqcv8ykm39u7fbpjqnto711rmwjk7w5c4i3oab7vjwjo2o8twajezd7m7dtzplt
829,910,LINK,8,180136982,vdvgf0oq2tvxpxtms08noqco190cdxwr8d973hyxdcbxen3rj1q4bczx0am2epm2
830,750,LINK,5,802703324,8vexep0bh8tyu93je8zxi8ift8fz1lbulgt44wovsd1cxhbn4ruzklmv50etpd7a
831,103,LINK,5,621452827,lmjox2vy6zrkr70q4hgel0u36janm0pl61dlzd6hozr1xfu015dklnlnzgq3daca
831,180,LINK,3,937797279,y77kdo27tihqwauiievo6o6smn04tpndr89gjop95mqxwwjyqui3oo3e1pld6hic
831,189,LINK,6,842894014,4v6ahsp1n828ovs2eybukpaphxs2oseq5nlu8pay4ju3a1r4ms4m03c203xp7sn8
831,264,LINK,5,274167870,2wxbhp0u66121bf3c1hozd0ae04j7iltljtiatp2ekhr1ovooil2l0zu1alrby9z
831,339,LINK,1,230265626,xw7nk1jyr981ytkabaij8jbng535qc5p9es1m6skk160lbd1qzel1smvql2mihox
831,401,LINK,4,867359230,eekzaltzipyy42s3d4vwfahbc5q7i1b9p947cxt170393m4shvtx8shpqkmqj54m
831,476,LINK,5,544003462,49o6189g4ut67h5orr53tmnvtcybjl7lfy76oi0xtji3kn40x411t8dtzm8u7i7c
831,507,LINK,9,644731078,mm6xp38lsxrxf86qfhxaex30yt3q2gt5fqkzeblfluudx5umbwq62s07042zfdv3
831,847,LINK,1,769108747,0pj40sr0teg0hru179iovrhqbqyhhddb8tduljqe970czq22a3rj28ddywfu9ob0
831,964,LINK,8,881220538,ou4kztyl1igzvvznqshsijy2l1audk5c4jgjzaugb968vatu88bfz6afj9bl2sqb
832,615,LINK,4,14696963,txuniepag961eptfmi2sfg6yd80casn4q6bc50ui3fiwxn4ydzlx8g9zyz116i67
832,813,LINK,1,396480363,nlpvb40w5mhgw8upud3pjc0t9uu25wvo8u8sf8p6gx538827qr2jgapg8sx268qb
832,918,LINK,3,811312258,0zhbndh2shq48ldl2g5rrujb7uxbcn7bgmr7sbppdfphjuz4gfrgljgsntdhegbn
833,21,LINK,1,77072766,1x45blk1mj1ublys2r6dgob4s7zsubrehyu93oh568phdje1h0f922vgncuorm5c
833,42,LINK,4,857662600,bgsimi3471h8vtca4dl3838powvkx9b48ksi4k83tlg69lu71ssarhel11l7onhf
833,172,LINK,1,8895606,gv8k2iawexk8w38bk713ir2flhipuyu32pntcza8xv5luxhlnl40mwwpdqs8mzzm
833,312,LINK,1,245466422,qbs2f6kywsa3zd3yhv6jdvcvd3t4gur0wf6mcd76ktjm2oedb9gbuhept54x6s4p
833,327,LINK,10,900097623,k48mduy3m1a3xqoxn7hd38o6qzvhazxxw7nc9hl404hz7dpqk66a0mcmnxjo2bnt
833,396,LINK,10,795261113,6xgow38bgpjcon60ypb7is7mfk5394yskvyej3istvnxyszkr1yq1mp6yuagbjc3
833,416,LINK,1,764383470,wvunj3j66xbxputk9o43bp7qh2h8ns2dc0j1yf9jvl45qivy5bt7zjynpitchgln
833,430,LINK,9,803078729,fi2in14ox5as8lbchcrmq3ejcxojbj2lyvbuf9v7mgu4rs9nbwwq1txykwpxzu7q
833,536,LINK,10,665832853,9vme9fcf7gfba0mi1xpi42iliu4nqievatxl6uq3e7cz39fa33o40hz3s59j9h3z
833,585,LINK,4,580699832,z53k8c3h4334779zhllocmpdqt7wskbyzsf4lz77lolj2vztt9c093nm048pdply
833,645,LINK,2,77324745,zhpviwioby7oann809vcq827u64xaj082lv9cewr94dvmn7vdr77vs7mzidd8hnp
833,668,LINK,2,288820988,u8nocfegxhrlnhxh9swd72x6eppjf4iber2prokxfuxi42lle670zdu3zqzksmnt
833,732,LINK,9,140409618,402a8bxp9y511zxss6ygbgynrlo8cenkw65hy13nni05w9slqpmp5o5ivhrqkxjh
833,751,LINK,6,274601788,uwazk5zls2af4p0ogqc9fxbwszld6larmvzzerd5y08hc29sos6ctwcptfa5z1pz
833,906,LINK,4,981223013,6rejih8s01ztdkt0s71s7o32wbmtrpeq754wefhyy6rl4jod5awn9k6yv9z25zuo
833,969,LINK,8,690848774,mco1az2rk771nbf0hndovxno9k88dyy69my3hlrymnadug6ssvgz6299p6flffwn
833,970,LINK,4,329631248,14z14i8ljyjpp9tutv6p6awy4whnwo29zj1a383agl5y0wyqt14qyqx7mu2mqmq7
834,313,LINK,9,783247344,8wy4e13g6frufxtpbpvsyrsy912qx6c62ozk76tlpanwvr8xddwbpy42u97stvfx
834,439,LINK,7,336488345,ohzn59n1i1htq7epjntzt8ofh2f2ze938mdgrs23538z1bs3cr67c4cj3eo2ds80
834,441,LINK,5,404711201,htz1mi28yzuvi81px027upnr336eb4oia2t8cghwgg737d7wy8xtztgdunopiqpu
834,479,LINK,5,42184971,c12dcjou1ohizz07917lghu7x7ttk6w688li632yw10jrwbn1nvlgcr64mhrvr26
834,485,LINK,6,383971176,c7jrdnokgkjoe0x71obx0luyyo9l02sriktha7truus6g96lcnfxel6ash3sz338
834,529,LINK,10,13177339,wf43hsx0l4gm8pp7kjdocf9jpd3i8czn2shwvg1mbxe5hhip4lqz75vs319l56mk
834,536,LINK,5,98512461,r6ulfnc323s8jft5ahz83g01a1ont4hevs4arjeu9bxgy1i8uibebtn83fqlkxli
834,644,LINK,3,793692222,lovos65bm97k14v61zxy5314hd4m9p14yglthtbbcln8x6824bao95zm38m36n8r
834,665,LINK,4,861913829,6rcxpemjp5bglqbwu800k47ott1k1otktwmfzfczgxd62yhyaxutx3xulokegs3i
834,666,LINK,3,506242373,i16e8rkgqwkw1c8ay1hxpd1kr26sughnm1rhfdafubrifmyitrfu334648hxcft7
834,693,LINK,3,491059657,712i08ke76h8upxiwezvduvacsvsq9llu79y3g5l27mcruutq04avyipwe98s0ww
834,730,LINK,8,531250967,eckyx3wjn3aqd2kp4kaecvhgeay3i9581u68r3o9uqlfdx4rl6ywtuy8f2dmgirh
834,896,LINK,4,355390542,6nnijj460dzfitzn2488tsds79rwnm4aycvuywnc60nmouawmp65b57p6oplhwkr
835,271,LINK,6,869286326,fuqf2707onev3jk61hbkhgcoetej3eemkwz9fgg00i2e0m00oamne5zgnk6xsh54
836,132,LINK,2,812074873,xq1jd3ndlqnf87jd4sd4eth984znqcgcqa59qqd7frds2kbh22l0so3fcz3i5ewv
836,858,LINK,8,375083990,3eiuersjwkyuh38doy77lv7bscaeft1sf734uk9px2ry6f55ddb3xtcnadtmse48
837,114,LINK,2,336271994,f3kpamhyz1uhlcrbn5tn0vr54rb1yapm8p3xz3sqt7gennrvc3h7vpmvomam6j65
837,974,LINK,10,583031703,sg99au8a3hwipnf4lh8221nsiwstgyglrsadn99bvs436zxtkh039gsv032fjw8g
838,57,LINK,7,238869362,n0vzmq7klen85wphu8hfmtdb6qd1buo4k9v4j7kxpttoms6s45mmkbrujgvsyywv
838,141,LINK,5,389404768,yk90y731nmw5nkn0jmq47rpxv888rsgjwchco5acqe7iiv7ldpml3e0jksow52lo
838,382,LINK,7,582727890,c4n4l7eocviggkvxvwecwg4nnc2k25h6v6rogrm0lekn8c0leyw2nnohjogsppe0
838,466,LINK,8,753807047,f2hv7x99iboay5n5yrxnbzqazhiw7s1evjgmmk0o65awialc7kmq60kmji2ty5mx
838,636,LINK,2,628102118,84do45m1f1ubor8w67p3da5eq8crnyh0f2wbnc3rv9x43c5gmtzlgiaqmgyt5t4w
838,744,LINK,4,95121068,tfe8an0deo7f9jlkjs0gv7rxtvzgbsqas2shn5wmfoyl99c0qc6ot6z7r04tarz3
838,758,LINK,3,194416792,hro3i3a9oihfhegyjtxlp438dbqir7hct7cpi2muwk0vce1wxilkfm2sdegjjwme
838,795,LINK,6,791831200,fet2l9kr56joi92c4ey1wpvvi6xibouqc889qzpa1nt3y0kicq27007n0aogqo9t
838,922,LINK,4,44253368,svqiw7558we2ptu4k9vyysmzgblnqrusp0997n8z6rmulyqoy80csudo0sj0lkv4
838,928,LINK,8,795922032,twqatuop1j7csjqo0ul7e8df60wj4hci7jq0s3g2y43pw5lqs6209vjozixe8f9i
839,31,LINK,2,11158943,8yc1xa8gv8n78091plgp7zp8dbgn1vdoeigcq5djxll3ootl2095673r0ulp8vfa
840,132,LINK,8,955744605,frvnevrgt5s7bk0deuaa2ib2oi7bnbbfhh7bd0vbdqiehtcexer62f90le01pw5o
841,856,LINK,3,381538637,6gn7vzukuv5m1mbl7mx6q3j81d9smlen3gryjdquej78vne1pvtwd0tq0euz3ayf
842,329,LINK,5,762464077,im8yj3djtdh4bkve9n0vsmvkcl9fh7an1l5kjhnsvgf2a3bn87me3rw2bfl48las
842,457,LINK,4,563596681,7tiqyhoda10mc8n0jeiy5iakpqoqdqfw0pimk6rs33qz2od4ujoilzrda5291riz
843,108,LINK,1,491358792,2sj08j1m5f0h6v7f1q49qjpmi81qj2za0ldn9scqa0r7lr30yne8w7zga293qnyf
843,146,LINK,10,57044296,2a84x0uks94nyy9rji4xigw0h0nlkyr45tioy8sgfbceoivugrcp98e3eao6i46h
843,352,LINK,9,315475914,yed1kfb6zi1l9kno9ur44fqq67kl8tddtqdw9yq3ihaydbeh869dxme7js4t5chy
843,495,LINK,8,726073539,ddbjo4bal0o0syrosdv2sl1o4hfthwqrn75rbyk5epq525oipkanoby1swqmngdg
843,834,LINK,8,728118839,ni3zsz9m7f2j1c8wjkabc6d7rx4y9fzyly81410b1s2xuomazlt25v55558k1p6y
843,836,LINK,8,351528318,iivc7sxanwzp9hq7imw43jws6xlwdf8s7t3sccira4j58j1hbf80uc11n5xjmwri
843,892,LINK,8,859520688,8xzrpm5ix648l9otktdk0vdi3wget5qy2mw8cmufnxcdii7s8y5apy6gaspk8lhf
844,89,LINK,9,50318429,muqzjvdtxgiju1fa7k5hfqxd86779k17r717q6kaetj49qpjvgrozgkj7vo2g4ue
845,953,LINK,3,887316260,ui1ymsyae52nyonsr1owyago9kq24aa9bg694a5tcjkdxce1cghxnf7om4urxxna
846,194,LINK,10,346769858,6e8nehhmp4kwc37u97fys7g4mo7vcy6u5svkc5l3ca64moa6pazclcoiduifpnf2
847,91,LINK,3,579513083,mvwo3j5gbb12sk4j4sduvi08zquiunxwd0q2gej3100tpfpxtz20t9rf0691hkgz
848,244,LINK,6,451264907,561uddrbk6iiuytjzm5d8d7760xp27bydiuywtcmlsx1dawoi4xtfsq8s2jwyeqa
848,308,LINK,4,771517361,qayj5iggeal3z6iyngq9u5h9uh2goajfu3s0jphecmrynlvvlmpi17d6t9wsimk0
849,459,LINK,7,203642925,96z08b39ve01by3gksrluu1xdgbry3f76kjp6a4p1ghh8t0pe88b9wgs3jcogs2a
850,757,LINK,8,128443966,nh9sropawhtn64sqke77a85sppeqw44rx5gfrc4q68vtk3oionv69i25we4e6zdr
851,180,LINK,2,380980276,0q4o39o1uej5l7phdgdn881tfd2ajuf97xsq3ku0cejc3g0vjg6pb9jmv9zqbxkc
851,194,LINK,8,767946600,d5cc8dh0v7oc8eaisjlff6hrq9dkx8dzw5uc9q49wjwndk9sb71ak0at0hv9o7px
851,202,LINK,1,29216235,wgcfxo17yu4pk3kidi213zt20r8fyfr9zc378muzpxi36rzn0ilx1dcka4tmnjlx
851,312,LINK,1,284818372,js0sv4nvt3avp23ruu1n6lhf14fq3sb417zpqdqnwtmkpt81jr4gstlgow2ybz3u
851,366,LINK,4,13726353,kbiizwoht6djgj6oj4vs23t2wjo6e1so60bj5gzxjswbtidd1i97wg6g3aiobksx
851,369,LINK,1,683500788,4ddypmqn7njhkrynvrgrokb6cets5qwjpp86krxzod96htvk15vv922mt4g6w4tx
851,735,LINK,5,995911822,kaae03zk9y437w8438l071ostkful530rjo61byqbl1wytwn49bt5b5yat3u963f
852,668,LINK,5,131910709,gx9mkjuw71md1344bq3xsl99ica2v19vhtmm4ceylgfsdwb41x9cd8rhxjs7vxux
853,216,LINK,9,110448061,pxtxt7l0nkapyjh8yhocx13ij53sj656jain4iwwpbiwndvkt7budx0h36l53jre
854,951,LINK,5,903939827,zacavg18986gxlkfvpgcx90k3qdnyznz4opdhxuow80w6que2ruzg4q6wt75smgi
855,939,LINK,9,89336674,v9apwr94p5oqdmrn3uf2ff1c2ndr3hmg05ubk0arq6s45vnt72vj2kx5tzl795d2
856,552,LINK,10,48524768,hcicklqcqtppbq7lcf5nt6jr3qz6f5p7hrmosd1yeasf8v1q1mhm2a8msaqui43b
857,883,LINK,6,206120286,bkafuk8tlybd2fv822tmaycvfdz9iv64yymj9lsyc4y9mu9d0sghbh04ctgcf3d8
858,840,LINK,10,409388437,s1yiwtkh8mpaudrv7eybdcasrviu61naol9d9ofxmxh7qgnbxevk9obsuj72newc
859,764,LINK,6,768025353,tgao35dmb8jhhi4kebiqob60feyqcnng8nlm3zgpjv0wvx0pq3qgafkigyqxg2kr
860,25,LINK,10,712566858,nz00jmwtywnef7jnjqdoatuegiewtv8s4k18irrgws9lroysmc3k76vn9pd2p8lp
860,32,LINK,6,133200221,2cgmkt8boaplb67aai01loxcnxuei6vathd65ibp4jwfqe7b93ksk6xvnci8zngv
860,59,LINK,8,484403423,spgqlrdtq2cuop1bjbcvok0vxs74jtctop6oi2viudjj1seah3qma5158c2kii2s
860,67,LINK,1,705096687,ta8vkgencodia5mc82ofd9xmz75qxj5phvm0kyw39tus8tvxscixa3k9q4vjzvpx
860,119,LINK,4,169290040,klsekhwnc1yv1b35r53g6gnsuxi3b6hoko14gsjgp9637r7u5719vhq6k8ufuaul
860,144,LINK,10,188727000,4bi4ayy6nl70anbgmuyh2qjjv5ya6dlt1lcp5sfq2gh7psjldp8mo07fkv74bcnw
860,215,LINK,5,162753633,04bgd9g5gukh7y8gmbli90c5wwn5l25lc423baz35kjv65fkgjri8densipwggru
860,254,LINK,9,497422029,e4duaxf7i74rf47itn0vesm7w3426dhjp1bks0mvclsrrbyemg1gdqeqgsudfled
860,271,LINK,5,965832813,9f0r1qi3qlr2auzl0ufmhmvulv1lhi9o7fq6plnfq1j2mupecaa3agrbicfg5xpe
860,309,LINK,6,807683141,0emfbtyadyp386j6p4a71yyfps8v2sm8naownhco4ydyrpz2mzzfi1prqpwbj0db
860,384,LINK,8,931876584,hch5uzj4ipom2iusmlftnr85rjry4o1z74ra97ga8zvye65cu7enc0afxemvr61u
860,393,LINK,10,665230823,ii6isylf6ix5rjihm45e875qn1gdg6h3xgxf3arytiyjztcy61nqu9uydsoc3wju
860,403,LINK,9,268500941,75jep13jdle68avjh92jyspvgsfro7d7h5vn4wn28b7u4s7q5b7typgvwttadlq4
860,408,LINK,5,886743632,mpd93msef2fwi8x3uzg7mwmcx82y5cl44zq3s4wf0msmt80wv40rje1pyn7nbgc7
860,420,LINK,1,387039621,0iefq3z8jgd641hk4nfd2occich85dxjwtatjv3nyljfkp0iillxb2ts6r6neno9
860,583,LINK,6,669927861,9jmiovfia375iltciekz7o3upe3gas3jn1im8ju3n7hns3q2dxml0xxad8nkpi6o
860,616,LINK,10,952446473,xydis8vneidoxz0dl8w701gm5okkhv0a4fa358v18bgcme5hzh4kvgx4ejl7i8ji
860,702,LINK,4,70856709,452iz4jivv0d1ya5dgm0q6jswyrdu1f6j3z297axc63h8prrrbhvqnh1zkay9np9
860,737,LINK,7,904029824,itk6nqfqjass2h8rbadcs6oq81gin8wuggrh9sh22zk1yj6kyxg27pj45vxjhx2w
860,767,LINK,5,97557345,8236bpk5a6aux35x2p603wauge22a37sbh1684y2rv0qi4hl6r1xwz7ifhs6g31t
860,778,LINK,7,991270385,t1tqvhb0wzl4shhodwxegox0zlqrolhknusjvifynzyatwulfg60qdfserc6tbrs
860,805,LINK,6,200075340,ik5u04ior31f3skwfbgdo9guxmve07buxkff1c32d0mltuhygzreo7b7fwi4h301
860,892,LINK,5,381650564,krp879w94kdtg52omi6lnblvojd76liw8l067kza21ublyfda79zuvqxo4iocjuv
860,911,LINK,7,205118125,9ra4erjn1k62sawcjwei8kki1cl55tx26n766bdxfs4nx6d6hbfw0q0lczdd6mpg
860,967,LINK,6,674894820,kas60t8tidh1no6ha71sd3k9ekdwbomjkeymm0pedjmo56ifubkldhllfkr4uup9
860,977,LINK,4,874836466,t304bg31dn2yxhb9fsui1mgeo8k0q19bimdnezixcyekfj0otk3mo945uu88p9qq
861,317,LINK,1,260401702,va05nal4qer8c3i7ejykbqzala0ayva957ygxn6k4kz93m4q9uo7rytyks7gslqh
861,812,LINK,3,386003520,aod721ax3va0xe7qkbzlvh69mshqipgo75pnugux432j30xxx01mz83zmd3l89a7
862,121,LINK,7,778926805,yynqk7lw3fagpqw5gp4iatru2rjmojgcv3k8dr4dbiy5h0kawb1bd6g3yku1zljk
863,248,LINK,8,416671622,8ovuge53w9xfanfcpy6ctr81c11gb3zp7smyyuu2bf0zra68qebz141u8gzy9lix
863,514,LINK,2,762455403,m6pt7xgc0e7lbh7twykvv4lzm4cweawt7bbvho1dyqs67ax8zsblwlt7psg4c1p5
863,640,LINK,4,165371547,irpy3bje1p6nw5efummoor9hq2z0jq85bu30sttg9zpixsk6n1q6pzrlgoj50qrl
863,760,LINK,7,575191265,ak865fjyznq6lnf0k7emdr7kvno24b47hwm90yxnltoqx3g70cuf46a0ltpmnmiw
863,817,LINK,4,301640782,4hqbt5ksznxd4hztgkqw0ztbgkqcf37vvcj68atm7v8pm8lnp4p27akyo1nd9024
864,805,LINK,7,180868243,pc0kkdz56dacegbbesusa65py6wea8etzkitfyieqh55ljtk9rmiu4n8u42ayqok
865,871,LINK,1,287677698,ere93p1bfqzwwuvqyy1f0ytcx0flypax44e0sn4agwdwkfalzcpryvktlap417v8
866,86,LINK,2,743358527,isaa3vgwdlxdc7t3nhachxi3kwbz9k4f5gah18832mn9z596ko696z19y5rn61k9
866,534,LINK,4,588676771,u5xs4bdvr73jn76fw9ouvaebsfd3vpo8mdpvfa247zylbg72yqeeyua5ufdkm7b3
867,984,LINK,9,41790740,mjj2scldh44mw1oz1341f43ga4mknkq6bm5fk833aq9k1jhqiz87fmhsqt87k8r9
868,442,LINK,6,236180695,jlzelpjtalehz06eursmild6szezonk9d6o3ds3osk3fv2hjrlecm8l7zyi5yoob
869,301,LINK,5,280086302,5i0p68yev1w92vt1gzb5rv88w2exv5qxndo8xctgoxle35b677nuy74e7zrnp5ym
869,388,LINK,5,868427899,e5gvcj34tbapmvkcq7n5lfsopilyd8oibjwwlq8s6wxvn808bnpyp1dnasso79ow
869,587,LINK,8,91691112,d60pez7gqqy0vm3xg80zss5gzq7zjk0sj2zludih598j4q1du5ew23o1mshgb4i4
870,8,LINK,8,329589214,ohfrfd9i4mqd3h44qaobocbrc04u93d5rjbnw9leyok69hvp8bnvvkn32einemzm
870,46,LINK,8,222145078,bm3g7f3oh2d5sgh0tcckeu3u1axupm9v7covx0ofchrm7qqjdrzz3ngmwghwnae3
870,186,LINK,8,921444008,gx04ucr5vvc5gm9wxfgp075zj5omxyemtamspiz0y0t8q8oawd356u0aovvoxm27
870,377,LINK,2,815438999,mdj0388vym3j1uqk01hcgt9qh2h8c5cyjlg6b7fskuhhee1sbrobeix63bzg1sl8
870,860,LINK,8,668988221,zogmgyd0jzvsjbuhtkyjs9pfzqraca36jc9em649z2hkit82894oape0851w0vo5
870,895,LINK,5,461614076,4gpu4a7ryugri2hv83zk6kpeotalmsidek3fivbnnrcht6xc7gzqwv2w8offxi2t
870,907,LINK,6,431344494,nmzin168ic37h30wse2h746jjr4aalmlcxwwockoe76n4rgirmce58ffgkl7z6o6
871,163,LINK,2,500138538,w2jfhzcfwuczl07p0gotomcgjojxl9p27vp75yn38cz6fmp5yn84kz9ydbdknltq
872,175,LINK,7,488660036,we7t3mu66pyq39hb3ldupzf9vjjsblgae2t5s9pmrfz31rffb653ol19u126qsli
872,701,LINK,8,865706267,wm8739h4dz0qiqbkzmlx99eiwicb2v8n7arpqkr1h5toli3poqzl27eiwoiewvdg
873,753,LINK,10,153999971,tykspofg6ojbhskvrfistri909sk53xe2a3mcmgi1pbu2jro0oaocuyz8iisyfjo
874,326,LINK,4,413907145,ofbeo631se3sm8n9f1bgtconjgh1b0uyp0rplmxevac04q5d45pjfblaf1gpqhms
874,360,LINK,7,628771676,0ehxf6fs8cxoga3h89i8zg7yj9wd60iiy679nsnhjbqv9ddj9ec7n7hbgdomon80
875,16,LINK,8,160584901,llw4tj6oqcv8ud08w3kqtbb7v1xthid8yjnlaicl5b6gy9qiewp4wv41y71xykhd
875,48,LINK,6,723886465,pk52nfb5e4lcelsxqznlhet4t05seochbpr3r2m64ypfziiy20tewwzw56itqnc6
875,51,LINK,4,455563838,yikwyj885a1c24c1bdj0t6uyzddvsvrf6fujzlwud6u3ns298mu9295d5xbj3xxo
875,65,LINK,10,969783230,jplojv03fdl0s6g2g98pjvv4c4v7rkhv14dzu9fka4uwqryscfvyk6y1zmp94k6w
875,68,LINK,10,984526060,wt2h53xykgkgar8ei7rquvth0qql7r2p7duayd9lkrr232ms01ele3wm017vero1
875,102,LINK,1,532659935,8l9vfdauswbh92w12emhdzrx0hqmpkto4gmuyso2st3m9gppk5dz2jzlqlwl4n50
875,138,LINK,4,652208210,ir3yk07nuxvgztsozuxh0xk64yxui44kqpzoagchc24bpnvaummcqiwihjgf9rha
875,174,LINK,3,846559068,xw4gi685k85truzbau6l56n98g5p1i4pkne4en6lu6dukfug46wjxkgcb9yr2wjr
875,177,LINK,2,486865302,eu7ply2flfm84danuiphgpf3gi22cppxstbielncrqjt7atoaiy23ksxr15p2umu
875,205,LINK,2,899886730,r710btlsuvtexfdiddeih4uvcttlfr88jzgo7uu67lknn3p2mcm9bu1d9a9ctbin
875,214,LINK,8,161182651,7jn7twhr31mqhwrab8z83w41susiwxndlr7vn7yqfbob7desd2uk9flxkzu5jwld
875,367,LINK,2,599255016,ho0oquyrfd1g4si0xxhq6xnccvwmjtof1ukhvcq65w23uxf193pbxi65chumq272
875,402,LINK,9,997501131,bzbi2w0bnajnslz0t9z6t3f6tv4tghhca4235fg9cr3bd2pow70i23rf9rwx0u8m
875,428,LINK,10,804111714,nygual6sw8aa7s3qcmygul1txltbivw0qvitvz5svfnh19q5z77pk6j2okreohr5
875,460,LINK,6,733925206,w7rqs51gkqn6smmwu7kz872di6p3gqmbu8nx4xypj653jbwjgc45xdb1ufblhhhd
875,492,LINK,4,294736705,ydcgn5gow73do49rq4ewynw17oo6mmx24n7gy83iyjzwx3om7jm1t80eoizzloxb
875,587,LINK,8,305807961,738s69emoc74c6m8hoy31acxs1f4v7ijpeo126cng83tfqepfk4g3ly2as0gesnt
875,630,LINK,3,20697533,enu92w6xozsw2vf4jwztqt8bfvklz1ks5kq2k8hc1z1qrumptewi2jxswrng857g
875,668,LINK,6,230000128,1mbs4yzbpnnbni0om61npknwa5xstl2cz4rt9mxoxsbd55tayxfewvgfa2rhflsw
875,775,LINK,10,826461724,lx7uqotr0ehfp4oylrz555q1dyxmm2prr22z13dxholyhkl1zon6o83fspet9zuq
875,905,LINK,9,645437222,kkylk97scetk6wkn2akomtg1t9pfu2bjj30e6pi5j3jcapsslu33fgoeirkd0oig
875,911,LINK,4,169751563,rek64c3r4dmzzn4tqgy9lvmwgcds8xgtm4nocd1xcsu6tamn1wyq5sgifsx1eb16
875,920,LINK,8,736314152,cii3xqjs90x2fqkiy6agmllh9s4vgaij6bvd79d44m4w0fbu80ru0v6uwdce4uwv
876,233,LINK,7,235730953,iohapcmjea95xuxlfauqtee5ehzrhwkt1ns1eane51ey7bmcv0s4m13s6mnh6oqr
877,867,LINK,6,12245831,gjixwbd260l45f9et3113j1oep8vfb3ulxxqiu4rcbgv6odimqbaep0tvenbzn0a
877,959,LINK,9,526993983,nqth66sarw1skd6yhad4cpwtvn8yz0c2mr28km4cxjgl67ka0uyv8yo24gzj5icq
878,54,LINK,6,449347461,7pbgcln0prok0bmz35vs5fjqnfc4wp5nf3d20j84yy3k03p7f5fiz58hy1rfandf
878,169,LINK,9,295562017,t7hh3j0woay06qlswn64eubjgdp91zk6ywtpmcjmt109j2bl4u8rgamdg34m6pu4
878,386,LINK,2,955902337,d361aa6kz7cs7ulopqlecu8izphfo40zhhagwa9oqwi0oxtr1d52f8gmr74at4bz
878,616,LINK,4,938638896,whccskr00dbzrmuv6w2gzwbk190kw8wozwsjna8o5bmlgbtjtq8bgjrq8eog7wmk
878,662,LINK,8,111114378,m2zo8qotai1a5nbnyvpgnj8xmxf8bsmotcq8x9toqlm083xru6urdr9rkpv8jlpl
878,663,LINK,10,497313581,9g6i2sptlwbvkkiw7p87oo9ldzzrpmz3lk463q6y1a4rka7dqfp2ew759899t3b2
878,792,LINK,1,629336355,r6u1a3nrhq17jzb1ulvmhgpoyx1ohmj88un0q8ouep6ca6clfncso5mwfo2kr16m
878,900,LINK,6,70659694,21ba4ebn9od5v5xq05wxh1q5j7uqq23u6wecel2vhnoldq6tx11t0j900ho3os7h
879,159,LINK,8,202945639,wwqjdw9avm0b34eljpxuuokt3gqgfvextth7nl5xxg5x5u20lpkcz3lmgfnv1y05
880,744,LINK,6,351027748,0rs67gcp3z19sst6dcvfch68alk5zysxyks9kqzyhigb53dobky5efjnco06wvck
881,233,LINK,1,32778965,cjr14kno7xvzgydgyzvatp4g5lnq011qxic5h9vzind0ccei03a3iebv4vwmyt6c
881,873,LINK,7,826197428,rh1fyz7rmfw35kuafahgafanuw9jvitl8kpwud8cmcsisiu14pqjl95jf5a9ul0f
881,917,LINK,9,647909369,s1zab2jlvdvbmj6za2jaeoschldegeg4oftsn0vftbo2aze50n5uippmchbnhkr7
882,396,LINK,6,962293010,xx2zs0r9o6ejqv3xcysk4qwyiehwyk9zxl9xqrc04rvzgocnlx2uqf9xw999vo3u
882,505,LINK,8,892053825,684svv0p9lcpm0ogyfo0lupgo9eumuzo15zxaqmr019zixi1qwwwmo8a14y9zkxr
883,30,LINK,4,369860934,xngeeb93044im6zo1qre6movm0dc58nad7e8rrm76v4pq4yqyse4696fcsxlbdxd
883,279,LINK,4,679003881,4m9mxt86jd2kulnak886ql4g7gg4jwlf8hdbkobpcc65wdstt1qn8e3mqw385gpl
883,451,LINK,1,723817174,yf9nut5klztgw704e08rgf4pahdef8g97mbjfyfnlw28mgrnl6ztn1zk47wsn64u
883,744,LINK,4,289038856,o4rpk976drcbagfuxmb1p3l9bylw4igyy9chqiw14i4or5m6c30vsrwsy0jvwl8y
884,927,LINK,3,81266363,x9tftgzbw8davvbf6jvosf1k2r2yxsrjzc62ot82zv8tz6zmijd7nmfj3o9s6nuy
885,414,LINK,6,436064070,h5pzc51to2n7vfx52cxf5350sr8qv8jtkoc9xpsbjgv8l2iq8kaqvlxyy8sy8niy
886,982,LINK,4,40201490,qqo08v1eslou6i177uizxpf9smms6eeng4edcjbaotzq857fnty85vt9u0s66ugv
887,93,LINK,7,208909450,b2qu4na0cdt0oj3x8p6penvv3y9m2n7c2p9irnb0ffpqh9r1pitnac278grb7p0f
887,177,LINK,2,812755259,yl9fcdm9zpts4ijjbly6ow4qcvxozunrbizn2twc4gvq08q6258s1j9ulooe3ojo
887,494,LINK,9,415051274,dndgbaxkjyaubal8km32xyik6897pbb791eqh6e053ojnyz8dlao89vfbl508wgv
887,580,LINK,2,799164621,daipa9xgc540aquqwinli9o50i1940huml0316o54a2os0u44kmnulu6vscit6av
888,683,LINK,9,203016197,b74uay7zouk2bxlhcvqam2ctti5fpduoj0cavutr16cqpzlruow6hw268375joqu
889,29,LINK,10,740602435,wrluoru14faf8zc7gy2h93cx1ryrxmrj2d18yltn7jkno4d09ql5ryzuyibi0pn5
889,47,LINK,7,842210546,5loasv6oeic6xbhrino4zmhkmo8kavlfnphpvf9q56k38qiua8bx6nvxclaccr86
889,52,LINK,2,793863826,k944i6591er9wr5i8vfmizjn1f0nd2p0l1go03z544k9g6xh65pskdxewjoo2wz6
889,66,LINK,3,25551190,q3nt20kf3kvgu1t7b6lcl5rctvf2g08p8s23ibqgv0fs4159olv2qr051b9f1rew
889,132,LINK,10,315503214,cezsjhapq7wlw9e7umrxziwx88eoz2e750psegm91ynfgsc63n8ewa1b35tb8rug
889,133,LINK,1,8920591,k38jmzo6bniklhye40c6982k74wm6pinbqgp3o7fkleb3zmwfafjzg4c5yjg62vi
889,159,LINK,5,934551626,tv0vjffsxljm0tfyiowyba7e3d1mjzzgxe2hintirk9a78omofzd5ny756p7xnqk
889,186,LINK,8,15614712,q3ax3lvkp25tb1om65cvujawdxsle9bnmred2by4dat97uabaminoptwui9zd2th
889,211,LINK,9,878262870,sx0ezxedj4lfnao9hr7eawgpl9e55sr2dlm7ux9hms649tsut3xui1vq33xrkgj4
889,236,LINK,5,818398959,pfsvktco4bt7u8wltxtaxyd8yt7rnwfec6ki8o7swwnwf0nh5ob9uk3i55z68qrd
889,245,LINK,9,249616410,6qsyjxy5l6ovfr2lkh90i25ocd9dplmml7q2i4qjqkzp81ybps7keu8hr7wq638o
889,259,LINK,8,504908935,yt1r14ornlp23iddar9i4813yju2lghgun91i6ghsecng8t2rhzac1q9whjheq0a
889,264,LINK,4,45116844,fcxb941rbvy2iwiouimctkbwxpue6ut7u4few6veape7qsztzn7hvz8vla04e7xs
889,282,LINK,4,427968050,hichg6f4bgl5k9h59rqk5xumhvwrujwp1il51xebm12ejwjtmggwh03075wfqe67
889,321,LINK,10,939531696,pwwgu2beok5wfqietd03cutoj99a35628f57qo4j4atehqr5oncpptg0wlqj0eij
889,325,LINK,6,332442141,x4yc6mihgcne575b2onf4ar1mvh3e7yxajhgpu9sr1g1rkyj84vjcgp2ajlsemhu
889,402,LINK,8,134366233,m50ktd9qc85wqppm8hvf3t8xew7r3iy9h4w94tkrvezbp3b8tul21yi6m5vuvx80
889,526,LINK,7,140905422,4zfqkub4q5bx6af82gy0jv12lf94nyvojuhliaw8p49jmmexxsdswyccp25ump8g
889,540,LINK,2,117533939,doqhp45cj1ttut2h4viwknjc9pi0m20wgh9ruo1a59fb4jtjecjgp9y75fnjqmam
889,542,LINK,5,771199089,jbml3j31ni40ed63ta1xawtbr9t3d0ltambwjoagodgpcla5ktgxe8jmec3ib5an
889,566,LINK,6,391555976,pgt82k7xilewr3nm4v69lz8j9jadpqrwmhmtqm8weecanyi4i01hlstzuk9h5g6x
889,568,LINK,9,973858258,lzi0ilb2f5v57664owa7wi5sjw8iz6dzyz7qklta9ti3hd9nrfjt96v55h69xv1m
889,675,LINK,3,62242340,wdbe5gqo1e4fr9h54ysmtswd58674vmwktopzm6dw96xjvv1tjki6smihns7dglv
889,679,LINK,3,858555119,gu9kx88ta9laac25k5iodm2obp70uufj4fqvy2kvcnea0wfq6kimex0xxix4rf57
889,726,LINK,7,474904842,odtudlpwznnotanbee4l7jpdkiq78k2wojcgubdcsb7y692szr3ziqu7fjy4c2ia
889,749,LINK,9,725227630,5uq8tkh1ks2k5s7ttek54hclgcchxxw9jb9w6cq9jxki1fyr91cfqijlsle1jgxn
889,813,LINK,3,921351800,12b1gzj7mxn6equk452w0jftiyv7hema487fz9cf3pbxtlhpb612uhhrxx8ifvsa
889,830,LINK,9,249076085,cmlmzxt4anq94m0up5m3fz0055xu02bcsobf72ztaai9zywmzaexge34a53yy9yy
889,974,LINK,7,933568936,ev5h3zyb66mylfllrb8o9b6ktsdij7r6g27grn3gqqwy2yu3us78p7y03eghjfh9
889,989,LINK,3,121101160,57p5moah8g5wb576xcjnpn2jcmd753xr334jbc2gguxxb5saksjword8dmps84t3
890,408,LINK,3,29608824,axw7sjkvznerb24dbg20801bbxo61i7wjkspspvl716nze55sn8uab5ow7ws8vdh
891,52,LINK,2,732848398,hsw6atxy69undmowewtodm3rfmrchrumw564tdfdyktkhd68wrbrn9to9g637itp
892,624,LINK,7,903725568,l8tmmx5eftczj7eka4ub35fie2ck5dd31jwt3a2t42hcu3kklvw7znsy7mpdbzts
893,74,LINK,9,379965216,7ks00d9yokugq7hu51c1xtqla34t9q01b0jqwd7r0vvnc4hre1jr7oosm754m08a
894,286,LINK,3,185137273,1kptqs7kw6vdjw5vkckl3pghffsfr6kqr2zucyib3i5dcbhnqqx82c69cl9j8mtd
894,875,LINK,6,362792048,pufptclory4fjl8owhc2iv449cg6jmuvnhl2h1n5169ce20ybzie9jdwumm8lx22
895,552,LINK,4,668024795,abwty2qxcrgdwhsdvp84ol997cphv1m54fhjj070zhg9dpq9odc2tfeqm65ltspd
895,679,LINK,1,541398071,7b9j1zuofalplm0dkvqfpth8i5eu1yx5xuin53cmlvubi6c3b1fox7su7lb6ll1e
896,639,LINK,7,450076465,r6osojm4mjbzj4w7hdnjoh3k5ijm4n6mq3tlwajljmrgosz8x53t5zc8gvjf1x1h
897,389,LINK,8,615877628,7iuezwa51sjp26a10t2jjn38krdsmrljfm8z593q7d3uk3x8b0lkmbkfrgwxeq2f
897,424,LINK,3,165956100,xn0f43rkv1x6r829co7hh0h3yvmu0yh86jhui98p7olvv4ppgluiwbj2v4nny3fb
897,932,LINK,7,764354187,kgno04l2yl3jl5kmt9fafwuc51mu0cgecc6vdq14sh4m1nr114dmrayu2el9hx45
898,78,LINK,8,182873741,1sxm8ewn26fyp1qf3p3zgadp1y29th4k69lg3eh27xsqp2xnwevkc5ohi2cglkmy
898,105,LINK,9,223658723,64p1tl2wfej9k2tmnh6z8zdvpjdf0igpqb5o7q2n5bf02a1n1jgylhhcr7rvji3m
898,120,LINK,10,506680516,n0jfwup4xbk2e7lfbpua1m30pd5h7yd177ag8hnia0soagzu8uvjrpz1aa1waxf7
898,461,LINK,2,176871478,8kpluda1ihqtoc3gplkcdk0x3rakzowe28qlsj71zazcdizrvii356io2lv5hll6
899,835,LINK,1,101718692,mx3b4tf4jxvprdocoypdh4p6b0jbmj4pa9fq5ry16g8lt1xshqir28bll8fl8psi
900,277,LINK,3,982859676,5pl7thcedllknwd8bwdwkozdmxhk2mtpdf0kodny33e0osbivknpjzu1n9swnimf
901,170,LINK,7,886350651,u4hi6b4im650dwnisnjy2p1s68tymkwzjjxko1nns1gbgl3gnwlurd6fmkn05g0k
902,819,LINK,2,965746861,jc59fbkkv7kd9rhi9xwpq9rm23y7t010h9lgny24bn10xlajfhzmgie5mmph8o4n
903,296,LINK,3,399294025,8nxsmsowwesjyogfn06fg2q5uqqzhl7imtnnc2zicz4pgdujpfp5lnks7b24wwii
904,29,LINK,6,363908671,nlgnpqcza87ne5wwei8psws0p3ygfl7xghgtdb285hh6xjlbbiagsfnwg120bap9
904,652,LINK,5,206173911,lr3n8zv2iksgm16ijib3e1slfpfx06lyl2ned99sg283m7wr7u97ihqtxd0ap6d6
905,13,LINK,5,604316347,lhdlifw0z73k0yhee3b1v0gdunve7fm4enu84qh5n9bnkhvh3z2ktzk57pf9928m
905,25,LINK,10,731640365,4iopri009av48hat7boclxq5jrtst01ru25n33wnjafa011osealg4sxyetcirba
905,50,LINK,3,942175908,qpabidriwzvmuosjhpgrimq0qykbj9ohmd0kz7qp8mrurgzo30n5c2m861a9j4la
905,57,LINK,1,591829076,6gs2stv066ltx6c9ovgwnwvr0v032i02lqzbfdfmp36urr4t47rugb0i23ukfugd
905,67,LINK,10,659743715,ceytsrbwhdxeba5imkzlx08wzojnon2eui0s6w5ofjs3nwyrj5ozo692ndguauex
905,107,LINK,2,873193646,2qrnekt6iokmkl0s4gh2zemw6vb1wpxi3hhvkau4veg8p0bwgm9uhb5vfmmfe4b4
905,109,LINK,1,450518358,mply5t374ob3jzmejeki1dl03gbc942iot13a3v4gd2gfrqflpn3jvj0ur9j97fv
905,119,LINK,2,106768838,41ybgryq0yddofadyzhtjyjkn21vogxfpmqc8k7onfe80rtykhgab8pjfvb6pg7u
905,130,LINK,7,13500289,ob6aiainn2tso9mld086px7vpctpzbdpbs4nquv8hrl3kmdrqmet6l90ybjool6y
905,139,LINK,6,9903698,ok27m9nwxhp4mpafj755rxd8nm716i68jztcluroypx44bqn8m9wvpbf7zin2oam
905,147,LINK,4,937923007,zpm85qtqix04u1nkb3sw3fzrurtyhlhzd9afc8i2vbmew1xdmthebykh9y0c1we7
905,181,LINK,6,626789320,b4eyup118xkuecexrx7nbgnsi69ktq2p0drv51fvanx1re99bhqvlo2obplkqhmi
905,204,LINK,10,149748757,w1ho16gh0n8gn0cxtj945iknf3wrg99nmn0iysnw1sahottqj2qb0akuoe854zyh
905,216,LINK,7,243796892,ruvgry41485bp0ek4kqyflnadd8cne0lpu6m68w1vxhd9rft5vmejriejm0ckh5z
905,239,LINK,9,686305404,nxkdpbd1bexv6ktglf0rmijaspmtzbhsfdu47ksqt09d9yk16pbev5l1iy0ew9yp
905,248,LINK,1,272373857,7o9hd4pkafnz7suwwclyr58qfd1t0wowikrfn2djp62ywgeg7gz96yle1psc51t4
905,249,LINK,3,940638045,caxkfbqv8tfhfc0ubyfvp2g18vmwtwanyxba439m6wkucjo3zfwtqlasb8g6ca4t
905,290,LINK,10,686530380,l9rcdr7pt9lavydoetu6ueesd6xlsea5wonhb053wmjfu3gd1gzcqliqr8aeltam
905,328,LINK,2,23102698,1bi7xd23wh0qjf3tnzo45q2yqx62jj2kajgf1ugyd7ycpekl290rgr8fewh8ox9m
905,334,LINK,10,830267461,8q733gonmi2728yj4c3xfqx2z2dv422cpsk3u5g9ht1jgae4czbxjzw7olv7t61v
905,337,LINK,6,33886940,gsk1t01wf02kvblxasxlduw6vp58mwemfw7trncu1cxx160op3wymnxb2y1g96ay
905,359,LINK,8,278447096,a39npg2bg9d32zmwj6onx67ev6nrl6nergcslop58bjesux6bviqs27zlkwyrgj5
905,371,LINK,7,204614853,9j4uxbsbkfo7hx9n2a2rqhdsyab1nx660ox2v03amrp8jzjm8oj6568xg3uc9evk
905,376,LINK,2,837636520,gkf84n1y7a8nk084f8kh0yh7bim9aaxtpspsk22lmwijp0257b39wp5xz370nguk
905,377,LINK,10,664459619,tuklfaqn76xb8bdkx91963z7jmsk0mna7kyj8bv00w23zves787zlyafgr54u52w
905,385,LINK,8,923662966,zomyyczvrw4km6j96f4fx1itglttbsaqs44dmbcrt2d0bd5obv84vj22rshf4x8j
905,391,LINK,6,548940445,qhodfgicjsjn8xwytpvng3xsdjlslvvs6bhiv3esxxy5fc1prttvjm7sw5rl2n9n
905,399,LINK,2,650460813,wg1awqw2gzbdpzz1lmbyct9qdgyk84vwmks2jbmweu69cyntamnk9zqodcbl25yp
905,405,LINK,7,166892748,mkwra56d709drwt7ricjs4d76p3lhhnb7ogfzysy9p7hrjkuszt32rvnc0wfz5hx
905,432,LINK,6,91236260,5gba4fxxrxwf8iil8d49fr9ngqumzx7mfjnmkbz8hpx83elkrjs2ikk3867iistj
905,456,LINK,1,33976089,kq5dm6b527zgy3rrxqj6wpqvv9a8ic24pu4ivnu38bu4pi8i0f6uw1u07jnzwlrg
905,463,LINK,9,65362911,h4g6uzwniqjk9w4804ano8w94qsw2kfzl37zcayfzo7izifx7jo5wf1p48fe0o6s
905,470,LINK,1,482307413,m5kgwdutc9d6gbpas0tak0zzoxu31rt7yj6fzpopxy4h11fopr1iqxektkjxfxjr
905,477,LINK,5,61248262,2krm5gqy6hpnv9gd6b49nnojy1w1eagzr8hpk6t2m5csih1y99r7yxgo3pragmc4
905,494,LINK,7,422776033,p9ap82c9sb4gkpxzmllw5i4mmlubqfjtr85thedti1rp2y4josrggfpmfakbooap
905,495,LINK,8,390020109,yslu2cvkdjvlwis76lk083tcbhwb9plyb5ruisq89jrqa65pbtdrjtz95xuj1xl7
905,543,LINK,6,429365288,rqiou0b00i5rkw2xnx3hnuahobqr93poloulshn4mgmop07qp91gurpbbno3twe1
905,562,LINK,2,501895290,4jpzylj4q1fnc0klxwp4evi6de5bk2onvnq14akeqo8juyla39ivpd6sn19zs6d1
905,571,LINK,7,908060172,d12gmaia9vdvk7dnjl0jw9q93gmfyulra21wclbzzt0cbmy4g2yd9pyybpx12g7m
905,575,LINK,8,914786661,sfiupvwy83nph8b2ljyn77o18tnvgutzphhb5w1z6uwij2zkbu9fs29kfl0xlpe3
905,585,LINK,3,859822165,ndi0zmyqzexs2cz0c6jwbonttmv6vyfgkn4xpghqs8fcjoraxjhwn8yhyu57zncn
905,620,LINK,10,469062944,r26hwglgr2fm77ypp91wy9869nvz1r5qzqw692fupl0h5ex34z4w0pabtrmd1auw
905,652,LINK,8,248174239,9b9knp9av0jiosy1suc9v3dga75y9ivhikitag09rz1gbporj6r1pikvjrvi3pqo
905,654,LINK,10,749250384,jx0giig5qgsc7sw0phghkhd9i4i3ji1v4hy6xkgpi3qci0sajenqwuzlw7ot9e16
905,677,LINK,3,511856564,9f2digvh7pwd09ok1o7v9r020scpbrlqfep27awpo2fbfm7pgaeyob1b3lthv0dr
905,686,LINK,3,142662453,57f1hzzthey2l6tzlzuq1aoiiup4k9uu39159ioedfme1dqurqis0hxqnpz37tzx
905,700,LINK,6,427716409,1dn2ks2ntpmpa9q18kpg9829ecjkgklxdp0hme1fkjidbl2ncb0q85nzvq4mwx1g
905,734,LINK,9,25058903,fkf1xt11kg6dv2k82o4bo5gdz4vhc0gr3n5wz7kgwvm2cpm44jr713l0cn6veuyg
905,736,LINK,2,828952256,s3y1ns9xvycfbc1veutlquxogesl93fvum7xl7pjnwr7hjvonx62x18k39xusmay
905,741,LINK,2,366909445,jzitfq39bdrhcfd5f94z8ubzb56i7md59ndkb0wl2wmj66nh5n8v8mr1zwujepbo
905,753,LINK,8,988307432,fgj3v120gt93ar79ro136tqypillhbovivh1n5m9v8no8mv3mcx7ahrbnobdqg0q
905,772,LINK,1,427790069,n640al8gup9dsomxwtgbb2g02femil2aj5j7er60ue8xkhacvlfvj0dewbujkvth
905,781,LINK,6,149825514,7k7v4ofwb3e27ug0l6dr71tpe5merjfr8zyx1yoqwyl5jimq3x0pbp1mpi3ty564
905,784,LINK,10,546147794,ivf0u6ax1xk8x3nduvmvzhu4fbqogq4euv13s0j6weuquu15p3hxxrp3uu00hu46
905,803,LINK,6,77972195,33hyl9e5wzlj4p7zov1e48n8bgnurdpllqtdmi27up0g4c64dukfmbkmd02hmxqd
905,805,LINK,10,371439367,kydafuxejbp1atwt79j5lkbtox4wwt7ke1weu1ywb5ty3h18nud3papbkmi7auxu
905,855,LINK,7,649026935,xujwg6pz0prbfvgecbhrl4mkxzt74kbhr3k63qnze666msj8jlpe2gym6mw0wbl2
905,877,LINK,9,996722828,uke529daopuzqzlzdi6uc5h7qdwlegrznkr9x9re2pzko4v18w3f5u9if1xizwdw
905,882,LINK,9,896905158,nml6yrvkj8kvyv03fwi9triwu5ydd4cjezoqu9da0ip8tm10xaboe9w3bp96m4b4
905,891,LINK,3,819592073,l6itjp71kcmxg0m9l8z1b5v6woay8my2ulc7g3cfqgemm43efy9o4973dhatjt9l
905,915,LINK,3,791018163,zd4e0m0qkrne278aev68tdqpio90buzvz7qxoa4j7c7lv9xql37aahrgblidk0go
905,918,LINK,1,796569067,cijrj9fvrlqxlq1hr3usdhqoyooylgbk0k3s8wysmsmg3ur9btusd8766shy272w
905,921,LINK,8,71153917,5x65hppjvr8f8p5mp7kl0ijdqtqysq7py0q4pz0ufyr7c3sli34mnxhrj6b3of61
905,929,LINK,8,678933741,128pkwo96nwstwkxvo2hxb6c277ymzmj1za3k2qidsywlryqk1ebtj4mszd6bspp
905,943,LINK,9,93177370,ahqoabtyq7guz2kt98njfpfx7ahoec9c45ra5w7utiter2yzilg47sqwip8abhpl
905,948,LINK,2,415683781,u74ciaa4lxrd8hqjdwvenog260hmxf9x5mzt05u7id6qeilpsj6n8c8itm5z85tw
905,969,LINK,7,512984382,7ffwu9xgbrs0575dvz4tlabpj7bl3ncurk7z8f08kdqydg6h4k6wvkndlfmwlxtd
905,974,LINK,1,387706459,9stt9bx6rhzaaath44mmpuk8snxvedk5bcswtxf9n5ksdjci1dw1dy2mli7ydgy2
905,985,LINK,10,398227042,5bu6vjpjpwdbgr0aeyak2zty8rniyf1bkamry3tq0o3f7qe8cesnrpu3qgwbsnbk
905,996,LINK,6,665449910,r6vt17vf8zbyf762ucwhi9mxm7y98xs91wabhkvf5dmvyp14rzrtv3f4j6ty9k2u
906,50,LINK,10,766241702,s2pzen5riysq5nbj38fh5ty6pgscffvoc6e6xccteis8x0bq7coie1kztk7g10il
906,151,LINK,6,589159245,4gq1wubg5x3rkvmmu09ihtlcbc7a09zyod15ig79b7df7d897ubf80fps1hoib1p
906,160,LINK,7,692414086,ksi7x90asuqdnlbck82eqo4d4jwzohtw1yjf517rbn0xlbruq0et70x2v0mz4s62
906,452,LINK,5,581707796,3yg99k7f0ffff796ki1t7nngq6vrt20vjxdog18p7cp3ll8l983icyz5pir76h57
906,536,LINK,4,115068750,ohmj0ocxgb832b13j2ydasndd1ofmc7fcqn1v4uml2fak5474qy1jm9tz29mialu
906,659,LINK,4,97490572,ilha5edq1kdcmulysmrh4c02wgk483k31x6nimn951s4fkb74fkg5tmhsumb8ssq
906,885,LINK,9,570422467,uwjjvri8fgu1x2kjo7711pu1bp6vp7t3i0rc4bj0b5enxgznw8cbamyy4wd52eyh
906,938,LINK,6,784940925,jvi50ctgnay0o1xx35uwjf1ivrft5cnp7yhh083zlzrfzwzao6e0q8tcsxqgvos8
906,996,LINK,2,180916603,a0ar1dmka2p9b0xa41bpk3z4mk824kx0eqld7ge3bdrlm9kv9wg0e92641vcokgo
907,199,LINK,4,965953375,8lgj0jxx6sm6ov3gjtr91sz54hof2piwn6mfi8z7k95ub5yjkpxbyc4ir35tx556
908,423,LINK,5,796169357,1wyxdbb3s3ajhe1h7j2n4il3nl4rtdibqyuqy2700ghuefwbl3w5g0bsl3zl2sk8
909,979,LINK,3,251072119,r3ugtvzuqpdj30ai4yayacb8hj7zc1k1uprphd7jwvlydux71vnlpden8a5iryo5
910,444,LINK,6,92402494,kc1emf4i93sg818d5pf8uwoumtg3qivjew9jxde6e3kns0xkx968j1xcgty22kzs
911,712,LINK,6,961601913,9yoa459sl6251kofgi0mt7eg7f3nz28tknjbd6aqa7q33ffc6ueavev1xq41he4a
912,169,LINK,4,677825308,oam8xcdy1cnar6bvrro3av5sw0jk4zmc1nc6vvevikfnth8tjyvwe4rkd5ws1xh3
912,194,LINK,5,378354643,cehgk9weuh8r6bxtukakdibd60qv6g1onz9wdm8ntom3ha4s6oy1memdp0echclv
912,282,LINK,1,125352545,bc3rgwwp7jrh9j0fly0p31x2gc7i96s5clrwi4iwjfizu79hk7w4i1ald9mq71xa
912,969,LINK,5,66022180,ub5avd8senou1gbd6in9le4md97z3ynsa6xk0ksfz9eafdczvhakyvoa44e0jzei
913,357,LINK,4,501773135,1dq4c5fro7plql8k97sc0eqvbdx9t0ug9ve201hq8zdd3wm0zzggcezu08o6wzjt
913,684,LINK,1,96454818,ji2skdnk2nbhzfm2goiiuy01f66y0chnywlfbq2l65lklh9qtvepxzg6d2rrcc3f
913,982,LINK,9,809427809,kg0aqcbi11t9azykvh483912z1lrwykd82ryliv9tgpf97e3yc4ux8q6jq2i4u7t
914,62,LINK,10,194449195,ei2j6xndsrqy4kk7lej0scvwn47pxrmxjvvs139f38dgrrelhekiw40wvvv4v1ym
914,338,LINK,10,676627216,pvm3sb0vfnh5w6p2svgcjdex3ytyp3acvvw3g5seniqzw7v79xn1xproaql4a9bq
915,736,LINK,4,84588194,nod4j4y3dbrw2orcz83i2frb924rqkuinyb3neccyyp495xz3ytj4jr0ou119y2b
916,567,LINK,3,430317514,rdhb2a6i5obr2u2hjyvskarefczq72zrurenzrhul9gm7irrn2a6bhvaz7hrnfvi
917,527,LINK,1,493211620,td0cdtdg75cpdb4gar7i5j1oim3xjx15fd590u9kgudedcx0xws3gmjg8ce19mo6
918,763,LINK,2,28697543,owukig1ifq5iuttn2lh7zjeyeoeqe3pexf3ig5lh9eiytuinhjssp0gyr9zxy1ra
919,233,LINK,7,648676743,dwbwcckem358lye6plavc8baxitjhsyrtb95qe4k9tox8mr3jzvpa8xg7xmow773
920,103,LINK,3,26491448,g6pnxy4lrncsvftqhxiinkxv942znx5nq9mtaoucq5pzw8gzqqgpk2xim9zeki27
921,316,LINK,1,533391370,lc0gtr9wcsz63b6n4ix8cj1au51zkql317mfwy27pljdki04vw3ix1sck27coaey
922,503,LINK,9,2288853,9ikjfxmsbpasbg6cvfrpzxzkawac3kp9f67q78pkcgtfhopkuq9pli6jmbeto1xf
923,108,LINK,8,611646556,aa52wmhvlbx03kij2rdfxs20juotqjlrf2eftqdh9741yzxz0yiiuiue0m3zowoe
923,157,LINK,7,367996232,pb26bja55gvsh3zysz9ug0k90ftq0dzf1lxqv7g2k0vcv7gdbnqttyihtbkvxxnr
923,227,LINK,6,427238551,luxa6z0xccdvm0p9jlmvurqdxq9v6myjckydy58osb9srqzw2r0yh028xiqdoh4s
923,888,LINK,5,385806325,i7sh80gsndqcygnzbgbit92vxky2ss37bwrjhbnawykhe966njwojru3h3lkftk2
924,71,LINK,3,67887257,q3ikmzsdhmq4tmd69bit0pxvfhvvlhiie5ozmle73niocth6b7xy3qey0lqop4gv
924,85,LINK,1,213896675,u296l0wvftlhx29vbzcf4q4mb1wkf53zagg2020z4ay3ge9csu5j3vr0pf0ttyi0
924,418,LINK,8,80320741,ucuzy2n1vhezwso5u6atkybj5i94w971u3koz9hvrbk9tjfhayvmkuvxflm0c93x
924,448,LINK,9,811377132,q8wnz7ysiuc5eipa8ykg5e2dx3asrlt7ruvilv7ajefmk68yhmsqbm1sg12al8ct
924,457,LINK,5,348121253,9mccrlpmym5b4purjf88i27stnk7x8dnjddtqnnzgdpxts7bsu5utcunepirh7un
924,468,LINK,1,195630455,7rpnly0n022mbs77ktj53bob9pcwpaiy0vxr8ag1z1mu5pc45714epehkksse8ok
924,562,LINK,10,722349117,n7zzvj7ectjsdk21pz4u1fv7fmy2e2m9mnbidwr2li5vch18ji7jnvp48461i9l4
924,580,LINK,7,180793294,x15qc0a9g453l94se16a4r2yoembk6p3mwp2wq2m2v7qh1f4vxk80w44b4xe28m3
924,690,LINK,3,164801884,b3mag7uhd5p2gfoqw62oszhm3rcf8vflz90m56q2kxcjxzfgy6o5638awnbgb6wl
924,733,LINK,8,221133009,lnf9ecpty2wwn9k15i8xjln6ix8hs1mukxmnr1lho6jcoqpr3ryq9sbqt7gz91lx
924,905,LINK,2,490128556,op1hkw4ytwyony08qu5ropt8zjz22sm589f67m9a992nmq2q2rgcp6ywtmt6r2ey
924,914,LINK,8,203516120,c7ho38rcs37e8wna4avsgfydf02gi4dujvbnydxf8bnsd5ku2oebw211lqxe3luw
924,949,LINK,3,900857071,r92170p016k8tz7vgqy8cpnv98udkejynweygyhf0xuek53acmh1hwy5pjr79w9s
925,606,LINK,6,528728577,eyi6hmv63ubef9hd38eqtdxu9zsu76teu2qm2c4pbg6mqt8h00k9qdzt1sb2vldm
925,773,LINK,2,918969664,g79tl9tpzp0vjb6vzqcatnd5or4svogrrihx572oa8cid0od94fl2nz53t0mvc7r
926,109,LINK,3,632717592,cs38kzeccyjsc6w0akh96902jbamtfn64dk9bolsx6uoeonhwg5d0ejk51fl7bdd
927,181,LINK,8,780462435,wqn3id6d9anxx4ssg97flordqdppe0eg32mqvl7d5j77pxp3ujuhydxxah9fueus
927,705,LINK,7,4924734,3ozbzlywvtqf4a7npvtoncdxsnq2dleru5a4jh424hpabvup4tn156fsiy0xptv5
928,278,LINK,2,274600652,as1p6i4hlh3re0l05lpm833nz7j67x08792j89ag3y9smtevp0hu49kp38jff61m
928,334,LINK,8,220539435,2ckaq0f09nf4x7rbj5ecx3fa8uu1unupnszkbqoqrfobjmfdo2poc8mxtjqle9d7
928,572,LINK,9,594180629,9mtrkc3o3wmcoorabti1cz70uwzh9oyhxe5zxy6qbq1duvutpo7j3bssfdnam0fy
928,893,LINK,5,323289428,o4lut37zlancc2q07vzgy8x70zy884ig8hm8c51ua5jli4cuftjck3y3w2r16dw4
928,926,LINK,7,434488842,dwyhr3n30egqoxvpidphi7r1ghn01kojkr0is2pyrjlzowi5brqf0qf2coyh09f3
928,950,LINK,7,111797627,t2t90ycwa77k450exn6roxm58zgsgcrtrmgstfsypt2dmpfef9phecxql9fcb45v
929,804,LINK,2,687844150,t730532pfdqcr2x9yxzjghxadrkudw88yxcjgwt6gd2n6v0vfo9xb7a97a6srzw2
930,731,LINK,3,602292097,30otpvdsmg0v4i645obia09094f2y6pf5ab9xtzq4gn1bi0vdys0w1m12msexvul
931,168,LINK,10,900354836,katucfepjo825kpx539kjihajemiskb5n95elzk1gzlctd3lhxieu0s10uummkcg
932,723,LINK,7,708751107,lny5939v6ck1evwadkeq7udewc66iffsn3nwexvi91ct09rssdj8vq7o6fu18ktj
933,561,LINK,1,148720995,yl4zxjwbiba8zo8sn5lctva3vhwngrc0bgapsenbsctv3fhg43hpux1hw8e4n29r
934,565,LINK,1,267372754,5d4yv6davzt9zsb78walzb5lpcwpswwip9c2ijsa8ns0dk8ijdn61h78e0temkn4
935,179,LINK,6,994762938,vs83vbpr8oj7xr1rwym1z3fqfhi0j2gu9kr7fpangyka37u63gkgn3p1tt94xh2l
935,508,LINK,8,984295453,gabrvxm46y6yla69g8d4wwphrvvtlaz9hmi3hk77gkiu2ft0l5axbyu9ufwvyagi
935,592,LINK,7,346776876,fh98ur43h8yyy76apfqghq3oscyiudop6e53w0818bnno0kbetc6tl73eojetr3a
935,807,LINK,8,880488649,48fud8j0q0rrzzslmj72wfuptk1ulg0njxhuz7d5zp1aq2mmrhkgti4j3p7mhari
935,809,LINK,1,939158246,1n5ewhm00pq3oazg8l26wmx5xdxk26bobq51jidnfpv8t9eht2lvfgzdtcjl3t3s
935,890,LINK,1,329154997,odfhcxqepxjqu0pr380jqglqgatjiov5ere6scm7dfp2c13az3o5jqhjxod8i6sf
936,768,LINK,9,107327645,xwzsi1hu83vuost5gqjmsoizdub1e0fe5t0mjl12xmy1hho2mjwila90rd7skuim
937,230,LINK,4,829117265,lzmbc6ldj2jngu5yexso66rj59ud29t0xuh78lw5gy6zobjr9ss92aoratrl1182
938,28,LINK,9,776264349,27x9y1i5tz7xta40fs3s8pzol63s79npxhuzdcsrmh803rzkcqyqtgedlaorao92
939,995,LINK,4,190094166,b852gspqff82ysjvixsg9h4homh1y2ikebxw7l236w1cwvnqte0xmugg4840cajc
940,28,LINK,6,900022461,udz6xyl0hohgb7yk8onma0m67q1qhb2rypi1hszhoxkos5h8k68ovgn5pg8vh5yi
941,151,LINK,10,971867095,dj6zugjra9ntksqe88e4zwhi1r7wse2nl7a59kl72edaf4bt0wwam67vcny0l0be
942,29,LINK,7,583172433,gofy6n63tt3le8ncac3z89scj1x4nxk9mo8ia9v34g1du3twyxn33l9cf7bsm505
943,12,LINK,10,841192480,3iugyrt96g3ateoyr2ajuvtpenl0ny2wz2aqbcfxa5u6f92hxuogg5iu63c6klni
943,32,LINK,9,645904862,4dfcf4aldvi2we7irvmhguzlirjjjzvew7qjl4nnzf3xwuaqvvf6c65fh30e55kz
943,204,LINK,1,917825849,o1k0uh4iqfo7j44nuqaqahxoitjsun24m6lm9e4hp55ym9b6qjfd95g7us06aobb
943,223,LINK,6,390576458,fi1vp7rfcqeqhkilf7ch3e0uy1ce3zuf62bsa13rwd4jg3l0j7bucxynyxc8swtl
943,235,LINK,3,979904864,l1ryo7wa0nh4k5rweb05ntvyayjxy3gn532j4l86ggatzeyh082fw32d9iomc7ie
943,266,LINK,8,461704752,s088e2b3eyypvg1lsnbjt14s3ulnjen6pjou3bd14m40unliezbfnpk0qvsk33e8
943,425,LINK,5,713253980,ingqk0ghy7z317gbbhct28eltmq9kcrl1ketynxwk0bcjy0et42gyzc5xb3xx69h
943,470,LINK,4,318866284,z1tbp2ku3oy4l51wevvok3e235lpupz1nurt6rd9fgq4ar6qrvx7cguz348cnlg0
943,488,LINK,4,785858020,lsmw15z5nft0m4i90oakzwre5p8q18yff7woj4ghvn1o7z5zddp7468623iuora0
943,544,LINK,9,314986945,xpxrinl04zi9uqh583d5adidnj1y5fiw983g4rom9wuxdkqsoqeq24el6mwqapmk
943,546,LINK,2,600867565,x6g4swqgnt7wxse0zq870na2tyop0xnukjzrblzuq8c7njbm6axquu65wf09sqgf
943,550,LINK,10,409741932,ad8abifpu0gf1u3sbsn6eqni2y9rrkrqc5g9x78bul7jiqgbl5f64krix5xouz77
943,630,LINK,6,934695336,phegaz5f00kymapfpdmgyd6whqg8255cvsekvo7348e98dtslsuoi3pex85aqsmy
943,636,LINK,1,449304435,kqtiisz2zvesdgrdaklstv79h5ur5n2bqh7852ucdq8jz55gocc880rvypnvs8e8
943,645,LINK,2,518565040,afr2ucz3qec9x7npq1rp8ra4hsac55vsvpk6qfxbvt9lt1y3p1qlci2ahbm567q3
943,665,LINK,7,49295607,753uigy6oplcrcodk3lte1fy1j641tvceu0s4glxt6nplxnx5nur0p35dh4qalrm
943,685,LINK,9,150802554,qk7ppsz4akzlmtfhqz5oomfteye6ezrrycqhbtw32slq3txb6pxoax4blgg7hkjl
943,693,LINK,3,768965733,qzrh3z36ywd4k8ggumn2bzplglkecki4b8nhapjghpblm3n39yqn4gdbia4zvk9m
943,717,LINK,9,894652684,iv2vawxau8gcizj22g1k0m4uly90hbuud0vmomhfou47tal57j7k6pl8aa97d3er
943,726,LINK,7,249687521,b3ns1u3qnaovk8f7vsk37qeu50vdhp4shcb22c82fujujg2yigaepb43orws7ir1
943,791,LINK,6,279843475,pedxe8r9x86wsxh6ahyrma1bt1ercwohs6er1jpq4hsfpg6c90jk5qtve9x4lwp7
943,837,LINK,9,54247843,7h1o7g2524opy0dwwcfj1jsjpgrb8dg3z8ph1oqead5h3niwrnvenelefyc4npw6
943,936,LINK,4,482440249,adxbqsdgm0eb1zohdrvswknzf7ea7ar2tieo7vhbya3ss22tilaw1i77ojqqbzay
943,938,LINK,7,487702709,0pfhu0v6wecd1jlfjbhin9mpysy90o5ptubu2jpsyxe5xaelmetj74vl7eyzcqg5
944,697,LINK,5,51122317,kpx00kud4z5boh7cotqw924yblteug9wu5ewouw41ihn1limcd7lks7jj9q92474
945,29,LINK,5,849607087,ghvtz10a283zxmd7seuzva4uzpksj6bhx4btx4voopj8a1pfovowqk22rt5n0t12
945,129,LINK,4,626747665,jtadvgdefzc9js1pw7gtsmhm0jeu0wy4qzhtrugu8rxa0p1j5gd77nyx61q4cqxo
945,450,LINK,10,252130994,hfr63daz4idyuvc5wt50bb60beqy54zx1ro7xc2ckmqc12ygltpfyt5gznz8nvjf
945,834,LINK,5,51406282,mt37xjvgx3oxkqam7nuyoenc06b8bbp1ekism8g8oppynu9sccuq3y7ydzlbtro6
946,436,LINK,3,291363402,y81m9dy01674cl3alqwgtuntyxu1448codezqje0uuokb2evuskraapgx0v27k21
947,837,LINK,1,930606802,syow7kiu1u8hx7l2ev0el29dif2buuuhpa4ntv284hve1dxay82fvxfx0q3f3gwo
948,241,LINK,1,806849485,80rlvlbl4suhgpuol0rfwax0oxe0tc4zvycc0pxd8jh7gtgomhud9qcp704zv41l
948,401,LINK,1,868126975,dm96ol17eosixhgt4s6vvj0rndnk0rea9v91bqbmai9gayjctar682p2wmsbkgt6
949,251,LINK,2,1817686,ago6gislrc115ynhk42vuuvomqm9j6mmn3vscayhpprqul2k1x70iuzcvsyif97m
950,604,LINK,10,578947696,2jd6byr0z0mt4hiofems7vjysbr4qus1dl4iib42sk9yjwar09r4k8cjboj2mh7c
951,73,LINK,5,608453115,oyfvfjn7655eerqluxejhxw19i25ta9kotykvrggjl6pcznlpwbx82f205nkj52n
951,147,LINK,6,725433772,fos8s9g5qaz03gnfaqnc0swlhk8xt8wwcl2j8kd0ywu8y34zcjwwe05fcm4f473t
951,253,LINK,5,752752000,k7rclskoypprbzab7dsl39jfmx62na1pa9jf3wdwfshsclyp7bmw13uvaf8b76x7
951,289,LINK,3,678008696,f8ll4sgvu0oh93v5uk7g0bb3tukp84o831od5bg5ccux35oo3dcf1m53tzqjzdkh
951,371,LINK,2,89520392,rp0lg28fo10e2o181m0hixpg7v7w86jp9nvzh2brb8ppnl6x738dm9i339089wa4
951,461,LINK,3,669165336,8hjqbemmk4yycz3t7ov0cz9v0txsau1yhrnc7phm32bdju1bj1nao9y5fz8knpr6
951,513,LINK,2,570590902,9h5bcxhhwaz3h6ncc5ftuuvmddvuqlwns2uo5pt4803sw7zubfgy41vqxx7gc0w0
952,439,LINK,2,798628584,6mm64a4nrzr5bk7i6y2ax4cqqtmjdg5hie1ma7w9weef1s21rw0hs8u4yrqfu2f6
953,14,LINK,1,542008961,b2q8lz0vlrfw0ws13adtkezmeg3u44nve52wq75esu0g70m7v62wt3fwj4vpx4ib
954,194,LINK,2,694190746,5xhrh53zq4wgfu0qhou5l87c5axghci2ejcta7lzz96o4m7n2s3qrnk4z9y1vsyz
955,176,LINK,3,398924145,mqjqx7qc2axzewo7xkrpjlxdhvfviw721qet5ikbuz4e1pjuyj7bwgigoktbhxpa
956,990,LINK,6,889597202,5a2m3otcbhy99i3m0pl1xex94it65xe8fekqpwxass92mxtx4hd83w4i596kem17
957,70,LINK,4,146781588,ae3gayozejic6aqvmp5o1nnfpos979f9c4jtijden1v9c3l7o75d2omvh93kar6z
957,526,LINK,9,632864739,9sqq2o4q541b9tssj002ytca9jz33mg1a0xeyu6v9i25bfw5w9eall5irzvnxecn
958,136,LINK,10,746522664,9g4xlp2yd3p863p9yga1ucs8lmegjkg77anp7kwebnktt2rtxjms9zrnvkpbigp2
959,82,LINK,5,91188069,9bz22iogju9xuxr2flfsg8tlstferq17xlba1cxuc9hfwt1anu89xg9d201q62v2
959,418,LINK,4,46346235,32pw70gp5a5qpk1npufhndtt5m7r0chbl4191yegz1cm6g4x2freai03bo7851gz
959,556,LINK,10,661525080,yp19sljsv625xr4l9tm88aoys23kcsg5v3ocjb93iqv6pfxlgtonl9lnthdvpwz3
959,939,LINK,2,849938589,60w17t2yahokareynne3w0671m7lqhiqe66pw1h1q60hyoyk3v4p0kzqd1r0cvvw
960,1,LINK,2,77970640,fyady8agxm8go9gg3c62kslir33bogu5kyo81sw7wfws2f8wzk27h4sy4ivrs52g
960,6,LINK,1,512062621,5v9jzsja62q0yn34xlrbspdxv0jlesrj2qhos73hz60irrdahc0phn6kkg0ijdr6
960,11,LINK,5,328625715,76u4z78rso3706tb531br9p3ziomulh9r7mafhhglry5r61e4mtssavo6a3pf899
960,13,LINK,9,328767685,pxsj9cb35ed8zha4ohf7ito73jfzqy3lcrndqmjwl4youfuka1g6t4844pgymtdx
960,28,LINK,9,348798060,o68aszmlkpa6wleewecjsstinkpzygq2v4jsy8izulxuz1prjfclkdw6l01fhta1
960,59,LINK,8,198116769,chmjkuybdanrkeyrxkqd8dc5l2pwsgb8hbq7isp2dbdynbep3mlnzr952sv31mjm
960,62,LINK,3,982015189,qyr9v1aeky0w41bpj3zdlpqo5g68q9ok20bzs4et6i95pa93mykcl90h9m841jjz
960,88,LINK,9,993653893,e7o8zpls9h8ixtxoejt94inp09ew6fir5vhf6qezgdseanxb5lcf34ejtaj8ul9o
960,89,LINK,4,330697009,t09zos4s0c4lsize8xty1zpwyy7iec1j5f6rwoh9lxuxvviwa6yeify5ljdv81co
960,107,LINK,8,371759612,0y1dtuylzyj3hv2rq77apcayh7cn04vtgtjb16lwfgv7sk3ixc479qoaz23ktf9u
960,148,LINK,5,507201302,x0u33ihs5373pumdhz5zxiz87um978c8711z25f9h1q5obogsvx85d7vwa5rordp
960,153,LINK,5,531286662,bm2w2133t07ip1olov20ljdthr5ttbvhcor5zcb6iylajsass5zet1o05f2ls75z
960,173,LINK,9,869184606,vsjqc8j8ilkwx7q17792bspsf3uks10gw63w7dym14qaojgs6q90eie659xh69xm
960,181,LINK,3,577046644,w71q3jo3ine1vnwkya9r6gwoj6m383b39utmpgpaodmrm31o3hpeax3myuj8kwac
960,192,LINK,6,281455221,c5yl8wsmcnobz1qro92eo42zmo3i89f35blfjmur2lb4y0b2xfbsqjh3q0kahpbk
960,199,LINK,3,485035053,0wi0qupzkiy5uvkvtoieaqyai4pgooiuh148o2dhcsdsdax1y81gwicob9kdrjoo
960,205,LINK,8,879697826,ceaufytdfqnlsz8wv0ru3rh8uh1x1x6ixpe74n8ssyjkczq0meswbyx8dw3yriyt
960,217,LINK,2,912991588,99lihkvk3pccoyu9k1ros5ei21xjb5q2ftas5dskg67zfyq8pigaljgjdwhv0pwg
960,219,LINK,9,905644926,iu81x6slen1ndzesz8jpqhw9xl7b3jfkhzssrrqfv92078e6aph9s7yvuxszvkkx
960,222,LINK,3,428418681,h0pqsmgtpxof1bc4w7vjynu03p2yclh5094p19e4el6ukwmc8qieyh9xmnghbvl9
960,243,LINK,5,331288684,uontalsvutvdagbzvf35y6z4mcwakvsu2kkfhz9ldc19jzk9nkz3at5h2gu51oaa
960,275,LINK,8,293006456,ltb5fo1vh5direcwoimhqey23yyat12mfofgybyg7lemhtvz60ry9jx342u3eprj
960,292,LINK,10,713250722,diaiqfz7jmmd0kbi3dft0jqphb9ycp2ew73a2jsqbipwxo8p8tby87yg28wxlado
960,297,LINK,8,719194903,1hev4bsc09j4zrv0557x8twf7yhxz7n5aewc7w2s725e1lmhcxhz0mn4lkda135r
960,328,LINK,10,73705885,gfem8z6mbdes95u5rh9o7ilwfq3ie9gn15rdtbspmnqa5x79xarag990rsa3p1ta
960,345,LINK,8,839199522,eus49ohfrnohki2a2qgjp4w6zef9dvogqkdls87laksmfm2k43kam237xs3dzy05
960,351,LINK,2,528198361,1fpuprtx193girjp22nfgvyckt31pmjnbw0p96xkjdlok74x3i4n8w3lmb5ulntp
960,352,LINK,10,662626944,r4zyuwgup4tpk64q5yd5x0cjxatiuuzz154l0petu4ki2ruxepjngt1hzrxj2m6s
960,370,LINK,5,669379932,ar9fkbjuwpuhvx0nvxy6byp9ovg5zte81f6qm2gpcxtevf77s0fjwz0mqoxq7rtu
960,389,LINK,8,89243521,1mo2r3ft6auomqr1scgs5it3iph7c3v9oqxev5mr6fbe0xazb5fbwlx1aaf5remj
960,405,LINK,3,572791807,m0jesgv66a3d6yxz6wyz6ql6fljhi7v1alunflsjcubwdqzorjmswvxlnmd9m44f
960,411,LINK,9,145558936,wgt0w55k7m9xs5kr0zphjs46i9o09ia4n09jrr6xellltb2i6w0r49eforubemvj
960,450,LINK,6,395782831,j06v1g17006zw6b2ga60ifcdpnsatvj62udtnwqr8et21ok6e6g9hzlief7clrys
960,466,LINK,6,940713885,zzjzwtfcp30b3yelno2sinit3aq12glppl3xu0qry1blzjxcbbrqlh4i0tcjdq8e
960,482,LINK,10,683378460,uyfgogbr10yk6y3ledpl66708z1pez3n1emqgjwop72u3n0uxpplq8azbw3ga9e1
960,489,LINK,8,31723646,jirs8k6wgz0ut2tthc3nfxph7m1mbh1n9tmm0z2darkyz27cj7s28vj6cq6gm72l
960,490,LINK,6,442353513,jccswjziaxgiso8668eomgqwo2cg81y85qsyyhgxz5mr5cg4orkjqopfzqpweily
960,494,LINK,6,561631322,kb5tvcflyyr93umwpc1i6t8p6009mqoag4fvqwrv8u7rza7mdvc4ctdykcgvze17
960,496,LINK,7,198454824,0lly85spqj77qrwsd7nj28wjqde6dr1sjtemirmdlro5o5eimsy6bwu26x5czmtj
960,497,LINK,9,986917554,ec2njejy757vyob4hjq8zqp2sb7dikjst56toe0bowzgfzk38gsh57g4rf42vryl
960,506,LINK,8,782613546,f1nuhh6pyc2chto2ufja08qe16sxvvzldke3bw3u14gft7229hqkthoim0zdl4ov
960,520,LINK,6,336722705,kxtp4yjti5awc6hkm50c0re3m1l30jzeeoxj64w46xrn50qatyytt7sddopk8goh
960,529,LINK,10,865392956,82dzhr4pweuy1pwhi9xgasqq36etlaf0k1hun2u4g6jzmh74svlmvlvrcdjmrnnq
960,536,LINK,1,798109929,bk64q5rcxk5vosaw39lf594sf7dgvv0blvgqy1zcb26u3ciclco41r6tzz0r1ev8
960,540,LINK,8,213734939,dbeho7qsr8gsdqcscbi6k2sbso7evba9uo14e2qqectwn0bvbs8xwzn8umtm9u3j
960,558,LINK,3,491409375,mo7khdonh3k3bufxctqh6lcv8rsixbi1d4fmbj0zedegm1usckbg4b1ko5nib34r
960,567,LINK,8,364385294,s8rgt9qyy3t3hbpmmrsms8k5m0cy52cnhjiz8w7y45l0jcqrhr345yiouu56ptwn
960,574,LINK,2,287636417,cwlj32o5ob8j0lvoel1f9k1r1p43uayetsonr4cm6xlizb1ddoy9mllntfzg9vht
960,577,LINK,4,533077593,ye4ws1y9i8svygmjwrtpl5jet23iy2zk0grabs6p35s1rojdk56b8vml7rrj0klc
960,589,LINK,6,834359952,mbzcj6ata4xihqxzkricpua9xrtt082hk951fv0xbukwup3oe1uxpg7o7ls34qrw
960,594,LINK,5,873279528,hprv8fppnfdk89l2mabv0301cfv13tzaree90axk9ka2uk5o2icjtytccmzwg6k0
960,608,LINK,10,879683917,fyq897jbw9zt0ut201sgkcoeml7bl1dh825qotvdq00uukw6q9xpfdtffu7u8qup
960,631,LINK,4,931893125,1arxfc0z2kwmqx4x7e0ztxhpc2a2a7e5gxjqfbdz865mgu4exbmg3k92zyvy0370
960,635,LINK,9,806722499,ng4s9xege055m5dnfz49v46coaq76jitf75k8zs2tnetdkmempz96lor4ic0c4n4
960,647,LINK,3,832473105,lcailyehypwpk8spddnskgkf0hjqc56m9b8ck8y8q1u5lxhbfdweo8i36pvbodak
960,649,LINK,4,910981822,bt1bxy0che5xzeobd0n5zpj0oiavpedecubds2393prp8e92x49i8iufhonbxyuv
960,650,LINK,5,387062495,hw7cdjj0i2lakjh7ogmrnsfo7hgvmmyt1mjmm19fugx632lpf10gqrljf449841i
960,655,LINK,1,504613203,7ufzeky4zd79jny9w4722pl0bq6q9wpp4n803cfrfkfoxyt0q7otv9llti36ztb5
960,661,LINK,4,207804091,4bgohvh4qb0nsbc88q7vluy91vhn17wh1s2xewy1wghu3fghznte7835dsvlnwuc
960,669,LINK,9,885209046,3udedchnetlxueqgh2awmcpqtu6lxijms33weup7pmxo5127vhw8lh1ucpv84cd5
960,686,LINK,7,644014346,unhuz24tneazocw1hzsx324kj9kannto9cdwnr4b1m2b2i8lo56ijggmf1u1l2yb
960,690,LINK,1,768085734,hthu6s3krlygthua1xpbf70plzxrx68g1n0wt8c30zn5wauvmmtk5ls7takoq1wm
960,693,LINK,9,181075464,ldsd59mwo2nerj57lveikra6jq8ax14llci1sz65l8gja0v9mf7szl1l94v3jebl
960,696,LINK,6,149590869,9dcob50f4yvacsveyig2p0ui0kk6jzxlwtkqpmb4t0h529ccq00wgec8p4c2vyx7
960,712,LINK,2,277519463,k4eyiow94xosu0jwa2ht7xspmwgsezvcda7t922yyryayan1u5o1tovpc8qad1ng
960,719,LINK,8,599263478,3ijls4v6doznr3j7o3tismkjixdyir0vetd7vnmu644425julmjyrz44tlx9hg17
960,724,LINK,8,685558,81u91vidsg2utrazglwfbapjyq5h7pzj46305i22n9dx4wzc5s03aks5qqtkqa1s
960,742,LINK,2,656120296,rjhf30et23iey861nvyfv58lss6clpmdh67t9qf2jvofgcmm2th0nhu29ysbjsc2
960,745,LINK,1,156875558,o2pkfz9vr1cnrev1efbkmlrpwc29jsh2chrg6mpuhjk34a7frf48lj6tndd1jbuk
960,758,LINK,2,271168505,3myl8br44afvg5gkr1l5u03e2cpvk7lk8zbpcpyh5hx41jx4cszhju9d3lo6o6ow
960,759,LINK,1,490563084,gwtpcsa2fhm01w1n4f65yg0tjjkuf8y09tkmemejsd4d8t36ddgydv8dw2kc400v
960,761,LINK,9,369871421,nvwmxp0klt4mr3tv0f3enmuaxs0eqjnw6l4r8j15xmzb2x0gz41i26emdlwr7qhm
960,762,LINK,3,252123821,tl3q84lr2rxmy0wbr5ktc1obp9qhxhiw9jyu6d4qfiyalfzx4ws0xo04q0liicod
960,780,LINK,2,988181327,uhtr976w05d7h8se3n2m30ve2ifm8utokon10iio2wynbq2ub2qyrpt2kqfv0j4p
960,785,LINK,10,787161777,yc9kfcfkcg3yoh4b1xd2cwvan2whzb9k3a9nertpggirn8kor0lmm911r92x8m4y
960,789,LINK,7,589293293,br3mgedawye63w21jdxmeopup6748c7p91jaz9lrnmhe19mt7uhxybw1j7wmva92
960,793,LINK,9,562620646,rmceizz1dewkxfucqj63eeexeih0f7n2h4bne79x3wf9avhqmnsdk03qv1d3dt4x
960,817,LINK,8,564764730,cb34aru17x6ux44ef0s2rd7zdq1zr6ujsjmiaqxcid43ie3sqdhy04447da8isbp
960,821,LINK,1,921881914,pnlqsg45dmabyaljm4ucua4s88zk5f038x7zel9cyglsn6ktn37mlyyo1f985xj3
960,869,LINK,10,783743633,8c00wkpowwrc1nytz9wu5ia1b6prramf7j28gd6oti2bgsgqs4hocslpgqh6ucjy
960,879,LINK,2,460221867,6wt4bp3i6m7cd6v2nf9fvjsxx9d3tr2rmwmj42wcfjkbfoje4u13s9cmwrcus1yn
960,882,LINK,6,340114999,e5j7tbvsbfxhg21e4s99f6bsy9876gp7nmj8tww5e3pw2nh49gz6q4tzsdpt27rb
960,912,LINK,5,101930777,9kcwdzifdob0dzn6kdyts9m6boabbnmd2lqwg7in72t2j9yiwlhy3bjik0hodhr9
960,915,LINK,6,291611845,9lmemoengusxjku3qlqhd0em2zykawsv9a0chahvq4mfmd8x5fl2oht7z94bd2bd
960,940,LINK,9,784174141,ls7zj48wqe7wvp6spcdy9kyezknawon7jc6vs2dpxl6e6nxmrxxvz4dskovzl8gw
960,961,LINK,6,261878527,9ydb3b6i2ieiv0xuwcnibwyzm43cx75yz24s8w1dbnexblc64z5cb0kz0m4jm7nk
960,976,LINK,2,317502936,ygphc12betgoug4m10m79pbumqg7rjglsascgfnhuxtrdy1ptiyw1cz6ryr6oniy
960,980,LINK,3,524165771,ykb7ai3s17nv14bfslenpeqbp13r1kpjd4h6vayprm8mz4zw3vo996kargea833k
960,995,LINK,3,763241903,qzxo9rbr9dhj0thgv2hshebagwd63u1pfl838b1jbt68b5rju3thn1xab5ed6lf2
961,574,LINK,8,356387053,8mtbxzu49xld4t5o5vzs4p5gud0kszy0ktstairzlrq4slessi7sij96at5djjcl
962,978,LINK,2,890530915,mifgneyn7j5o8jzg7zlu7dlaj8v3vleurlitkanfnjtoaujs44spm4ok0omggbwi
963,829,LINK,1,327593541,agbwa867427bechp10f0r1diby1t6k2gzg7lrzl82bk1g122o9s93giv2v0b9one
964,368,LINK,2,912127639,h9tjjh1pt3n4e27tyedrsvdpc1ad9w0yvlrrlmoet6yii73l4rcao8ofll6upt97
965,301,LINK,5,35147345,vmuy401vak8g7lgbh9lptwnmnlag50cbb4m9nyggg1suha47dzlbjjs682qmz8ud
966,251,LINK,1,990071423,acqrly5auwhrpvr0c28l3emtrhakvcd8xw9w5b2sfsd039kl5217szz399tkwy2w
967,926,LINK,2,825623254,pek76vqthi16xqsmjmd53z426e6wnqauxajyl4wpxnak6syq9cemh4zhozpv9yhe
968,280,LINK,7,173312718,o529255j26ixm5re1mcx4nrhaapl41xdd0kmuzfsyqglfqvn27vx7gqhleqxw2n6
969,709,LINK,6,272064651,qwbqffishsslsk62ady98wsvr8i2x6ijcjxj1fv0pxa8ttl6p39y11x5puudei6o
970,307,LINK,5,70870386,scm75acye481t17vjej09ra683xyk178n402yy5xruodhrzvu98tunsnd0kicpc0
970,348,LINK,4,267958875,k6cuwenahn7kiiqt12v9nwu8mlk79qnsnz566ldwzsy5sh3bvh7tkjq36fbgmtts
970,541,LINK,8,272717353,yzy795npxff80xzo00n65fozgvtx4xw7i8qg88ga36lk2wrn1ieoklbl7esaa0bc
970,577,LINK,2,114536302,fgz9romyclo9iqshhcm6lwoq7a3ctnj2dla3mkvgk2qykel14bo3gthrr5q7gkci
970,727,LINK,7,38087175,isdu1vz4zz98v2z6zwx0i8hsfve1cmg42afy7plgt6e06v6xk99bjf82rda8xrsy
971,929,LINK,1,575431437,b1gm256xsqmhmoqpw39lxy84fcj00o3j51va2xdfyltc3p6b4ltsigb7olvn3xzu
972,530,LINK,9,509347528,bkjbflwknemtz8m7dnfjcwfo8hmn41bbia8ynp5einwofsev0ahqdicbrst0g0t4
973,139,LINK,7,734120317,gdgd07gsqwlp6fmirwkmxne3l4ls1a996w7nqdt5vspnuzen0a3txg2xuj10q804
973,288,LINK,1,36173997,xxcsgekcxl48nkaq54o9y1gu8t8m1w4eq1tjeogdad573srepbkao72l0nmoqtjf
973,384,LINK,8,25301496,84stjb3s1e48uy9dlh5laump4pcsktn3avco69xb30izhgp0por6ew8glata4spf
973,543,LINK,10,894567444,alzqhkb8qm187r6w7byn6wru2fxervu1i35lyr8njr1bxp6m6s7cuyvisr1m29g4
973,649,LINK,3,152827413,hjfd2hikf3wa8nwzejc51onypsyonf7tn1kni0nbsb5aurhcu37j8qu1a646p14d
973,755,LINK,2,7745154,knxr8cjv88b1ypq55q711qi3aub5ig0h1l9nue14ek91p9x14pktaf4wvh7580qz
973,818,LINK,7,854721711,3oezaxi2e9qmz04r1wuxcz2ojeatcxf7rangk3vfw8qyrblgeoez5hbdd6gz1k9n
973,833,LINK,4,587774074,09maexmiroqe7lguhv3d2v6k1w6l4u0377y150o7nsyl87gqzq45xddbngnf9sp1
974,585,LINK,1,302446109,ews07at7f42hpkn4wfkdyooi40pkgel2kndg713ppyw47nqnrg5a5rvqi6to5gm4
975,68,LINK,9,288709293,oag3qvosaf9x0mxel1du8fm9chvpwqe9ijcjzluhhx8s58jpnry6zknzldvou7fq
976,76,LINK,8,301781940,rhnwt8dwibjn9q1du41mwhxwscts2he0jxilftj9ujbo4mbzgf7rgyf49pmgw3su
976,619,LINK,1,516176176,ay167d2lw4118bk9q2dxo1d0awqq45naj6aw9d58ue3n8tx8n6ukgd3690pw99ht
976,696,LINK,5,832741055,33dgqswls2u9fuhrkpm557hyjfhe2odfwfa1eq30e6wt2cr6s45lgxfcipwicgax
977,141,LINK,4,514435019,r9vyj2c994rkgzdia4j2tn1krzw57u2c3fhtf1w3flwoiep5bj7d0t168goaue5o
977,800,LINK,2,308303468,6xcmwhajdb5xlutsjmarrlx3zksebwu492mlxg884eb7v0aig5o0fv97b28fv2bn
978,88,LINK,2,250184643,7x7x2p7vom2kn4ju8zpeteoshasw9bkxn3kfsg0kzc4g6u56gsimv0nplixvi21f
978,313,LINK,9,188483541,z3jl6vhnk3uypreswln8hiu4xoaxoomazlath9hyjep2ap0r765961bn3ktkao9j
978,519,LINK,9,72367219,ucs9inkjpm28ohyndwvwa215gtui9cnpfxz7pxv4hp40lwkvazxay1h2fdb8bb10
978,531,LINK,2,913356962,etwgoqxa1zqrmyooaiwfds9rcxfj9y7i7vz6f0szyx4frbvs87qle0hxphmkz2mx
978,643,LINK,2,414136593,mamk27frgz1dvszjai96h7o5l0dxehsoztcgxkjg5ixmvaq7hyymalo2upn0pxv4
978,657,LINK,9,188124916,xgvj3j30ahp4hhfln7v2aoqkamwons9x6o69lq1fuv7103b81b95345vr8e3vkl1
978,905,LINK,6,98710485,mfmegm956iygtlfv6bvejkm53oditoaowxye7txmqzfunt3n8f17zcrb08k01bh8
979,438,LINK,10,473491877,k8tzscbk4d84q8cldq8l1ysekg10gto31r46u0881eyk3tivf2tkm32ndgf65v9m
980,936,LINK,4,778580648,ci48lkkdj5uszxbmdhko5xsjkwc5us1yxpx6z85u5fx40ic875cg3efnwkzdetmq
981,225,LINK,5,977532003,mazzq6mabs22ser7bgpprmjuygwxb1umq9bg3udg94i67hrniepgblenpnyecp6g
982,778,LINK,6,264620672,c5mtv1auaoo292072c1nlpz9fobof5jmsup0tju12jygmwvt7a3j209vn8wcnoqw
983,731,LINK,10,623530787,oc2snntz1n2iexngjifyqa5njs1mackooyf3w6rkalgc31mmv9jyzo1gluxugg3w
984,668,LINK,3,138063469,uzabn94lvvw861aqke1se6xftv1cbn6d24il4av1pur4e9ii0ftocp1l6er8lfwl
984,994,LINK,9,451609254,1tjiqc5bkrc8otgtc1qvh4kblithd1p1dwfbqp4i4g2z4au8rq23j2cgzqecvlry
985,32,LINK,3,383867000,rll2iko60vh3f6bn6zm4xapwfdio9gvirazmyusgwx0og3u99g7sgktykgegw7gx
985,487,LINK,7,299594347,zi9eez586r8m16yw4kdfqj8154w2b1kq4oemj7pkp8o4qxfm9741qe8v3rl3nqoj
985,843,LINK,5,503227339,fh8r4ardfhk2qjr65lyfhtrkpzecx6loq8c2pk365fcowt9ra71kyp5es7ybgwie
985,978,LINK,4,173732779,aq0apwzbrwbwhsl26lbcbml8vdiqsjrea6qt4k6uxevejf4cstckx5q6fu6ykr49
986,8,LINK,5,857292987,odez3cj546ujk9w5tcqgokqzjdw3gmsme849zby7jss9qq8ssyz6rfwqggscd0f3
986,169,LINK,1,485208168,djjjo79utm7a7aoqnraw8tvr1ohmp2gb31psizr2h4d1nvv2i0yhnqopo1fw3hnk
986,362,LINK,6,822219751,d0375c2q4524jumml9l30nczvu280byuiq9mrxy04ox7wxl4kzauptv7mrpw797p
986,491,LINK,10,500102335,nqrtqqs4fujo1pzjxmwxr8dt1ntb8mm6jh6yjffwcmfn9losddh14l19s2mb8omu
986,543,LINK,8,460620043,dp835cmqcrzs5y5lxdhuh04dmi3vo35pvzunu0h6283qf3zsbn0wfovtgppvnwfb
986,552,LINK,4,600901917,82omjvt99b1h83ee6rhipya6tf89lovaztcvpb9ubhqd3kv5hxcyaqycbs40l7gf
986,561,LINK,7,223151833,cq9xzgdc1vi20g4rkfbytw3kd3xzbvikpn4bm2b8wz0hysdxe479qevfwf8jridy
986,750,LINK,10,496803840,inw0u0j7slcdsgo2umyxqxbp10r3u2ajbe3ej646fcc5oc1wueuw7drx4yaz8gpx
986,861,LINK,3,710037524,01kwifhj96bo06xd63i3hz1nfbkxtj3f3vsc9jt6s8nco4yjhlrci3dwh6rdzmx0
986,867,LINK,1,679173932,scsbb98vwz9nm7yo09k5v4y54ndgasdyyquer49w0efu21x68h230i4g23ihlsw1
986,959,LINK,9,248606035,l9q7px1dtqya4hyd0hh1unofzglhx4zy9t6vkv6hk3kthqvpfmrmihg5h05ceh4q
987,329,LINK,7,83759786,iaaxgsx2uoq9ju90x0n8atst3igutim7nk6lv9kvg15kb3620xi2ca60ai4yq2x5
988,24,LINK,8,331561143,ytqyjo9qly8hgbgbyddzjr5361tg1xoooc3hyx9kq77c8ywgtmen6sav5wzmuok2
989,44,LINK,2,895251025,zqq12xxc7vudv4hmv0yz52m0kgukd46z18kiomn4cfja9ze331rl0j41udi2lq2q
989,469,LINK,9,798262320,3e0csel26rxanqlwpxl24kxywe7x6vmfi95ietkeq7jgm1go6zc7x2bf35qs1487
990,752,LINK,5,668725928,hivlnob6g3dcpp9j18d4yf6z3oei2sgcs0478xxebkt5mia6blgrxpcxm9diwn4c
991,538,LINK,6,982625070,5hezbx2siee4u0jpaj4tvudal1wox7jjh1l2jx43cwslwq0yfxgyecinms49e663
992,435,LINK,2,64297467,wr9k9fvqmwdcaycgph9s5522ltm8ew4iui2vc7vqlpb8n3n4h2fjqn08do0flln9
993,708,LINK,4,365458031,4xqhk407eiww2nl4044gbvrzc1u2rkw71sxb4ocxr7inybonpa9f8hgv7zov2zjh
994,102,LINK,3,463931909,g66xrb5legliwhqgqb9fwghi0l2fxu24n9fogzowryhnpnjypnh6avyn34cccd8d
994,780,LINK,10,258634292,0b6na0uedwn53cxnuu5y7qnr36vgx33cw58izpklur9ydmpnubeiiheizf8qasbj
995,999,LINK,5,736097996,dakwavazwy6kyn3zb9l36g63jtwmik5p4t7y4nq4074bvyvc8vbern4yg8y30obx
996,74,LINK,4,371429839,dam3alrwv1ymphd1jjwrzkti8bn50o6wea6ttgkjxy4e2jriv87ek2jw0d4mqg6t
997,291,LINK,1,457938437,odnis6k8bufpcnibp8clontxczhundkzxgm80j0rvnpuwfuctv2kyzb0vme8lrzq
998,156,LINK,7,381901828,s8z83dbii9mxle9bszpb3ozkri81rlci5sv7brfgbpmpjx0il5jl9fmr76khdqlz
999,3,LINK,7,780568189,eo9qbgmkpa7cqwahznn9eh4bsnk7gk3q4wo8sr08jew0wu25lgwavwr3lttrbsbm
999,4,LINK,10,52076186,scb0fiixgb0j3sbkee5s3hl9ica2jvod5l34dn8sz9yb7c99o8ukom1o5t3v0hz2
999,11,LINK,3,273978629,j1cr7qqyw9kwvl611pkmxge4f01sedk65wjt5q77q6rqflulfh78iqkq949sl80t
999,30,LINK,6,986094049,1szfpil2h20e1bjck9ko0yijcib13bvdsksdgzid0g5b4mywe7u60aj7ygxzcfcf
999,59,LINK,7,814959562,wfes5tj2t139a208im1ku41lyr1mmkgklrre9nc5l0wqihluqxn9nv6r88hucxmd
999,62,LINK,4,46723074,1lr4r0ld1psu84p4bnovb5dtyvnoln4dqbm4qqa8sjhdqg10fn199faw4t8stbhc
999,66,LINK,10,100306729,r1au2439u4d515724fy1b42y0t4ab3q7dgei0yt2kog8l94sr76316v2qz7cx32p
999,69,LINK,8,307854982,6l5ierzm5dkaqxr0b7e3mowf8f84twcry1d2mqsk15ehas84ba2vbvaf0jvkvqbf
999,78,LINK,3,454403688,xbcfnd47trbxp8tie7xblfyy19eautiv124u72fu3ohsnoapc9rkyjdm91wj99wq
999,82,LINK,2,544365793,bl8r6hb9kaaprf5ro5iovu0o9ewxyiha9y0sw9p00plgkeqzbpvkpg3iplnb0upu
999,87,LINK,10,899760885,yznv8ze0u9i5ww31ri2xyajhpc7akwxhmp2fb9qvgnsjo2zoiibkzmg6suygknsd
999,104,LINK,7,230398564,kxh8alhqbadrevmp8rd4p52vrfb8vy08pvrjcw6aauk5dho0l5k7rqx46vpcphrd
999,109,LINK,9,782776694,zxr2bx20fgpc3qtvpkev2kfnq5mc642mb9nybeew5ji3x35wxjg36df1ai6jof5j
999,122,LINK,1,591689530,mhg1wrzqvmpmglh0fkem5t590uph3ql0crx157qfp0tpgds75fuqydtel7maa5co
999,131,LINK,8,650730664,198tjck60jc8zoohucu37d9f0ajs3e09ysc8m1v3kiqkldrfoowi2illc2xmdvu2
999,134,LINK,4,289727594,aicb4xj5scdlmg3ui71mfzfz1e01l7nbla6944k3ofpkvju8o5i32ampc8if3jyx
999,157,LINK,5,909313214,s296warnmr74z4snclkr9ehkx68fwqglu8j0t8w3iny6o7vgsl968p7ow9sczo3b
999,158,LINK,9,883137967,uwy4w6dgivyl8m2szdk8u7oxtixz1oslye4ov6glj2z4ad8en2e5lau1pk3r2gn4
999,159,LINK,1,826678538,dig7ivpiekmzys6bhwwx29yabfy0somnz6s8h1qll7ryrhyruj8xs4dznuz2ctsn
999,179,LINK,10,864415791,lqsb502mr51er4vkyncr6m8iv6wi6eeetz03aqouj90rssu3ppqww7tqxn4y813o
999,189,LINK,8,527886867,bm8bbc8zwwfdp68msynxu07s68rzub172b8sw32j9ky1grwzcm204e7gbdl9rvk6
999,193,LINK,6,789482031,uis3akjbtfodb7mxd50p2gd9hnfib1lvfqeb6g0p3hg52y9rd8ezn9tly0tp78gu
999,197,LINK,8,354868638,7a4r00ncfpw96qkgx3fizq0o6dwsk7lnmtlzad1skabfpyl8b046hgyp1qnp89b7
999,202,LINK,8,71109034,bxh176roqje3jq70004rggnbi8aov0m7wa89k9bd282x62li8krhqtd1jxppi7ti
999,203,LINK,3,208843510,u7c06k350qvjfkyzb5xm2tha2cehrow17pg5o4y85ipke5utspslvghtuojrx8lu
999,204,LINK,5,695557678,34z8wz64im9gpcdjrf59b2610yr0yd75irgj0aokocq2xybmyjt4b5g63xvlry0m
999,205,LINK,9,220468187,g3iarpv7tg2cqe0tr0jm733gj05fymlsr2jla4fyxdkt3up72igqtphft1tvvvvx
999,214,LINK,5,618361943,qbilruop11nvlalauausjrw908e94zxacbqrilnivnnew2xpiofdnoedeqktqdtj
999,215,LINK,6,659919950,w8elto83kb79if8vbjg3poq0bk4ozg713qmutw24mznwnxp6gfbcwtrv7o3rwhvy
999,226,LINK,1,59409625,ypi0f24r4ad27c3supkoo1dsvc9867oxvzir66fwj1gasv7z1yt28x7qitlrfwhd
999,234,LINK,1,727567868,huougijcrxfzfkvrj8y3nvwozroohhcng73cmunlz6a37dmrz7ojcz2r09l5nip4
999,239,LINK,2,956167467,5uvjswcl40633ixsncwokl5wneat4zup2xco990f3u9sibw1pn8mv9t9jtp57wyz
999,242,LINK,3,329263238,7lvprvd5v355acugzitgfmvesadlqugesp5heokl9dx7tteowy43kw44sagatf99
999,243,LINK,10,197079952,undqiktimjrgjbvteptueto3y7thrzt24qgxccz8jzrbbdn44ro775ko8mscx3s0
999,248,LINK,9,707806381,04ykv6u8bsipnbscfn76a969etwcb7m9eo2nddf963btg8ayuyszq57mugjz022z
999,252,LINK,2,288372847,mqpiql6qhkictmdpm9z1l1wph0djo6du32ltdm9jkes5txowhx8ofkfbcgo738zn
999,266,LINK,3,937001757,zttt85neukos880ko69oz257p40lldr9gof4lm1ya5xoz16ixd01eg51n0sdcgsy
999,276,LINK,5,630192547,gn4rbwsomzbqd74tut0feunnxj63uet28obpo0jqy5f9enqcm0lteqn4m4g0rby3
999,281,LINK,6,147790572,086nkeuoy493hr0nfmqia27595vgwwikk4balzsugsyu64ee3onhkv8hd8viaii8
999,311,LINK,7,310822285,0n2l6uy19atpyck2booics8ajpknffpcxpa4vjuhz0ztpgbibamzag3x3op4t5pg
999,320,LINK,6,866549913,31k8jtpd1rebc5c5f83al41ooss175zbwi8pn0ruixzzlrrzd7fbs3z8881lxas7
999,323,LINK,6,503618431,my1und3pdy80mt7etw5gb24wsdzgo3jn55pc97dqh9onprhj6e85eq6b1xe6dbzu
999,328,LINK,9,998126716,bwi6zwnrikem1548q5nmgbr2unuw272wr9vgkqsuhesc41nv1vopw5t9chdfeh2j
999,329,LINK,5,157142259,idchiv66zslenvcsys9xgn38zd4074s15e9fmd2bfdu4uppl4vorxdw6bck58uuz
999,337,LINK,2,763982694,0u7mdgjyo7o1riqrxukd6pkgzo1gixotzlk1moi95oqi0ycevqzg37zi1yu8qier
999,344,LINK,7,920758277,lh9tkjri4vuunjzbm641t23y5ifl8iwcvlpco7riiqplfuemg8sxkpvn8zz7hac8
999,346,LINK,1,370921749,uyg1548nf6tbosql66fzq3fz65lneeug9h4b6kuah7fyl9b3lqt2swoyol9y2ub4
999,353,LINK,8,442897062,jivbq3ppv0w9bi2zi6skqwtreuq9vzcyb1ldn09b3mqit1u2n3pvm3njmuyqjs1v
999,356,LINK,6,24526215,4g9yfs21bnzr10wgwdr6zgxk8d0naiz3alisz0wpan46q3g5g844ghde72q8c6eq
999,357,LINK,2,153980556,xpoxtwf1kwqgxswqptsqpjt3le1uarxelisvbpugnbgsxu7xhnuvsjd6uut57z1m
999,364,LINK,8,923899372,krl4502azpkt00stpygnco6zz5iamtch8do5s75qiwa5v02j23c2fntgva08r7vs
999,380,LINK,8,431826646,cwytwl1f0bd2dzism8pbuhapdk90k9sijdr86whz8g2zzmnjgqamwro8748qprwh
999,393,LINK,6,313826859,cthlpexf8hrvzzwfhjy3ie8wxyj3r44zda2g4vwfim0ukzztqfqcsi2rxdenx4w8
999,400,LINK,10,827058854,6k1ty7zf4jvmuv190he2r3u7ojbslon59riwifvtwobbyo206nvjv1yrcok4ze2e
999,402,LINK,3,302758599,38qqu8p0cwa3s23pqpvydn5z8aeds1imd8f5tybiy1s2kqkbe9u8pjlzhvjwr6z7
999,405,LINK,8,474466995,6ga8keiq45bfuofr6z76led07rfcqk2akdbebfsu2je2vy91ci55uan0l6ux6i0f
999,417,LINK,6,422259081,zsva7j0ha5ghlwus694ajh9tx9jhu2ksashgyniswriwbl9cr9in2jgqnrmng12a
999,418,LINK,6,949517331,lwbc8lui8wxqq1kf5bdm4o3by9exhwdhymmwxdfvafot4bhnqkziqppuval4sth2
999,426,LINK,5,915814538,7zhwizx42nmxs2hkd9kjesahcmg4jt19fzduzhk2kg4j8dmaroryz76ye2cx4b5a
999,444,LINK,3,493294170,vwcz1e0w4d8uiu3ooj7uctk2sf8yvprt6ztbv63ue97jb24vnol3etoafu2zl4b6
999,452,LINK,1,90655169,r6trizdl47q2j6ss58ausa0cpp1ixsnkr5wje50ucs9qi1xqlu3otirtyxzth7ce
999,460,LINK,8,834472276,8o5p67icgubejlfqjpp4jofjii963pa0eel61xdqskftapumlqnyknblm8lnytca
999,461,LINK,2,735427102,m3kt7iqkwv0bp66rlftivtq7cpjtjchom1h42yz38baqw1222qeafeovxihm1sdc
999,471,LINK,9,823424440,yf4ao2sft22fahcoqxqqo6d6qqk3zypzfo8s0m96t7h2xrxfn7hkkwt0o7donlv1
999,475,LINK,6,891437348,9pcwxzu5lhmbhupzqkb9b11z1inv0yxhnpyroftwl15a46n6fxuuglra3rfw0hnw
999,482,LINK,3,920163748,111z0i039jp9sufkioc0u780k1gqvw2akp0mr7vzkd9hbmqsna8vxu1udro1kl9y
999,484,LINK,5,38154024,z9jmejso4d9bayvbqye7c9rh69zijilqlztngitxraab9y6o4uui8ontexfxh1xx
999,487,LINK,6,403299991,yvw7gsq867ka3z1160v20nrdpajqhu5p7f4llr7vjw4yuzq0mrcd5q7rr2128xxc
999,491,LINK,5,191236255,srvgclrhprgdtajlf741vqlo2otrfqqls7m9safbeyeycy18mxxqag4v9mgkh397
999,499,LINK,7,77034457,cegi04tj4kqr2rfed6npra52wadxp9p0qymw66fpwnx9d7a6q9tkuz37nkugd5li
999,503,LINK,5,102064527,2kl6eut2ktislr9h4iaf7w0ofi4vfy4aznfkvsao5v79puz8n5pujxxs5jij9cfk
999,504,LINK,5,560739637,9a1t7dljprw7t5tw6pxf1bvorl9xalzi4j3cz3s9gskv5xwyfj0acte09l46qp8r
999,512,LINK,5,208038442,pscarur2onw8buih20mmr6jmdy8n8kn6hqydqf5d785w173d9qciggicnvaqqp78
999,522,LINK,8,251729959,dnfhruvhfxi98erdvrk3qzyfr5zs658c35nfyikjay4pb7vk7dnk8h721uwr6n7k
999,526,LINK,8,38719578,prkjc2ot8bn464fqdu798yd8zrtm0t0ap00qpeszy4h8b8jv5fimrhaxzljeurq9
999,527,LINK,1,88549901,0ypwbeo7zqo2rxl56qd036sci5di1jcublduhvna47bhdzzz99yetj0ysus6larn
999,528,LINK,3,760827674,m53y0n69j1kvmvlhp8ksj7acvd6papbygqmdq45le4efyou7gebyvhmg7kkrx5j5
999,535,LINK,5,695907628,px8bvmutkvq4v12al2c2yubgxtmp7wtwtpzblxvvbjwaa371lnordxu3sewha1vg
999,539,LINK,10,614662780,4bspndm76vjjbk739mreunu4tm1l4xbfrd3p4vqdul7sf0twwh1830f4fir3z297
999,540,LINK,6,458651372,rhecpcq7qg6fbe1n1kjl053du891qp9o93kpls2qltia4ostprxltsgfqw6v1w2q
999,543,LINK,6,641087365,uay5jzaotusbqvejn7s30utecnlt4zzcfjviritk0xbv6dob0pqoovadf8a5w8gk
999,544,LINK,7,782852333,i3j9ruy6k71s417m9iqz953tdueypd0s33a40e6lslghv7u8dwhn1hj5pta146ww
999,553,LINK,4,556221186,6am6n0z4hlxu9zqi8apa1um9c9mhrcuv29tqej8p9j47qy2ltcznm4nhjezowgh3
999,558,LINK,1,754048027,gtznt29hr15o8fqm9h5uxsl8ez3gtssgacbejz8saleeyz2v5p7xijn906go7c8z
999,561,LINK,6,302404704,lbia1icknsq3t2muucw76cubwca6q7ghrg7t4xgtm0i7gkxf77pd28jmf763ezkl
999,563,LINK,7,925264265,cqiq0yy2b2cr9ixgark4rx8ufvpxnltkn6cv5nnp1fj3qjsdbmeowysxpm8rexln
999,572,LINK,6,512935629,v8t5fdyncxoug8q938q786lvsj7go1csmxs0szrjky1yevxbvoqfactxr6f5157h
999,593,LINK,1,723090138,6fdwq0qrd09hnd8h21vi0apqu29wsi4d6vte7vqznxnbcpu8uh2rs7bkf1hoqk9y
999,609,LINK,8,571966699,alyue2d6bag04lru6k9h7aqnfzi7dh8w88lnaksgjyt68naev7hvr14gbzppwpio
999,613,LINK,1,533592737,kd6i9w4cnigc0miyslpo8g23s18804492bmqt0jd5demtdxt13v0ue2x0edc3sp0
999,615,LINK,2,479845688,9qcfkk52kr8slw1v1o2hj1lgsk1ypiulh5b0lyl0dlsd169p0zpwyemzjxt23t3v
999,632,LINK,5,915519962,uti3vt1ycnkzmar12yar1jz31p7fn2d7n65yik39z1ufme1g0kpks5pv5x2jqb7j
999,638,LINK,3,357746298,wcrdnlh2br9clnpouy68q481r7koh5fy3bn47drqa6xsc68grgvfbval6swy06pd
999,644,LINK,6,352493779,zaycq8xcioo0eetx2vjlpznraojafsr8cavsd3b2kdsicfxey4yjuhi4h53mies2
999,655,LINK,1,997808599,ogo4gzqy8ji1b9jiscff9snamd4bh5puqgycnxl6724focxtrqs1bcxhozx7s0ux
999,660,LINK,4,955318690,tr94yzw668bzvgodmcrqf927xfiiy7aqrhsi9wbd5ptes5kr5h65zczhhh3c2iwd
999,662,LINK,7,976606358,2zef3mmmch46hprtjnj77ncsum0xchirvagvm1tkc1id8nk2bds20z8ldwh6sddf
999,667,LINK,5,740899485,0sntrcax36taqmgi0sw2m2jp746nw5elzkus7ch37hydb9hb9oqhhmw5rp21lcro
999,672,LINK,9,612586997,fadxdhjzslybqifc47s2fsht3fgxi75govry569gzuky9ez4y55on8w70fotchih
999,676,LINK,9,295834221,2o4ceg54dgxry1m4ys9ckoy7jcspq3hf09krx4hf0n5khnujgfo75q84xkxwlsd5
999,682,LINK,10,91793226,c10s30ag4iy6un1pn2exeq7rovjt8k5db8i6ackhjljv3bs32tdf3sl7wzuwp80s
999,696,LINK,3,816904458,94zoytf8lek3rr7qz5g1suzmnoyzw9adc71ueu60xv3qn95668qilzx0qfq2f93g
999,703,LINK,7,131430167,oqs6nosnxjf68n6euc2dpe3sxagwcg8rsswb53l0cxbbdwjw78ia9inx5hkb38rn
999,708,LINK,9,38793414,8pt326k2vpc7punswzes02cwhx25cm1j5ij3h2nva0bh06qkordft0q6tjiaphn3
999,716,LINK,4,896558669,ksb85kmqp5e9olom0gjjb1wmlrskzq0hgmgf8bil2qiotna8oje140gl1fu1mfqj
999,719,LINK,5,641497274,pjbk10vyb20z66a7kup3gx75c45p5s2iiant7s53o5l0e67s8vd5ovttceo7r5z3
999,722,LINK,9,733024165,ggy7n61cmluf5uobuliq9qda5pcdwicmvucwgvwxq906xbkqpjaiq92hoy7qfzwa
999,726,LINK,7,600617248,n3xz9xr9za00aj1o37qq17lu3yalpt11ulfboqf55rp1rf8gnqu1r7mkfj9e8bqg
999,735,LINK,7,284706641,r1kwqf3ul74zg6sbtloltb2i8459a8ffkxvs0s39qgzt9msn4ebmiv2o2r7xbwh2
999,749,LINK,9,767358007,3fo00lmjjr8opfkuy2nt3lie41wh027zy4aqwciqa9or1w9krv1adpehxklzrgtx
999,759,LINK,4,634003864,iw9c62wi93nyhi078rv26hxozer9ipkvdng8vzbsog7glum6wpkeql694770bf5a
999,762,LINK,10,767070069,o35yeus2yun6f6vbmcbwkau2n6tn9thtk3asizo96tfb02fd4ktid0qa3d02hukw
999,763,LINK,1,428746096,5zs7t65cucdg8d2hd3pxl1eh94uyst69jse4xbelyz01fbgq8ilwob596enencup
999,778,LINK,7,483172164,kkbfka5fc6u63mn31y8cnm5rwrg6proyu2ze0rbcbq3v4tzcj8xdztrafpt2839h
999,782,LINK,9,5277617,a9dwcvo724p3ms51405osiies3t1jtagqhp7plh89ub1bb8sho6ax64c52tujcrc
999,785,LINK,4,980643742,jz5dz8c10xcx8i3vcvoa31y56rijfgj2mbh3s9kqa3sdzy06d6dxjl8nsejw0u68
999,793,LINK,9,158025133,v5iixo755xjc26n8ca6hzhtydlrj7vpm8ls38q86qk8vz4l4ppp3lwtk9yxejqny
999,794,LINK,4,956363147,m9vkwxg6g9gwrny7e764to015yqmjvd5ynxsrtl6536qq71wg7rcuhhzj620vlej
999,798,LINK,8,565637735,zjvthyd2d1upqw4mf4nlwugyhjwkj7071m7ab7ykrjkc9l2ixx4ujbiu3zgaoqk2
999,806,LINK,3,113601339,yv18h72qdhrm7h0i9saxztnnq1fmi9byyr3sbfz8w67plm1vv1lxx9b24aiohtwg
999,809,LINK,10,415442620,6qjnhgshcpgsp31n7twg1g0m5udcskyybbd1xvavpvwrtxjj5su3w9d846etvufv
999,811,LINK,6,635725039,5fj7oivow31z6mf7cy0z078xxp2o9qcik93yv4qz2dy30lfcmgbtzeonf55o3q9z
999,823,LINK,8,142442534,vgrprmlsz3l0juytvi9ntj77u2n7laaqtqrkgtz34etcn6sdvagxfvnlq2amz1r3
999,842,LINK,7,23793924,otnsp15znnhvgn5avnyb1fphe2g0zqlrgildi1ntffxjuvhge90aqkoqh85lmggh
999,854,LINK,9,778396355,kxbwqkfsrrgqxtfgosyx55t9l5m8hwfn0n2carxiyih5svit5e83cnnposgkf1ra
999,869,LINK,1,373039121,kgjq8e2y7qwpycx8mvwm1wfnxf63laqdgy8eqjad8c7d7coev3bquarl51kerl3d
999,874,LINK,3,138708623,5fe416ffaetl6faag98nirdvm6chga54wi458sgo4d9efxpg5ijx56cia4x7ah8p
999,896,LINK,1,17427969,5ocvkicv7f8vy71eiuy826gcvihlgeq6p9eiofk7v6w57mne5t5k2gw958l6cfyi
999,904,LINK,2,443493114,c63nxaspmwyhy8xeladm7mm9ao4o6tulzsjxhlijqt0ji8o3lkrkza4fv6fi0dqe
999,910,LINK,6,489061219,ixkz2stcwg4aapbo9czirr5b9emzkm9gd7mtnbn1sd7mpdfyn26ix1zsqmzn6hxo
999,917,LINK,9,292802499,o0wlw14hf6tb0z5c3kncwyrksxq9xqyqkm4fhqbs2q6kizibl2tmmijpns6osz86
999,924,LINK,7,798105796,i11s5scvtoeqo7trmyjk65lq8g7biz2mnts4m328sxcr2rq2n85g1olgrb6d9gkl
999,925,LINK,9,611704255,1xrgi6xt9r5cnqmo970guzam4epc4007ghrrgdgdzfjw76437cug07m8yrrepuhw
999,929,LINK,5,784106910,7cu66bqpbdpcxq5szwz9ponh6m1a01jkwyr6q3175k9jl2sgajh3xjptl7jqao7j
999,936,LINK,7,181089390,hi2ifdkgy5izfhtqgaoek57qdb4l9x6fgdv8poaig0rgwtxl8qb4mdk0jsd6wbb5
999,948,LINK,8,496080000,x8zv92ueto6y4r0uup06fk7f5h2av672ur88jjck9sazs97ontuc6a5dtyvafs39
999,956,LINK,6,307537547,rz0mle9yt1vt4wocvjiized9cz1yty43s1qmms12a9h78aeha4k1ng9n6uvdel7s
999,965,LINK,9,377504623,dxcfqdegsey4sxib6a311ul1smfq5rfbqw3mabqocyiti8xovzvotn26pc9uy2fh
999,972,LINK,6,679762579,9e0tgeh3cend3val90vlzgp7af0foluyamcicw2b08ty9fl1zylq1b8h5julpmch
999,975,LINK,7,923195513,xl36qhmyncoh1lyyb9c8zjn4a9sd5nztmctip3dr59xpqq9jbfstyz6jec53qpeq
999,979,LINK,5,935262639,kdujz6pr9pxvhjsopxyotkt6st42wm5a1mz0m1xqq1b7yyzvnucda3m1di5g93bs
